--
-- Дамп данных таблицы `purchase`
--

INSERT INTO `purchase` (`id`, `supplier_id`, `warehouse_id`, `name`, `date_create`, `date_complete`, `state`) VALUES
(1, 2, 5, 'Новая поставка с 23.01.2018 21:47:32', '2018-01-23 21:47:32', '2018-01-23 21:52:01', 1),
(2, 4, 4, 'Новая поставка с 23.01.2018 22:02:35', '2018-01-23 22:02:35', '2018-01-23 22:04:09', 1),
(3, 3, 3, 'Новая поставка с 23.01.2018 22:04:38', '2018-01-23 22:04:38', '2018-01-23 22:05:13', 1),
(4, 1, 2, 'Новая поставка с 23.01.2018 22:05:40', '2018-01-23 22:05:40', '2018-01-23 22:06:43', 1),
(5, 2, 1, 'Новая поставка с 23.01.2018 22:07:10', '2018-01-23 22:07:10', '2018-01-23 22:07:28', 1),
(6, 2, 1, 'Новая поставка с 23.01.2018 22:08:15', '2018-01-23 22:08:15', NULL, 0),
(7, 1, 2, 'Новая поставка с 23.01.2018 22:08:25', '2018-01-23 22:08:25', NULL, 0),
(8, 3, 3, 'Новая поставка с 23.01.2018 22:08:33', '2018-01-23 22:08:33', NULL, 0),
(9, 4, 4, 'Новая поставка с 23.01.2018 22:08:40', '2018-01-23 22:08:40', NULL, 0),
(10, 5, 5, 'Новая поставка с 23.01.2018 22:08:46', '2018-01-23 22:08:46', NULL, 0);

--
-- Дамп данных таблицы `purchase_overhead_cost`
--

INSERT INTO `purchase_overhead_cost` (`id`, `purchase_id`, `overhead_cost_id`) VALUES
(1, 1, 2),
(2, 4, 4);

--
-- Дамп данных таблицы `purchase_product`
--

INSERT INTO `purchase_product` (`id`, `product_id`, `purchase_id`, `quantity`, `cost`, `tax`, `overhead_cost_id`, `prepayment`, `currency_id`) VALUES
(1, 3, 1, 6, 5.00, 0.50, 1, 3, 1),
(2, 4, 1, 6, 4.50, NULL, NULL, 3, 1),
(3, 8, 2, 120, 6.50, NULL, 3, 3, 1),
(4, 5, 3, 30, 4.50, NULL, NULL, 3, 1),
(5, 6, 3, 30, 5.50, NULL, NULL, 3, 1),
(6, 1, 4, 15, 7.00, NULL, NULL, 3, 1),
(7, 2, 4, 15, 9.50, NULL, NULL, 3, 1),
(8, 3, 5, 3, 5.00, NULL, NULL, 3, 1),
(9, 4, 5, 3, 4.50, NULL, NULL, 3, 1),
(10, 3, 6, 243, 5.00, NULL, NULL, 3, 1),
(11, 4, 6, 123, 4.50, NULL, NULL, 3, 1),
(12, 1, 7, 495, 12.00, NULL, NULL, 3, 1),
(13, 2, 7, 135, 14.50, NULL, NULL, 3, 1),
(14, 5, 8, 90, 4.50, NULL, NULL, 3, 1),
(15, 6, 8, 150, 5.50, NULL, NULL, 3, 1),
(16, 7, 9, 240, 7.00, NULL, NULL, 3, 1),
(17, 8, 9, 240, 8.00, NULL, NULL, 3, 1),
(18, 9, 10, 60, 9.00, NULL, NULL, 3, 1),
(19, 10, 10, 60, 9.50, NULL, NULL, 3, 1);
