-- MySQL dump 10.13  Distrib 8.0.20, for Linux (x86_64)
--
-- Host: ingello.com    Database: forma
-- ------------------------------------------------------
-- Server version	5.7.30

/*!40101 SET @OLD_CHARACTER_SET_CLIENT=@@CHARACTER_SET_CLIENT */;
/*!40101 SET @OLD_CHARACTER_SET_RESULTS=@@CHARACTER_SET_RESULTS */;
/*!40101 SET @OLD_COLLATION_CONNECTION=@@COLLATION_CONNECTION */;
/*!50503 SET NAMES utf8mb4 */;
/*!40103 SET @OLD_TIME_ZONE=@@TIME_ZONE */;
/*!40103 SET TIME_ZONE='+00:00' */;
/*!40014 SET @OLD_UNIQUE_CHECKS=@@UNIQUE_CHECKS, UNIQUE_CHECKS=0 */;
/*!40014 SET @OLD_FOREIGN_KEY_CHECKS=@@FOREIGN_KEY_CHECKS, FOREIGN_KEY_CHECKS=0 */;
/*!40101 SET @OLD_SQL_MODE=@@SQL_MODE, SQL_MODE='NO_AUTO_VALUE_ON_ZERO' */;
/*!40111 SET @OLD_SQL_NOTES=@@SQL_NOTES, SQL_NOTES=0 */;

--
-- Table structure for table `accessory`
--

DROP TABLE IF EXISTS `accessory`;
/*!40101 SET @saved_cs_client     = @@character_set_client */;
/*!50503 SET character_set_client = utf8mb4 */;
CREATE TABLE `accessory` (
  `id` int(11) NOT NULL AUTO_INCREMENT,
  `entity_class` varchar(255) DEFAULT NULL,
  `entity_id` int(11) DEFAULT NULL,
  `user_id` int(11) DEFAULT NULL,
  PRIMARY KEY (`id`)
) ENGINE=InnoDB AUTO_INCREMENT=9021 DEFAULT CHARSET=utf8;
/*!40101 SET character_set_client = @saved_cs_client */;

--
-- Dumping data for table `accessory`
--

LOCK TABLES `accessory` WRITE;
/*!40000 ALTER TABLE `accessory` DISABLE KEYS */;
INSERT INTO `accessory` (`id`, `entity_class`, `entity_id`, `user_id`) VALUES (1,'forma\\modules\\country\\records\\Country',6,1),(2,'forma\\modules\\customer\\records\\Customer',6,1),(3,'forma\\modules\\customer\\records\\Customer',7,1),(23,'forma\\modules\\customer\\records\\Customer',11,1),(25,'forma\\modules\\product\\records\\Manufacturer',6,1),(26,'forma\\modules\\product\\records\\Type',3,1),(59,'forma\\modules\\customer\\records\\Customer',23,1),(62,'forma\\modules\\product\\records\\Type',5,1),(69,'forma\\modules\\customer\\records\\Customer',27,1),(70,'forma\\modules\\customer\\records\\Customer',28,1),(71,'forma\\modules\\customer\\records\\Customer',29,1),(115,'forma\\modules\\customer\\records\\Customer',59,1),(117,'forma\\modules\\customer\\records\\Customer',60,1),(118,'forma\\modules\\product\\records\\Type',9,1),(119,'forma\\modules\\product\\records\\Type',10,1),(120,'forma\\modules\\product\\records\\Manufacturer',8,1),(121,'forma\\modules\\product\\records\\Type',11,1),(122,'forma\\modules\\product\\records\\Type',12,1),(123,'forma\\modules\\product\\records\\Type',13,1),(124,'forma\\modules\\product\\records\\Type',14,1),(125,'forma\\modules\\product\\records\\PackUnit',4,1),(126,'forma\\modules\\product\\records\\PackUnit',5,1),(131,'forma\\modules\\supplier\\records\\Supplier',6,1),(132,'forma\\modules\\product\\records\\Currency',4,1),(133,'forma\\modules\\product\\records\\Currency',5,1),(134,'forma\\modules\\product\\records\\Currency',6,1),(135,'forma\\modules\\product\\records\\TaxRate',4,1),(136,'forma\\modules\\product\\records\\TaxRate',5,1),(138,'forma\\modules\\product\\records\\TaxRate',6,1),(182,'forma\\modules\\vacancy\\records\\Vacancy',1,1),(183,'forma\\modules\\vacancy\\records\\Vacancy',2,1),(184,'forma\\modules\\vacancy\\records\\Vacancy',3,1),(185,'forma\\modules\\vacancy\\records\\Vacancy',4,1),(186,'forma\\modules\\worker\\records\\Worker',1,1),(187,'forma\\modules\\worker\\records\\Worker',2,1),(188,'forma\\modules\\worker\\records\\Worker',3,1),(189,'forma\\modules\\worker\\records\\Worker',4,1),(190,'forma\\modules\\worker\\records\\Worker',5,1),(191,'forma\\modules\\worker\\records\\Worker',6,1),(192,'forma\\modules\\worker\\records\\Worker',7,1),(193,'forma\\modules\\worker\\records\\Worker',8,1),(199,'forma\\modules\\customer\\records\\Customer',78,1),(239,'forma\\modules\\supplier\\records\\Supplier',8,1),(328,'forma\\modules\\project\\records\\project\\Project',2,1),(329,'forma\\modules\\project\\records\\project\\Project',3,1),(330,'forma\\modules\\project\\records\\project\\Project',4,1),(331,'forma\\modules\\project\\records\\project\\Project',5,1),(332,'forma\\modules\\project\\records\\project\\Project',6,1),(333,'forma\\modules\\project\\records\\project\\Project',7,1),(334,'forma\\modules\\project\\records\\project\\Project',8,1),(335,'forma\\modules\\project\\records\\project\\Project',9,1),(336,'forma\\modules\\project\\records\\project\\Project',10,1),(337,'forma\\modules\\project\\records\\project\\Project',11,1),(338,'forma\\modules\\project\\records\\project\\Project',12,1),(339,'forma\\modules\\project\\records\\project\\Project',31,1),(340,'forma\\modules\\customer\\records\\Customer',99,1),(341,'forma\\modules\\worker\\records\\Worker',30,1),(342,'forma\\modules\\vacancy\\records\\Vacancy',36,1),(343,'forma\\modules\\project\\records\\project\\Project',32,1),(344,'forma\\modules\\worker\\records\\Worker',31,1),(383,'forma\\modules\\hr\\records\\interview\\Interview',27,1),(385,'forma\\modules\\customer\\records\\Customer',101,1),(389,'forma\\modules\\customer\\records\\Customer',102,1),(390,'forma\\modules\\worker\\records\\Worker',32,1),(392,'forma\\modules\\project\\records\\project\\Project',33,1),(394,'forma\\modules\\hr\\records\\interview\\Interview',28,1),(396,'forma\\modules\\vacancy\\records\\Vacancy',37,1),(397,'forma\\modules\\hr\\records\\interview\\Interview',29,1),(402,'forma\\modules\\hr\\records\\interview\\Interview',30,1),(406,'forma\\modules\\hr\\records\\interview\\Interview',31,1),(513,'forma\\modules\\vacancy\\records\\Vacancy',38,1),(911,'forma\\modules\\selling\\records\\selling\\Selling',142,1),(912,'forma\\modules\\selling\\records\\selling\\Selling',143,1),(913,'forma\\modules\\worker\\records\\Worker',79,1),(914,'forma\\modules\\worker\\records\\Worker',80,1),(915,'forma\\modules\\worker\\records\\Worker',81,1),(916,'forma\\modules\\hr\\records\\interview\\Interview',101,1),(931,'forma\\modules\\selling\\records\\selling\\Selling',153,1),(932,'forma\\modules\\selling\\records\\selling\\Selling',154,1),(933,'forma\\modules\\selling\\records\\selling\\Selling',155,1),(934,'forma\\modules\\selling\\records\\selling\\Selling',156,1),(937,'forma\\modules\\selling\\records\\selling\\Selling',158,1),(938,'forma\\modules\\selling\\records\\selling\\Selling',159,1),(939,'forma\\modules\\selling\\records\\selling\\Selling',160,1),(940,'forma\\modules\\selling\\records\\selling\\Selling',161,1),(941,'forma\\modules\\selling\\records\\selling\\Selling',162,1),(942,'forma\\modules\\selling\\records\\selling\\Selling',163,1),(943,'forma\\modules\\selling\\records\\selling\\Selling',164,1),(944,'forma\\modules\\selling\\records\\selling\\Selling',165,1),(945,'forma\\modules\\selling\\records\\selling\\Selling',166,1),(946,'forma\\modules\\selling\\records\\selling\\Selling',167,1),(947,'forma\\modules\\selling\\records\\selling\\Selling',168,1),(948,'forma\\modules\\selling\\records\\selling\\Selling',169,1),(949,'forma\\modules\\selling\\records\\selling\\Selling',170,1),(950,'forma\\modules\\selling\\records\\selling\\Selling',171,1),(951,'forma\\modules\\selling\\records\\selling\\Selling',172,1),(952,'forma\\modules\\selling\\records\\selling\\Selling',173,1),(953,'forma\\modules\\selling\\records\\selling\\Selling',174,1),(954,'forma\\modules\\selling\\records\\selling\\Selling',175,1),(955,'forma\\modules\\selling\\records\\selling\\Selling',176,1),(956,'forma\\modules\\selling\\records\\selling\\Selling',177,1),(957,'forma\\modules\\selling\\records\\selling\\Selling',178,1),(958,'forma\\modules\\selling\\records\\selling\\Selling',179,1),(959,'forma\\modules\\selling\\records\\selling\\Selling',180,1),(960,'forma\\modules\\selling\\records\\selling\\Selling',181,1),(961,'forma\\modules\\selling\\records\\selling\\Selling',182,1),(962,'forma\\modules\\selling\\records\\selling\\Selling',183,1),(963,'forma\\modules\\selling\\records\\selling\\Selling',184,1),(964,'forma\\modules\\selling\\records\\selling\\Selling',185,1),(965,'forma\\modules\\selling\\records\\selling\\Selling',186,1),(1015,'forma\\modules\\selling\\records\\selling\\Selling',190,1),(1016,'forma\\modules\\project\\records\\projectvacancy\\ProjectVacancy',89,1),(1017,'forma\\modules\\worker\\records\\Worker',85,1),(1018,'forma\\modules\\hr\\records\\interview\\Interview',104,1),(1019,'forma\\modules\\project\\records\\projectvacancy\\ProjectVacancy',90,1),(1020,'forma\\modules\\hr\\records\\interview\\Interview',105,1),(1021,'forma\\modules\\worker\\records\\Worker',86,1),(1022,'forma\\modules\\hr\\records\\interview\\Interview',106,1),(1023,'forma\\modules\\worker\\records\\Worker',87,1),(1024,'forma\\modules\\hr\\records\\interview\\Interview',107,1),(1025,'forma\\modules\\worker\\records\\Worker',88,1),(1026,'forma\\modules\\hr\\records\\interview\\Interview',108,1),(1027,'forma\\modules\\project\\records\\projectvacancy\\ProjectVacancy',91,1),(1028,'forma\\modules\\worker\\records\\Worker',89,1),(1029,'forma\\modules\\hr\\records\\interview\\Interview',109,1),(1030,'forma\\modules\\worker\\records\\Worker',90,1),(1031,'forma\\modules\\hr\\records\\interview\\Interview',110,1),(1032,'forma\\modules\\worker\\records\\Worker',91,1),(1033,'forma\\modules\\hr\\records\\interview\\Interview',111,1),(1034,'forma\\modules\\selling\\records\\selling\\Selling',191,1),(1035,'forma\\modules\\customer\\records\\Customer',113,1),(1036,'forma\\modules\\selling\\records\\selling\\Selling',192,1),(1084,'forma\\modules\\selling\\records\\selling\\Selling',217,1),(1103,'forma\\modules\\selling\\records\\selling\\Selling',227,1),(1105,'forma\\modules\\worker\\records\\Worker',92,1),(1106,'forma\\modules\\selling\\records\\strategy\\Strategy',5,1),(1107,'forma\\modules\\selling\\records\\talk\\Request',35,1),(1108,'forma\\modules\\selling\\records\\talk\\Answer',40,1),(1114,'forma\\modules\\hr\\records\\interview\\Interview',113,1),(1137,'forma\\modules\\selling\\records\\talk\\Request',37,1),(1138,'forma\\modules\\selling\\records\\talk\\Answer',48,1),(1139,'forma\\modules\\selling\\records\\talk\\Answer',49,1),(1140,'forma\\modules\\selling\\records\\talk\\Request',38,1),(1142,'forma\\modules\\selling\\records\\talk\\Answer',50,1),(1145,'forma\\modules\\selling\\records\\requeststrategy\\RequestStrategy',36,1),(1146,'forma\\modules\\selling\\records\\requeststrategy\\RequestStrategy',37,1),(1158,'forma\\modules\\hr\\records\\interview\\Interview',121,1),(1159,'forma\\modules\\hr\\records\\interview\\Interview',122,1),(1160,'forma\\modules\\hr\\records\\interview\\Interview',123,1),(1161,'forma\\modules\\hr\\records\\interview\\Interview',124,1),(1162,'forma\\modules\\hr\\records\\interview\\Interview',125,1),(1163,'forma\\modules\\hr\\records\\interview\\Interview',126,1),(1164,'forma\\modules\\hr\\records\\interview\\Interview',127,1),(1211,'forma\\modules\\hr\\records\\interview\\Interview',132,1),(1212,'forma\\modules\\project\\records\\projectvacancy\\ProjectVacancy',98,1),(1213,'forma\\modules\\selling\\records\\talk\\Answer',58,1),(1220,'forma\\modules\\hr\\records\\interview\\Interview',133,1),(1228,'forma\\modules\\purchase\\records\\purchase\\Purchase',17,1),(1230,'forma\\modules\\inventorization\\records\\Inventorization',1,1),(1248,'forma\\modules\\hr\\records\\interview\\Interview',134,1),(1249,'forma\\modules\\vacancy\\records\\Vacancy',83,1),(1250,'forma\\modules\\worker\\records\\Worker',113,1),(1251,'forma\\modules\\project\\records\\projectvacancy\\ProjectVacancy',109,1),(1252,'forma\\modules\\project\\records\\projectvacancy\\ProjectVacancy',110,1),(1253,'forma\\modules\\hr\\records\\interview\\Interview',135,1),(1254,'forma\\modules\\selling\\records\\selling\\Selling',228,1),(1256,'forma\\modules\\hr\\records\\interview\\Interview',136,1),(1257,'forma\\modules\\selling\\records\\selling\\Selling',229,1),(1258,'forma\\modules\\selling\\records\\selling\\Selling',230,1),(1259,'forma\\modules\\selling\\records\\selling\\Selling',231,1),(1260,'forma\\modules\\selling\\records\\selling\\Selling',232,1),(1261,'forma\\modules\\selling\\records\\selling\\Selling',233,1),(1262,'forma\\modules\\hr\\records\\interview\\Interview',137,1),(1263,'forma\\modules\\worker\\records\\Worker',114,1),(1264,'forma\\modules\\worker\\records\\Worker',115,1),(1265,'forma\\modules\\worker\\records\\Worker',116,1),(1269,'forma\\modules\\selling\\records\\selling\\Selling',234,1),(1270,'forma\\modules\\selling\\records\\selling\\Selling',235,1),(1271,'forma\\modules\\purchase\\records\\purchase\\Purchase',18,1),(1272,'forma\\modules\\purchase\\records\\purchase\\Purchase',5,1),(1273,'forma\\modules\\hr\\records\\interview\\Interview',138,1),(1279,'forma\\modules\\customer\\records\\Customer',148,1),(1280,'forma\\modules\\customer\\records\\Customer',149,1),(1281,'forma\\modules\\customer\\records\\Customer',150,1),(1282,'forma\\modules\\customer\\records\\Customer',151,1),(1283,'forma\\modules\\customer\\records\\Customer',152,1),(1284,'forma\\modules\\customer\\records\\Customer',153,1),(1285,'forma\\modules\\selling\\records\\selling\\Selling',236,1),(1286,'forma\\modules\\customer\\records\\Customer',154,1),(1287,'forma\\modules\\selling\\records\\selling\\Selling',237,1),(1288,'forma\\modules\\customer\\records\\Customer',155,1),(1289,'forma\\modules\\selling\\records\\selling\\Selling',238,1),(1290,'forma\\modules\\customer\\records\\Customer',156,1),(1291,'forma\\modules\\selling\\records\\selling\\Selling',239,1),(1292,'forma\\modules\\customer\\records\\Customer',157,1),(1293,'forma\\modules\\selling\\records\\selling\\Selling',240,1),(1294,'forma\\modules\\customer\\records\\Customer',158,1),(1295,'forma\\modules\\selling\\records\\selling\\Selling',241,1),(1296,'forma\\modules\\customer\\records\\Customer',159,1),(1297,'forma\\modules\\selling\\records\\selling\\Selling',242,1),(1298,'forma\\modules\\customer\\records\\Customer',160,1),(1299,'forma\\modules\\selling\\records\\selling\\Selling',243,1),(1300,'forma\\modules\\customer\\records\\Customer',161,1),(1301,'forma\\modules\\selling\\records\\selling\\Selling',244,1),(1302,'forma\\modules\\customer\\records\\Customer',162,1),(1303,'forma\\modules\\selling\\records\\selling\\Selling',245,1),(1304,'forma\\modules\\customer\\records\\Customer',163,1),(1305,'forma\\modules\\selling\\records\\selling\\Selling',246,1),(1306,'forma\\modules\\customer\\records\\Customer',164,1),(1307,'forma\\modules\\selling\\records\\selling\\Selling',247,1),(1308,'forma\\modules\\customer\\records\\Customer',165,1),(1309,'forma\\modules\\selling\\records\\selling\\Selling',248,1),(1310,'forma\\modules\\customer\\records\\Customer',166,1),(1311,'forma\\modules\\selling\\records\\selling\\Selling',249,1),(1312,'forma\\modules\\customer\\records\\Customer',167,1),(1313,'forma\\modules\\selling\\records\\selling\\Selling',250,1),(1314,'forma\\modules\\customer\\records\\Customer',168,1),(1315,'forma\\modules\\selling\\records\\selling\\Selling',251,1),(1316,'forma\\modules\\customer\\records\\Customer',169,1),(1317,'forma\\modules\\selling\\records\\selling\\Selling',252,1),(1318,'forma\\modules\\customer\\records\\Customer',170,1),(1319,'forma\\modules\\selling\\records\\selling\\Selling',253,1),(1320,'forma\\modules\\customer\\records\\Customer',171,1),(1321,'forma\\modules\\selling\\records\\selling\\Selling',254,1),(1322,'forma\\modules\\customer\\records\\Customer',172,1),(1323,'forma\\modules\\selling\\records\\selling\\Selling',255,1),(1324,'forma\\modules\\customer\\records\\Customer',173,1),(1325,'forma\\modules\\customer\\records\\Customer',174,1),(1326,'forma\\modules\\customer\\records\\Customer',175,1),(1327,'forma\\modules\\selling\\records\\selling\\Selling',256,1),(1328,'forma\\modules\\customer\\records\\Customer',176,1),(1329,'forma\\modules\\selling\\records\\selling\\Selling',257,1),(1330,'forma\\modules\\customer\\records\\Customer',177,1),(1331,'forma\\modules\\selling\\records\\selling\\Selling',258,1),(1332,'forma\\modules\\customer\\records\\Customer',178,1),(1333,'forma\\modules\\selling\\records\\selling\\Selling',259,1),(1334,'forma\\modules\\customer\\records\\Customer',179,1),(1335,'forma\\modules\\selling\\records\\selling\\Selling',260,1),(1336,'forma\\modules\\customer\\records\\Customer',180,1),(1337,'forma\\modules\\selling\\records\\selling\\Selling',261,1),(1338,'forma\\modules\\customer\\records\\Customer',181,1),(1339,'forma\\modules\\selling\\records\\selling\\Selling',262,1),(1340,'forma\\modules\\customer\\records\\Customer',182,1),(1341,'forma\\modules\\selling\\records\\selling\\Selling',263,1),(1342,'forma\\modules\\customer\\records\\Customer',183,1),(1343,'forma\\modules\\selling\\records\\selling\\Selling',264,1),(1344,'forma\\modules\\customer\\records\\Customer',184,1),(1345,'forma\\modules\\selling\\records\\selling\\Selling',265,1),(1346,'forma\\modules\\customer\\records\\Customer',185,1),(1347,'forma\\modules\\selling\\records\\selling\\Selling',266,1),(1348,'forma\\modules\\customer\\records\\Customer',186,1),(1349,'forma\\modules\\selling\\records\\selling\\Selling',267,1),(1350,'forma\\modules\\customer\\records\\Customer',187,1),(1351,'forma\\modules\\selling\\records\\selling\\Selling',268,1),(1352,'forma\\modules\\customer\\records\\Customer',188,1),(1353,'forma\\modules\\selling\\records\\selling\\Selling',269,1),(1354,'forma\\modules\\customer\\records\\Customer',189,1),(1355,'forma\\modules\\selling\\records\\selling\\Selling',270,1),(1356,'forma\\modules\\customer\\records\\Customer',190,1),(1357,'forma\\modules\\selling\\records\\selling\\Selling',271,1),(1358,'forma\\modules\\customer\\records\\Customer',191,1),(1359,'forma\\modules\\selling\\records\\selling\\Selling',272,1),(1360,'forma\\modules\\customer\\records\\Customer',192,1),(1361,'forma\\modules\\selling\\records\\selling\\Selling',273,1),(1362,'forma\\modules\\customer\\records\\Customer',193,1),(1363,'forma\\modules\\selling\\records\\selling\\Selling',274,1),(1364,'forma\\modules\\customer\\records\\Customer',194,1),(1365,'forma\\modules\\selling\\records\\selling\\Selling',275,1),(1366,'forma\\modules\\customer\\records\\Customer',195,1),(1367,'forma\\modules\\selling\\records\\selling\\Selling',276,1),(1368,'forma\\modules\\customer\\records\\Customer',196,1),(1369,'forma\\modules\\selling\\records\\selling\\Selling',277,1),(1370,'forma\\modules\\customer\\records\\Customer',197,1),(1371,'forma\\modules\\selling\\records\\selling\\Selling',278,1),(1372,'forma\\modules\\customer\\records\\Customer',198,1),(1373,'forma\\modules\\selling\\records\\selling\\Selling',279,1),(1374,'forma\\modules\\customer\\records\\Customer',199,1),(1375,'forma\\modules\\selling\\records\\selling\\Selling',280,1),(1376,'forma\\modules\\customer\\records\\Customer',200,1),(1377,'forma\\modules\\selling\\records\\selling\\Selling',281,1),(1378,'forma\\modules\\selling\\records\\talk\\Answer',67,1),(1379,'forma\\modules\\customer\\records\\Customer',201,1),(1380,'forma\\modules\\selling\\records\\selling\\Selling',282,1),(1385,'forma\\modules\\selling\\records\\selling\\Selling',286,1),(1405,'forma\\modules\\customer\\records\\Customer',203,1),(1406,'forma\\modules\\selling\\records\\selling\\Selling',298,1),(1407,'forma\\modules\\customer\\records\\Customer',204,1),(1408,'forma\\modules\\selling\\records\\selling\\Selling',299,1),(1409,'forma\\modules\\customer\\records\\Customer',205,1),(1410,'forma\\modules\\selling\\records\\selling\\Selling',300,1),(1411,'forma\\modules\\customer\\records\\Customer',206,1),(1412,'forma\\modules\\selling\\records\\selling\\Selling',301,1),(1413,'forma\\modules\\customer\\records\\Customer',207,1),(1414,'forma\\modules\\selling\\records\\selling\\Selling',302,1),(1415,'forma\\modules\\customer\\records\\Customer',208,1),(1416,'forma\\modules\\selling\\records\\selling\\Selling',303,1),(1417,'forma\\modules\\customer\\records\\Customer',209,1),(1418,'forma\\modules\\selling\\records\\selling\\Selling',304,1),(1419,'forma\\modules\\customer\\records\\Customer',210,1),(1420,'forma\\modules\\selling\\records\\selling\\Selling',305,1),(1421,'forma\\modules\\customer\\records\\Customer',211,1),(1422,'forma\\modules\\selling\\records\\selling\\Selling',306,1),(1423,'forma\\modules\\customer\\records\\Customer',212,1),(1424,'forma\\modules\\selling\\records\\selling\\Selling',307,1),(1425,'forma\\modules\\customer\\records\\Customer',213,1),(1426,'forma\\modules\\selling\\records\\selling\\Selling',308,1),(1427,'forma\\modules\\customer\\records\\Customer',214,1),(1428,'forma\\modules\\selling\\records\\selling\\Selling',309,1),(1429,'forma\\modules\\customer\\records\\Customer',215,1),(1430,'forma\\modules\\selling\\records\\selling\\Selling',310,1),(1431,'forma\\modules\\customer\\records\\Customer',216,1),(1432,'forma\\modules\\selling\\records\\selling\\Selling',311,1),(1433,'forma\\modules\\customer\\records\\Customer',217,1),(1434,'forma\\modules\\selling\\records\\selling\\Selling',312,1),(1435,'forma\\modules\\customer\\records\\Customer',218,1),(1436,'forma\\modules\\selling\\records\\selling\\Selling',313,1),(1437,'forma\\modules\\selling\\records\\talk\\Request',46,1),(1438,'forma\\modules\\selling\\records\\talk\\Answer',68,1),(1452,'forma\\modules\\customer\\records\\Customer',219,1),(1453,'forma\\modules\\selling\\records\\selling\\Selling',317,1),(1457,'forma\\modules\\selling\\records\\selling\\Selling',321,1),(1458,'forma\\modules\\selling\\records\\selling\\Selling',322,1),(1460,'forma\\modules\\product\\records\\Type',17,1),(1461,'forma\\modules\\product\\records\\Manufacturer',11,1),(1463,'forma\\modules\\project\\records\\projectvacancy\\ProjectVacancy',111,1),(1465,'forma\\modules\\customer\\records\\Customer',220,1),(1466,'forma\\modules\\selling\\records\\selling\\Selling',326,1),(1467,'forma\\modules\\selling\\records\\selling\\Selling',316,1),(1468,'forma\\modules\\project\\records\\project\\Project',78,1),(1490,'forma\\modules\\project\\records\\projectvacancy\\ProjectVacancy',112,1),(1510,'forma\\modules\\customer\\records\\Customer',222,1),(1511,'forma\\modules\\selling\\records\\selling\\Selling',331,1),(1512,'forma\\modules\\customer\\records\\Customer',223,1),(1513,'forma\\modules\\selling\\records\\selling\\Selling',332,1),(1514,'forma\\modules\\customer\\records\\Customer',224,1),(1515,'forma\\modules\\selling\\records\\selling\\Selling',333,1),(1516,'forma\\modules\\customer\\records\\Customer',225,1),(1517,'forma\\modules\\selling\\records\\selling\\Selling',334,1),(1518,'forma\\modules\\customer\\records\\Customer',226,1),(1519,'forma\\modules\\selling\\records\\selling\\Selling',335,1),(1520,'forma\\modules\\customer\\records\\Customer',227,1),(1521,'forma\\modules\\selling\\records\\selling\\Selling',336,1),(1522,'forma\\modules\\customer\\records\\Customer',228,1),(1523,'forma\\modules\\selling\\records\\selling\\Selling',337,1),(1524,'forma\\modules\\customer\\records\\Customer',229,1),(1525,'forma\\modules\\selling\\records\\selling\\Selling',338,1),(1526,'forma\\modules\\customer\\records\\Customer',230,1),(1527,'forma\\modules\\selling\\records\\selling\\Selling',339,1),(1528,'forma\\modules\\customer\\records\\Customer',231,1),(1529,'forma\\modules\\selling\\records\\selling\\Selling',340,1),(1530,'forma\\modules\\customer\\records\\Customer',232,1),(1531,'forma\\modules\\selling\\records\\selling\\Selling',341,1),(1533,'forma\\modules\\customer\\records\\Customer',234,1),(1534,'forma\\modules\\selling\\records\\selling\\Selling',342,1),(1535,'forma\\modules\\customer\\records\\Customer',235,1),(1536,'forma\\modules\\selling\\records\\selling\\Selling',343,1),(1537,'forma\\modules\\customer\\records\\Customer',236,1),(1538,'forma\\modules\\selling\\records\\selling\\Selling',344,1),(1540,'forma\\modules\\customer\\records\\Customer',237,1),(1541,'forma\\modules\\selling\\records\\selling\\Selling',345,1),(1542,'forma\\modules\\customer\\records\\Customer',238,1),(1543,'forma\\modules\\selling\\records\\selling\\Selling',346,1),(1544,'forma\\modules\\customer\\records\\Customer',239,1),(1545,'forma\\modules\\selling\\records\\selling\\Selling',347,1),(1546,'forma\\modules\\customer\\records\\Customer',240,1),(1547,'forma\\modules\\selling\\records\\selling\\Selling',348,1),(1548,'forma\\modules\\customer\\records\\Customer',241,1),(1549,'forma\\modules\\selling\\records\\selling\\Selling',349,1),(1550,'forma\\modules\\customer\\records\\Customer',242,1),(1551,'forma\\modules\\selling\\records\\selling\\Selling',350,1),(1554,'forma\\modules\\product\\records\\Category',18,1),(1555,'forma\\modules\\product\\records\\Category',19,1),(1566,'forma\\modules\\product\\records\\Category',21,1),(1585,'forma\\modules\\product\\records\\Type',19,1),(1589,'forma\\modules\\selling\\records\\selling\\Selling',351,1),(1590,'forma\\modules\\supplier\\records\\Supplier',9,1),(1615,'forma\\modules\\product\\records\\Product',102,1),(1630,'forma\\modules\\vacancy\\records\\Vacancy',85,1),(1635,'forma\\modules\\worker\\records\\Worker',121,1),(1637,'forma\\modules\\selling\\records\\talk\\Request',48,1),(1638,'forma\\modules\\project\\records\\project\\Project',80,1),(1639,'forma\\modules\\transit\\records\\transit\\Transit',4,1),(1649,'forma\\modules\\worker\\records\\Worker',123,1),(1653,'forma\\modules\\worker\\records\\Worker',124,1),(1654,'forma\\modules\\worker\\records\\Worker',125,1),(1655,'forma\\modules\\worker\\records\\Worker',126,1),(1675,'forma\\modules\\purchase\\records\\purchase\\Purchase',22,1),(1683,'forma\\modules\\selling\\records\\selling\\Selling',358,1),(1684,'forma\\modules\\selling\\records\\selling\\Selling',359,1),(1685,'forma\\modules\\selling\\records\\selling\\Selling',360,1),(1686,'forma\\modules\\selling\\records\\selling\\Selling',361,1),(1687,'forma\\modules\\selling\\records\\selling\\Selling',362,1),(1688,'forma\\modules\\selling\\records\\selling\\Selling',363,1),(1689,'forma\\modules\\selling\\records\\selling\\Selling',364,1),(1690,'forma\\modules\\selling\\records\\selling\\Selling',365,1),(1701,'forma\\modules\\selling\\records\\selling\\Selling',366,1),(1704,'forma\\modules\\selling\\records\\selling\\Selling',367,1),(1705,'forma\\modules\\customer\\records\\Customer',245,1),(1706,'forma\\modules\\selling\\records\\selling\\Selling',368,1),(1707,'forma\\modules\\selling\\records\\selling\\Selling',369,1),(1713,'forma\\modules\\selling\\records\\selling\\Selling',374,1),(1714,'forma\\modules\\selling\\records\\selling\\Selling',375,1),(1715,'forma\\modules\\selling\\records\\selling\\Selling',376,1),(1716,'forma\\modules\\customer\\records\\Customer',247,1),(1717,'forma\\modules\\selling\\records\\selling\\Selling',377,1),(1718,'forma\\modules\\customer\\records\\Customer',248,1),(1719,'forma\\modules\\selling\\records\\selling\\Selling',378,1),(1720,'forma\\modules\\customer\\records\\Customer',249,1),(1721,'forma\\modules\\selling\\records\\selling\\Selling',379,1),(1722,'forma\\modules\\customer\\records\\Customer',250,1),(1723,'forma\\modules\\selling\\records\\selling\\Selling',380,1),(1724,'forma\\modules\\customer\\records\\Customer',251,1),(1725,'forma\\modules\\selling\\records\\selling\\Selling',381,1),(1726,'forma\\modules\\customer\\records\\Customer',252,1),(1727,'forma\\modules\\selling\\records\\selling\\Selling',382,1),(1728,'forma\\modules\\customer\\records\\Customer',253,1),(1729,'forma\\modules\\selling\\records\\selling\\Selling',383,1),(1730,'forma\\modules\\customer\\records\\Customer',254,1),(1731,'forma\\modules\\selling\\records\\selling\\Selling',384,1),(1732,'forma\\modules\\customer\\records\\Customer',255,1),(1733,'forma\\modules\\selling\\records\\selling\\Selling',385,1),(1734,'forma\\modules\\customer\\records\\Customer',256,1),(1735,'forma\\modules\\selling\\records\\selling\\Selling',386,1),(1736,'forma\\modules\\customer\\records\\Customer',257,1),(1737,'forma\\modules\\selling\\records\\selling\\Selling',387,1),(1738,'forma\\modules\\customer\\records\\Customer',258,1),(1739,'forma\\modules\\selling\\records\\selling\\Selling',388,1),(1740,'forma\\modules\\customer\\records\\Customer',259,1),(1741,'forma\\modules\\selling\\records\\selling\\Selling',389,1),(1742,'forma\\modules\\customer\\records\\Customer',260,1),(1743,'forma\\modules\\selling\\records\\selling\\Selling',390,1),(1744,'forma\\modules\\customer\\records\\Customer',261,1),(1745,'forma\\modules\\selling\\records\\selling\\Selling',391,1),(1746,'forma\\modules\\customer\\records\\Customer',262,1),(1747,'forma\\modules\\selling\\records\\selling\\Selling',392,1),(1748,'forma\\modules\\customer\\records\\Customer',263,1),(1749,'forma\\modules\\selling\\records\\selling\\Selling',393,1),(1750,'forma\\modules\\customer\\records\\Customer',264,1),(1751,'forma\\modules\\selling\\records\\selling\\Selling',394,1),(1752,'forma\\modules\\customer\\records\\Customer',265,1),(1753,'forma\\modules\\selling\\records\\selling\\Selling',395,1),(1754,'forma\\modules\\customer\\records\\Customer',266,1),(1755,'forma\\modules\\selling\\records\\selling\\Selling',396,1),(1756,'forma\\modules\\customer\\records\\Customer',267,1),(1757,'forma\\modules\\selling\\records\\selling\\Selling',397,1),(1758,'forma\\modules\\customer\\records\\Customer',268,1),(1759,'forma\\modules\\selling\\records\\selling\\Selling',398,1),(1760,'forma\\modules\\customer\\records\\Customer',269,1),(1761,'forma\\modules\\selling\\records\\selling\\Selling',399,1),(1762,'forma\\modules\\selling\\records\\selling\\Selling',400,1),(1763,'forma\\modules\\hr\\records\\interview\\Interview',140,1),(1770,'forma\\modules\\inventorization\\records\\Inventorization',4,1),(1777,'forma\\modules\\supplier\\records\\Supplier',10,1),(1778,'forma\\modules\\customer\\records\\Customer',270,1),(1779,'forma\\modules\\selling\\records\\selling\\Selling',401,1),(1780,'forma\\modules\\selling\\records\\selling\\Selling',402,1),(1781,'forma\\modules\\selling\\records\\selling\\Selling',403,1),(1782,'forma\\modules\\selling\\records\\talk\\Answer',70,1),(1786,'forma\\modules\\selling\\records\\selling\\Selling',404,1),(1787,'forma\\modules\\hr\\records\\interview\\Interview',142,1),(1788,'forma\\modules\\hr\\records\\interview\\Interview',143,1),(1789,'forma\\modules\\selling\\records\\selling\\Selling',405,1),(1790,'forma\\modules\\selling\\records\\selling\\Selling',406,1),(1791,'forma\\modules\\hr\\records\\interview\\Interview',144,1),(1792,'forma\\modules\\selling\\records\\selling\\Selling',407,1),(1793,'forma\\modules\\hr\\records\\interview\\Interview',145,1),(1794,'forma\\modules\\purchase\\records\\purchase\\Purchase',23,1),(1795,'forma\\modules\\customer\\records\\Customer',143,1),(1796,'forma\\modules\\selling\\records\\selling\\Selling',408,1),(1797,'forma\\modules\\purchase\\records\\purchase\\Purchase',24,1),(1798,'forma\\modules\\selling\\records\\selling\\Selling',409,1),(1802,'forma\\modules\\customer\\records\\Customer',144,1),(1803,'forma\\modules\\selling\\records\\selling\\Selling',410,1),(1812,'forma\\modules\\selling\\records\\selling\\Selling',412,1),(1816,'forma\\modules\\purchase\\records\\purchase\\Purchase',25,1),(1823,'forma\\modules\\purchase\\records\\purchase\\Purchase',26,1),(1824,'forma\\modules\\purchase\\records\\purchase\\Purchase',27,1),(1825,'forma\\modules\\purchase\\records\\purchase\\Purchase',28,1),(1828,'forma\\modules\\product\\records\\Manufacturer',15,1),(1832,'forma\\modules\\selling\\records\\selling\\Selling',417,1),(1838,'forma\\modules\\selling\\records\\selling\\Selling',418,1),(1839,'forma\\modules\\hr\\records\\interview\\Interview',146,1),(1840,'forma\\modules\\hr\\records\\interview\\Interview',147,1),(1887,'forma\\modules\\purchase\\records\\purchase\\Purchase',32,1),(1888,'forma\\modules\\project\\records\\project\\Project',84,1),(1889,'forma\\modules\\hr\\records\\interview\\Interview',152,1),(1890,'forma\\modules\\worker\\records\\Worker',133,1),(1903,'forma\\modules\\selling\\records\\selling\\Selling',422,1),(1925,'forma\\modules\\purchase\\records\\purchase\\Purchase',37,1),(1926,'forma\\modules\\purchase\\records\\purchase\\Purchase',38,1),(1929,'forma\\modules\\selling\\records\\selling\\Selling',425,1),(1930,'forma\\modules\\selling\\records\\selling\\Selling',426,1),(1932,'forma\\modules\\transit\\records\\transit\\Transit',9,1),(1937,'forma\\modules\\selling\\records\\selling\\Selling',427,1),(1938,'forma\\modules\\selling\\records\\selling\\Selling',428,1),(1939,'forma\\modules\\transit\\records\\transit\\Transit',10,1),(1940,'forma\\modules\\purchase\\records\\purchase\\Purchase',41,1),(1943,'forma\\modules\\inventorization\\records\\Inventorization',15,1),(1944,'forma\\modules\\selling\\records\\selling\\Selling',429,1),(1945,'forma\\modules\\selling\\records\\selling\\Selling',430,1),(1946,'forma\\modules\\selling\\records\\selling\\Selling',431,1),(2002,NULL,NULL,NULL),(2027,'forma\\modules\\product\\records\\Product',103,1),(2028,'forma\\modules\\product\\records\\Product',107,1),(2029,'forma\\modules\\product\\records\\Product',105,1),(2090,'forma\\modules\\selling\\records\\selling\\Selling',432,1),(2669,'forma\\modules\\selling\\records\\strategy\\Strategy',13,1),(7365,'forma\\modules\\customer\\records\\Customer',1392,1),(7366,'forma\\modules\\selling\\records\\selling\\Selling',510,1),(7608,'forma\\modules\\purchase\\records\\purchase\\Purchase',177,1),(7609,'forma\\modules\\purchase\\records\\purchase\\Purchase',178,1),(7610,'forma\\modules\\selling\\records\\talk\\Answer',137,1),(7611,'forma\\modules\\purchase\\records\\purchase\\Purchase',1,1),(7612,'forma\\modules\\selling\\records\\selling\\Selling',611,1),(7613,'forma\\modules\\selling\\records\\talk\\Answer',138,1),(7614,'forma\\modules\\purchase\\records\\purchase\\Purchase',179,1),(7615,'forma\\modules\\product\\records\\Category',190,1),(7616,'forma\\modules\\selling\\records\\talk\\Answer',139,1),(7617,'forma\\modules\\product\\records\\Category',191,1),(7618,'forma\\modules\\product\\records\\Category',192,1),(7619,'forma\\modules\\product\\records\\Category',193,1),(7620,'forma\\modules\\selling\\records\\talk\\Answer',140,1),(7621,'forma\\modules\\selling\\records\\talk\\Answer',141,1),(7622,'forma\\modules\\purchase\\records\\purchase\\Purchase',180,1),(7623,'forma\\modules\\product\\records\\Manufacturer',10,1),(7624,'forma\\modules\\product\\records\\Product',246,1),(7625,'forma\\modules\\product\\records\\Product',247,1),(7626,'forma\\modules\\product\\records\\Manufacturer',12,1),(7627,'forma\\modules\\product\\records\\Product',248,1),(7628,'forma\\modules\\product\\records\\Manufacturer',13,1),(7629,'forma\\modules\\product\\records\\Product',249,1),(7630,'forma\\modules\\product\\records\\Manufacturer',14,1),(7631,'forma\\modules\\product\\records\\Product',250,1),(7632,'forma\\modules\\product\\records\\Product',251,1),(7633,'forma\\modules\\product\\records\\Manufacturer',16,1),(7634,'forma\\modules\\product\\records\\Product',252,1),(7635,'forma\\modules\\product\\records\\Product',253,1),(7636,'forma\\modules\\product\\records\\Manufacturer',17,1),(7637,'forma\\modules\\product\\records\\Product',254,1),(7638,'forma\\modules\\product\\records\\Manufacturer',18,1),(7639,'forma\\modules\\product\\records\\Product',255,1),(7640,'forma\\modules\\product\\records\\Currency',104,1),(7766,'forma\\modules\\purchase\\records\\purchase\\Purchase',201,1),(7767,'forma\\modules\\transit\\records\\transit\\Transit',1,1),(8681,'forma\\modules\\customer\\records\\Customer',1440,1),(8682,'forma\\modules\\purchase\\records\\purchase\\Purchase',202,1),(8683,'forma\\modules\\purchase\\records\\purchase\\Purchase',203,1),(8684,'forma\\modules\\selling\\records\\selling\\Selling',1,1),(8685,'forma\\modules\\selling\\records\\selling\\Selling',2,1),(8686,'forma\\modules\\selling\\records\\selling\\Selling',3,1),(8687,'forma\\modules\\vacancy\\records\\Vacancy',86,1),(8688,'forma\\modules\\vacancy\\records\\Vacancy',87,1),(8689,'forma\\modules\\vacancy\\records\\Vacancy',88,1),(8690,'forma\\modules\\vacancy\\records\\Vacancy',89,1),(8691,'forma\\modules\\hr\\records\\interview\\Interview',1,1),(8692,'forma\\modules\\hr\\records\\interview\\Interview',2,1),(8693,'forma\\modules\\hr\\records\\interview\\Interview',3,1),(8694,'forma\\modules\\selling\\records\\strategy\\Strategy',1,1),(8695,'forma\\modules\\selling\\records\\strategy\\Strategy',2,1),(8696,'forma\\modules\\selling\\records\\strategy\\Strategy',3,1),(8697,'forma\\modules\\selling\\records\\talk\\Request',1,1),(8698,'forma\\modules\\selling\\records\\talk\\Answer',1,1),(8699,'forma\\modules\\selling\\records\\talk\\Answer',2,1),(8700,'forma\\modules\\selling\\records\\talk\\Request',2,1),(8701,'forma\\modules\\selling\\records\\talk\\Answer',3,1),(8702,'forma\\modules\\selling\\records\\talk\\Answer',4,1),(8703,'forma\\modules\\selling\\records\\talk\\Request',3,1),(8704,'forma\\modules\\selling\\records\\talk\\Answer',5,1),(8705,'forma\\modules\\selling\\records\\talk\\Answer',6,1),(8706,'forma\\modules\\selling\\records\\talk\\Request',4,1),(8707,'forma\\modules\\selling\\records\\talk\\Request',5,1),(8708,'forma\\modules\\selling\\records\\talk\\Request',6,1),(8709,'forma\\modules\\selling\\records\\talk\\Answer',7,1),(8710,'forma\\modules\\selling\\records\\talk\\Answer',8,1),(8711,'forma\\modules\\selling\\records\\talk\\Answer',9,1),(8712,'forma\\modules\\selling\\records\\talk\\Answer',10,1),(8713,'forma\\modules\\selling\\records\\talk\\Answer',11,1),(8714,'forma\\modules\\selling\\records\\talk\\Answer',12,1),(8715,'forma\\modules\\customer\\records\\Customer',145,128),(8716,'forma\\modules\\customer\\records\\Customer',146,128),(8717,'forma\\modules\\product\\records\\Manufacturer',19,128),(8718,'forma\\modules\\product\\records\\Manufacturer',20,128),(8719,'forma\\modules\\product\\records\\Manufacturer',21,128),(8720,'forma\\modules\\product\\records\\Manufacturer',22,128),(8721,'forma\\modules\\product\\records\\Manufacturer',23,128),(8722,'forma\\modules\\product\\records\\Manufacturer',24,128),(8723,'forma\\modules\\product\\records\\Manufacturer',25,128),(8724,'forma\\modules\\product\\records\\Manufacturer',26,128),(8725,'forma\\modules\\product\\records\\Manufacturer',27,128),(8726,'forma\\modules\\product\\records\\Type',15,128),(8727,'forma\\modules\\product\\records\\Type',16,128),(8728,'forma\\modules\\product\\records\\Type',17,128),(8729,'forma\\modules\\product\\records\\Type',18,128),(8730,'forma\\modules\\product\\records\\Type',19,128),(8731,'forma\\modules\\product\\records\\Type',20,128),(8732,'forma\\modules\\product\\records\\PackUnit',6,128),(8733,'forma\\modules\\product\\records\\PackUnit',7,128),(8734,'forma\\modules\\supplier\\records\\Supplier',9,128),(8735,'forma\\modules\\supplier\\records\\Supplier',10,128),(8736,'forma\\modules\\product\\records\\Currency',105,128),(8737,'forma\\modules\\product\\records\\Currency',106,128),(8738,'forma\\modules\\product\\records\\TaxRate',7,128),(8739,'forma\\modules\\product\\records\\TaxRate',8,128),(8740,'forma\\modules\\product\\records\\TaxRate',9,128),(8741,'forma\\modules\\vacancy\\records\\Vacancy',90,128),(8742,'forma\\modules\\vacancy\\records\\Vacancy',91,128),(8743,'forma\\modules\\vacancy\\records\\Vacancy',92,128),(8744,'forma\\modules\\vacancy\\records\\Vacancy',93,128),(8745,'forma\\modules\\worker\\records\\Worker',5,128),(8746,'forma\\modules\\worker\\records\\Worker',6,128),(8747,'forma\\modules\\worker\\records\\Worker',7,128),(8748,'forma\\modules\\worker\\records\\Worker',8,128),(8749,'forma\\modules\\project\\records\\project\\Project',12,128),(8750,'forma\\modules\\project\\records\\project\\Project',13,128),(8751,'forma\\modules\\selling\\records\\strategy\\Strategy',3,128),(8752,'forma\\modules\\selling\\records\\strategy\\Strategy',4,128),(8753,'forma\\modules\\selling\\records\\talk\\Request',7,128),(8754,'forma\\modules\\selling\\records\\talk\\Request',8,128),(8755,'forma\\modules\\selling\\records\\talk\\Request',9,128),(8756,'forma\\modules\\selling\\records\\talk\\Request',10,128),(8757,'forma\\modules\\selling\\records\\talk\\Request',11,128),(8758,'forma\\modules\\selling\\records\\talk\\Request',12,128),(8759,'forma\\modules\\purchase\\records\\purchase\\Purchase',204,128),(8760,'forma\\modules\\purchase\\records\\purchase\\Purchase',205,128),(8761,'forma\\modules\\product\\records\\Category',193,128),(8762,'forma\\modules\\product\\records\\Category',194,128),(8763,'forma\\modules\\product\\records\\Category',195,128),(8764,'forma\\modules\\product\\records\\Product',256,128),(8765,'forma\\modules\\product\\records\\Product',257,128),(8766,'forma\\modules\\product\\records\\Product',258,128),(8767,'forma\\modules\\product\\records\\Product',259,128),(8768,'forma\\modules\\product\\records\\Product',260,128),(8769,'forma\\modules\\product\\records\\Product',261,128),(8770,'forma\\modules\\product\\records\\Product',262,128),(8771,'forma\\modules\\product\\records\\Product',263,128),(8772,'forma\\modules\\product\\records\\Product',264,128),(8773,'forma\\modules\\product\\records\\Product',265,128),(8774,'forma\\modules\\transit\\records\\transit\\Transit',2,128),(8775,'forma\\modules\\purchase\\records\\purchase\\Purchase',206,128),(8776,'forma\\modules\\purchase\\records\\purchase\\Purchase',207,128),(8777,'forma\\modules\\purchase\\records\\purchase\\Purchase',208,128),(8778,'forma\\modules\\purchase\\records\\purchase\\Purchase',209,128),(8779,'forma\\modules\\selling\\records\\requeststrategy\\RequestStrategy',7,128),(8780,'forma\\modules\\selling\\records\\requeststrategy\\RequestStrategy',8,128),(8781,'forma\\modules\\selling\\records\\requeststrategy\\RequestStrategy',9,128),(8782,'forma\\modules\\selling\\records\\requeststrategy\\RequestStrategy',10,128),(8783,'forma\\modules\\selling\\records\\requeststrategy\\RequestStrategy',11,128),(8784,'forma\\modules\\selling\\records\\requeststrategy\\RequestStrategy',12,128),(8785,'forma\\modules\\selling\\records\\talk\\Answer',13,128),(8786,'forma\\modules\\selling\\records\\talk\\Answer',14,128),(8787,'forma\\modules\\selling\\records\\talk\\Answer',15,128),(8788,'forma\\modules\\selling\\records\\talk\\Answer',16,128),(8789,'forma\\modules\\selling\\records\\talk\\Answer',17,128),(8790,'forma\\modules\\selling\\records\\talk\\Answer',18,128),(8791,'forma\\modules\\selling\\records\\talk\\Answer',19,128),(8792,'forma\\modules\\selling\\records\\talk\\Answer',20,128),(8793,'forma\\modules\\selling\\records\\talk\\Answer',21,128),(8794,'forma\\modules\\selling\\records\\talk\\Answer',22,128),(8795,'forma\\modules\\selling\\records\\talk\\Answer',23,128),(8796,'forma\\modules\\selling\\records\\talk\\Answer',24,128),(8797,'forma\\modules\\hr\\records\\interview\\Interview',4,128),(8798,'forma\\modules\\hr\\records\\interview\\Interview',5,128),(8799,'forma\\modules\\hr\\records\\interview\\Interview',6,128),(8800,'forma\\modules\\selling\\records\\selling\\Selling',4,128),(8801,'forma\\modules\\selling\\records\\selling\\Selling',5,128),(8802,'forma\\modules\\selling\\records\\selling\\Selling',6,128),(8803,'forma\\modules\\transit\\records\\transit\\Transit',3,128),(8804,'forma\\modules\\transit\\records\\transit\\Transit',4,128),(8805,'forma\\modules\\customer\\records\\Customer',147,129),(8806,'forma\\modules\\customer\\records\\Customer',148,129),(8807,'forma\\modules\\product\\records\\Manufacturer',28,129),(8808,'forma\\modules\\product\\records\\Manufacturer',29,129),(8809,'forma\\modules\\product\\records\\Manufacturer',30,129),(8810,'forma\\modules\\product\\records\\Manufacturer',31,129),(8811,'forma\\modules\\product\\records\\Manufacturer',32,129),(8812,'forma\\modules\\product\\records\\Manufacturer',33,129),(8813,'forma\\modules\\product\\records\\Manufacturer',34,129),(8814,'forma\\modules\\product\\records\\Manufacturer',35,129),(8815,'forma\\modules\\product\\records\\Manufacturer',36,129),(8816,'forma\\modules\\product\\records\\Type',21,129),(8817,'forma\\modules\\product\\records\\Type',22,129),(8818,'forma\\modules\\product\\records\\Type',23,129),(8819,'forma\\modules\\product\\records\\Type',24,129),(8820,'forma\\modules\\product\\records\\Type',25,129),(8821,'forma\\modules\\product\\records\\Type',26,129),(8822,'forma\\modules\\product\\records\\Type',27,129),(8823,'forma\\modules\\product\\records\\Type',28,129),(8824,'forma\\modules\\product\\records\\PackUnit',8,129),(8825,'forma\\modules\\product\\records\\PackUnit',9,129),(8826,'forma\\modules\\supplier\\records\\Supplier',11,129),(8827,'forma\\modules\\supplier\\records\\Supplier',12,129),(8828,'forma\\modules\\supplier\\records\\Supplier',13,129),(8829,'forma\\modules\\supplier\\records\\Supplier',14,129),(8830,'forma\\modules\\product\\records\\Currency',107,129),(8831,'forma\\modules\\product\\records\\Currency',108,129),(8832,'forma\\modules\\product\\records\\TaxRate',10,129),(8833,'forma\\modules\\product\\records\\TaxRate',11,129),(8834,'forma\\modules\\product\\records\\TaxRate',12,129),(8835,'forma\\modules\\vacancy\\records\\Vacancy',94,129),(8836,'forma\\modules\\vacancy\\records\\Vacancy',95,129),(8837,'forma\\modules\\vacancy\\records\\Vacancy',96,129),(8838,'forma\\modules\\vacancy\\records\\Vacancy',97,129),(8839,'forma\\modules\\worker\\records\\Worker',9,129),(8840,'forma\\modules\\worker\\records\\Worker',10,129),(8841,'forma\\modules\\worker\\records\\Worker',11,129),(8842,'forma\\modules\\worker\\records\\Worker',12,129),(8843,'forma\\modules\\worker\\records\\Worker',13,129),(8844,'forma\\modules\\worker\\records\\Worker',14,129),(8845,'forma\\modules\\worker\\records\\Worker',15,129),(8846,'forma\\modules\\worker\\records\\Worker',16,129),(8847,'forma\\modules\\project\\records\\project\\Project',14,129),(8848,'forma\\modules\\project\\records\\project\\Project',15,129),(8849,'forma\\modules\\project\\records\\project\\Project',16,129),(8850,'forma\\modules\\selling\\records\\strategy\\Strategy',5,129),(8851,'forma\\modules\\selling\\records\\strategy\\Strategy',6,129),(8852,'forma\\modules\\selling\\records\\strategy\\Strategy',7,129),(8853,'forma\\modules\\selling\\records\\talk\\Request',13,129),(8854,'forma\\modules\\selling\\records\\talk\\Request',14,129),(8855,'forma\\modules\\selling\\records\\talk\\Request',15,129),(8856,'forma\\modules\\selling\\records\\talk\\Request',16,129),(8857,'forma\\modules\\selling\\records\\talk\\Request',17,129),(8858,'forma\\modules\\selling\\records\\talk\\Request',18,129),(8859,'forma\\modules\\purchase\\records\\purchase\\Purchase',210,129),(8860,'forma\\modules\\purchase\\records\\purchase\\Purchase',211,129),(8861,'forma\\modules\\product\\records\\Category',196,129),(8862,'forma\\modules\\product\\records\\Category',197,129),(8863,'forma\\modules\\product\\records\\Category',198,129),(8864,'forma\\modules\\product\\records\\Category',199,129),(8865,'forma\\modules\\product\\records\\Product',266,129),(8866,'forma\\modules\\product\\records\\Product',267,129),(8867,'forma\\modules\\product\\records\\Product',268,129),(8868,'forma\\modules\\product\\records\\Product',269,129),(8869,'forma\\modules\\product\\records\\Product',270,129),(8870,'forma\\modules\\product\\records\\Product',271,129),(8871,'forma\\modules\\product\\records\\Product',272,129),(8872,'forma\\modules\\product\\records\\Product',273,129),(8873,'forma\\modules\\product\\records\\Product',274,129),(8874,'forma\\modules\\product\\records\\Product',275,129),(8875,'forma\\modules\\transit\\records\\transit\\Transit',5,129),(8876,'forma\\modules\\transit\\records\\transit\\Transit',6,129),(8877,'forma\\modules\\purchase\\records\\purchase\\Purchase',212,129),(8878,'forma\\modules\\purchase\\records\\purchase\\Purchase',213,129),(8879,'forma\\modules\\purchase\\records\\purchase\\Purchase',214,129),(8880,'forma\\modules\\purchase\\records\\purchase\\Purchase',215,129),(8881,'forma\\modules\\purchase\\records\\purchase\\Purchase',216,129),(8882,'forma\\modules\\purchase\\records\\purchase\\Purchase',217,129),(8883,'forma\\modules\\selling\\records\\requeststrategy\\RequestStrategy',13,129),(8884,'forma\\modules\\selling\\records\\requeststrategy\\RequestStrategy',14,129),(8885,'forma\\modules\\selling\\records\\requeststrategy\\RequestStrategy',15,129),(8886,'forma\\modules\\selling\\records\\requeststrategy\\RequestStrategy',16,129),(8887,'forma\\modules\\selling\\records\\requeststrategy\\RequestStrategy',17,129),(8888,'forma\\modules\\selling\\records\\requeststrategy\\RequestStrategy',18,129),(8889,'forma\\modules\\selling\\records\\talk\\Answer',25,129),(8890,'forma\\modules\\selling\\records\\talk\\Answer',26,129),(8891,'forma\\modules\\selling\\records\\talk\\Answer',27,129),(8892,'forma\\modules\\selling\\records\\talk\\Answer',28,129),(8893,'forma\\modules\\selling\\records\\talk\\Answer',29,129),(8894,'forma\\modules\\selling\\records\\talk\\Answer',30,129),(8895,'forma\\modules\\selling\\records\\talk\\Answer',31,129),(8896,'forma\\modules\\selling\\records\\talk\\Answer',32,129),(8897,'forma\\modules\\selling\\records\\talk\\Answer',33,129),(8898,'forma\\modules\\selling\\records\\talk\\Answer',34,129),(8899,'forma\\modules\\selling\\records\\talk\\Answer',35,129),(8900,'forma\\modules\\selling\\records\\talk\\Answer',36,129),(8901,'forma\\modules\\hr\\records\\interview\\Interview',7,129),(8902,'forma\\modules\\hr\\records\\interview\\Interview',8,129),(8903,'forma\\modules\\hr\\records\\interview\\Interview',9,129),(8904,'forma\\modules\\selling\\records\\selling\\Selling',7,129),(8905,'forma\\modules\\selling\\records\\selling\\Selling',8,129),(8906,'forma\\modules\\selling\\records\\selling\\Selling',9,129),(8907,'forma\\modules\\transit\\records\\transit\\Transit',7,129),(8908,'forma\\modules\\transit\\records\\transit\\Transit',8,129),(8909,'forma\\modules\\transit\\records\\transit\\Transit',9,129),(8910,'forma\\modules\\customer\\records\\Customer',149,130),(8911,'forma\\modules\\customer\\records\\Customer',150,130),(8912,'forma\\modules\\customer\\records\\Customer',151,130),(8913,'forma\\modules\\product\\records\\Manufacturer',37,130),(8914,'forma\\modules\\product\\records\\Manufacturer',38,130),(8915,'forma\\modules\\product\\records\\Manufacturer',39,130),(8916,'forma\\modules\\product\\records\\Manufacturer',40,130),(8917,'forma\\modules\\product\\records\\Manufacturer',41,130),(8918,'forma\\modules\\product\\records\\Manufacturer',42,130),(8919,'forma\\modules\\product\\records\\Manufacturer',43,130),(8920,'forma\\modules\\product\\records\\Manufacturer',44,130),(8921,'forma\\modules\\product\\records\\Manufacturer',45,130),(8922,'forma\\modules\\product\\records\\Type',29,130),(8923,'forma\\modules\\product\\records\\Type',30,130),(8924,'forma\\modules\\product\\records\\Type',31,130),(8925,'forma\\modules\\product\\records\\Type',32,130),(8926,'forma\\modules\\product\\records\\Type',33,130),(8927,'forma\\modules\\product\\records\\Type',34,130),(8928,'forma\\modules\\product\\records\\Type',35,130),(8929,'forma\\modules\\product\\records\\Type',36,130),(8930,'forma\\modules\\product\\records\\PackUnit',10,130),(8931,'forma\\modules\\product\\records\\PackUnit',11,130),(8932,'forma\\modules\\supplier\\records\\Supplier',15,130),(8933,'forma\\modules\\supplier\\records\\Supplier',16,130),(8934,'forma\\modules\\supplier\\records\\Supplier',17,130),(8935,'forma\\modules\\supplier\\records\\Supplier',18,130),(8936,'forma\\modules\\product\\records\\Currency',109,130),(8937,'forma\\modules\\product\\records\\Currency',110,130),(8938,'forma\\modules\\product\\records\\TaxRate',13,130),(8939,'forma\\modules\\product\\records\\TaxRate',14,130),(8940,'forma\\modules\\product\\records\\TaxRate',15,130),(8941,'forma\\modules\\vacancy\\records\\Vacancy',98,130),(8942,'forma\\modules\\vacancy\\records\\Vacancy',99,130),(8943,'forma\\modules\\vacancy\\records\\Vacancy',100,130),(8944,'forma\\modules\\vacancy\\records\\Vacancy',101,130),(8945,'forma\\modules\\worker\\records\\Worker',17,130),(8946,'forma\\modules\\worker\\records\\Worker',18,130),(8947,'forma\\modules\\worker\\records\\Worker',19,130),(8948,'forma\\modules\\worker\\records\\Worker',20,130),(8949,'forma\\modules\\worker\\records\\Worker',21,130),(8950,'forma\\modules\\worker\\records\\Worker',22,130),(8951,'forma\\modules\\worker\\records\\Worker',23,130),(8952,'forma\\modules\\worker\\records\\Worker',24,130),(8953,'forma\\modules\\project\\records\\project\\Project',17,130),(8954,'forma\\modules\\project\\records\\project\\Project',18,130),(8955,'forma\\modules\\project\\records\\project\\Project',19,130),(8956,'forma\\modules\\selling\\records\\strategy\\Strategy',8,130),(8957,'forma\\modules\\selling\\records\\strategy\\Strategy',9,130),(8958,'forma\\modules\\selling\\records\\strategy\\Strategy',10,130),(8959,'forma\\modules\\selling\\records\\strategy\\Strategy',11,130),(8960,'forma\\modules\\selling\\records\\talk\\Request',19,130),(8961,'forma\\modules\\selling\\records\\talk\\Request',20,130),(8962,'forma\\modules\\selling\\records\\talk\\Request',21,130),(8963,'forma\\modules\\selling\\records\\talk\\Request',22,130),(8964,'forma\\modules\\selling\\records\\talk\\Request',23,130),(8965,'forma\\modules\\selling\\records\\talk\\Request',24,130),(8966,'forma\\modules\\purchase\\records\\purchase\\Purchase',218,130),(8967,'forma\\modules\\purchase\\records\\purchase\\Purchase',219,130),(8968,'forma\\modules\\product\\records\\Category',200,130),(8969,'forma\\modules\\product\\records\\Category',201,130),(8970,'forma\\modules\\product\\records\\Category',202,130),(8971,'forma\\modules\\product\\records\\Category',203,130),(8972,'forma\\modules\\product\\records\\Product',276,130),(8973,'forma\\modules\\product\\records\\Product',277,130),(8974,'forma\\modules\\product\\records\\Product',278,130),(8975,'forma\\modules\\product\\records\\Product',279,130),(8976,'forma\\modules\\product\\records\\Product',280,130),(8977,'forma\\modules\\product\\records\\Product',281,130),(8978,'forma\\modules\\product\\records\\Product',282,130),(8979,'forma\\modules\\product\\records\\Product',283,130),(8980,'forma\\modules\\product\\records\\Product',284,130),(8981,'forma\\modules\\product\\records\\Product',285,130),(8982,'forma\\modules\\transit\\records\\transit\\Transit',10,130),(8983,'forma\\modules\\transit\\records\\transit\\Transit',11,130),(8984,'forma\\modules\\transit\\records\\transit\\Transit',12,130),(8985,'forma\\modules\\purchase\\records\\purchase\\Purchase',220,130),(8986,'forma\\modules\\purchase\\records\\purchase\\Purchase',221,130),(8987,'forma\\modules\\purchase\\records\\purchase\\Purchase',222,130),(8988,'forma\\modules\\purchase\\records\\purchase\\Purchase',223,130),(8989,'forma\\modules\\purchase\\records\\purchase\\Purchase',224,130),(8990,'forma\\modules\\purchase\\records\\purchase\\Purchase',225,130),(8991,'forma\\modules\\purchase\\records\\purchase\\Purchase',226,130),(8992,'forma\\modules\\purchase\\records\\purchase\\Purchase',227,130),(8993,'forma\\modules\\selling\\records\\requeststrategy\\RequestStrategy',19,130),(8994,'forma\\modules\\selling\\records\\requeststrategy\\RequestStrategy',20,130),(8995,'forma\\modules\\selling\\records\\requeststrategy\\RequestStrategy',21,130),(8996,'forma\\modules\\selling\\records\\requeststrategy\\RequestStrategy',22,130),(8997,'forma\\modules\\selling\\records\\requeststrategy\\RequestStrategy',23,130),(8998,'forma\\modules\\selling\\records\\requeststrategy\\RequestStrategy',24,130),(8999,'forma\\modules\\selling\\records\\talk\\Answer',37,130),(9000,'forma\\modules\\selling\\records\\talk\\Answer',38,130),(9001,'forma\\modules\\selling\\records\\talk\\Answer',39,130),(9002,'forma\\modules\\selling\\records\\talk\\Answer',40,130),(9003,'forma\\modules\\selling\\records\\talk\\Answer',41,130),(9004,'forma\\modules\\selling\\records\\talk\\Answer',42,130),(9005,'forma\\modules\\selling\\records\\talk\\Answer',43,130),(9006,'forma\\modules\\selling\\records\\talk\\Answer',44,130),(9007,'forma\\modules\\selling\\records\\talk\\Answer',45,130),(9008,'forma\\modules\\selling\\records\\talk\\Answer',46,130),(9009,'forma\\modules\\selling\\records\\talk\\Answer',47,130),(9010,'forma\\modules\\selling\\records\\talk\\Answer',48,130),(9011,'forma\\modules\\hr\\records\\interview\\Interview',10,130),(9012,'forma\\modules\\hr\\records\\interview\\Interview',11,130),(9013,'forma\\modules\\hr\\records\\interview\\Interview',12,130),(9014,'forma\\modules\\selling\\records\\selling\\Selling',10,130),(9015,'forma\\modules\\selling\\records\\selling\\Selling',11,130),(9016,'forma\\modules\\selling\\records\\selling\\Selling',12,130),(9017,'forma\\modules\\transit\\records\\transit\\Transit',13,130),(9018,'forma\\modules\\transit\\records\\transit\\Transit',14,130),(9019,'forma\\modules\\transit\\records\\transit\\Transit',15,130),(9020,'forma\\modules\\transit\\records\\transit\\Transit',16,130);
/*!40000 ALTER TABLE `accessory` ENABLE KEYS */;
UNLOCK TABLES;

--
-- Table structure for table `answer`
--

DROP TABLE IF EXISTS `answer`;
/*!40101 SET @saved_cs_client     = @@character_set_client */;
/*!50503 SET character_set_client = utf8mb4 */;
CREATE TABLE `answer` (
  `id` int(11) NOT NULL AUTO_INCREMENT,
  `text` text,
  `request_id` int(11) DEFAULT NULL,
  PRIMARY KEY (`id`),
  KEY `id-answer-request_id` (`request_id`),
  CONSTRAINT `answer_ibfk_1` FOREIGN KEY (`request_id`) REFERENCES `request` (`id`) ON DELETE CASCADE
) ENGINE=InnoDB AUTO_INCREMENT=49 DEFAULT CHARSET=utf8;
/*!40101 SET character_set_client = @saved_cs_client */;

--
-- Dumping data for table `answer`
--

LOCK TABLES `answer` WRITE;
/*!40000 ALTER TABLE `answer` DISABLE KEYS */;
INSERT INTO `answer` (`id`, `text`, `request_id`) VALUES (1,'',1),(2,'',1),(3,'  (10+)',2),(4,'  (5+)',2),(5,'',3),(6,' (  )',2),(7,',   ()',4),(8,' ',5),(9,'   ,   (   60   )',6),(10,'',4),(11,'',4),(12,'',5),(13,'',7),(14,'',7),(15,'  (10+)',8),(16,'  (5+)',8),(17,'',9),(18,' (  )',8),(19,',   ()',10),(20,' ',11),(21,'   ,   (   60   )',12),(22,'',10),(23,'',10),(24,'',11),(25,'',13),(26,'',13),(27,'  (10+)',14),(28,'  (5+)',14),(29,'',15),(30,' (  )',14),(31,',   ()',16),(32,' ',17),(33,'   ,   (   60   )',18),(34,'',16),(35,'',16),(36,'',17),(37,'',19),(38,'',19),(39,'  (10+)',20),(40,'  (5+)',20),(41,'',21),(42,' (  )',20),(43,',   ()',22),(44,' ',23),(45,'   ,   (   60   )',24),(46,'',22),(47,'',22),(48,'',23);
/*!40000 ALTER TABLE `answer` ENABLE KEYS */;
UNLOCK TABLES;

--
-- Table structure for table `category`
--

DROP TABLE IF EXISTS `category`;
/*!40101 SET @saved_cs_client     = @@character_set_client */;
/*!50503 SET character_set_client = utf8mb4 */;
CREATE TABLE `category` (
  `id` int(11) NOT NULL AUTO_INCREMENT,
  `name` varchar(255) NOT NULL,
  `parent_id` int(11) DEFAULT NULL,
  PRIMARY KEY (`id`),
  UNIQUE KEY `category_unique_index` (`name`,`parent_id`),
  KEY `category_ibfk_2` (`parent_id`),
  CONSTRAINT `category_ibfk_2` FOREIGN KEY (`parent_id`) REFERENCES `category` (`id`) ON DELETE SET NULL ON UPDATE CASCADE
) ENGINE=InnoDB AUTO_INCREMENT=204 DEFAULT CHARSET=utf8;
/*!40101 SET character_set_client = @saved_cs_client */;

--
-- Dumping data for table `category`
--

LOCK TABLES `category` WRITE;
/*!40000 ALTER TABLE `category` DISABLE KEYS */;
INSERT INTO `category` (`id`, `name`, `parent_id`) VALUES (192,' ',190),(195,' ',193),(198,' ',196),(202,' ',200),(191,'',190),(194,'',193),(197,'',196),(201,'',200),(190,'',NULL),(193,'',NULL),(196,'',NULL),(199,'',NULL),(200,'',NULL),(203,'',NULL);
/*!40000 ALTER TABLE `category` ENABLE KEYS */;
UNLOCK TABLES;

--
-- Table structure for table `color`
--

DROP TABLE IF EXISTS `color`;
/*!40101 SET @saved_cs_client     = @@character_set_client */;
/*!50503 SET character_set_client = utf8mb4 */;
CREATE TABLE `color` (
  `id` int(11) NOT NULL AUTO_INCREMENT,
  `name` varchar(255) DEFAULT NULL,
  PRIMARY KEY (`id`)
) ENGINE=InnoDB DEFAULT CHARSET=utf8;
/*!40101 SET character_set_client = @saved_cs_client */;

--
-- Dumping data for table `color`
--

LOCK TABLES `color` WRITE;
/*!40000 ALTER TABLE `color` DISABLE KEYS */;
/*!40000 ALTER TABLE `color` ENABLE KEYS */;
UNLOCK TABLES;

--
-- Table structure for table `country`
--

DROP TABLE IF EXISTS `country`;
/*!40101 SET @saved_cs_client     = @@character_set_client */;
/*!50503 SET character_set_client = utf8mb4 */;
CREATE TABLE `country` (
  `id` int(11) NOT NULL AUTO_INCREMENT,
  `name` varchar(255) DEFAULT NULL,
  PRIMARY KEY (`id`)
) ENGINE=InnoDB AUTO_INCREMENT=278 DEFAULT CHARSET=utf8;
/*!40101 SET character_set_client = @saved_cs_client */;

--
-- Dumping data for table `country`
--

LOCK TABLES `country` WRITE;
/*!40000 ALTER TABLE `country` DISABLE KEYS */;
INSERT INTO `country` (`id`, `name`) VALUES (35,''),(36,''),(37,''),(38,''),(39,''),(40,''),(41,' '),(42,''),(43,''),(44,''),(45,'  '),(46,''),(47,''),(48,''),(49,''),(50,' '),(51,''),(52,''),(53,''),(54,''),(55,''),(56,''),(57,''),(58,' '),(59,''),(60,''),(61,'  '),(62,''),(63,''),(64,'    '),(65,'  '),(66,''),(67,'-'),(68,''),(69,''),(70,''),(71,''),(72,''),(73,''),(74,''),(75,' '),(76,' '),(77,''),(78,''),(79,''),(80,''),(81,''),(82,''),(83,''),(84,''),(85,''),(86,'-'),(87,''),(88,''),(89,''),(90,''),(91,''),(92,''),(93,''),(94,''),(95,''),(96,''),(97,''),(98,''),(99,'  '),(100,''),(101,''),(102,''),(103,' '),(104,''),(105,''),(106,' '),(107,''),(108,''),(109,''),(110,''),(111,''),(112,''),(113,''),(114,''),(115,''),(116,''),(117,''),(118,''),(119,'-'),(120,''),(121,' '),(122,''),(123,''),(124,''),(125,''),(126,''),(127,''),(128,''),(129,''),(130,''),(131,' '),(132,''),(133,''),(134,''),(135,'-'),(137,''),(138,''),(139,''),(140,''),(141,''),(142,''),(143,''),(144,''),(145,''),(146,''),(147,''),(148,''),(149,''),(150,''),(151,''),(152,''),(153,''),(154,''),(155,''),(156,''),(157,''),(158,''),(159,''),(160,''),(161,''),(162,' '),(163,''),(164,''),(165,''),(166,''),(167,''),(168,''),(169,''),(170,''),(171,''),(172,''),(173,''),(174,''),(175,''),(176,'  '),(177,''),(178,''),(179,''),(180,' '),(181,' '),(182,''),(183,'  '),(184,''),(185,' '),(186,' '),(187,' '),(188,' '),(189,' '),(190,' '),(191,'  ,  ,  --'),(192,' '),(193,''),(194,''),(195,''),(196,' -  '),(197,''),(198,''),(199,''),(200,''),(201,'-'),(202,' '),(203,''),(204,''),(205,''),(206,''),(207,''),(208,'-'),(209,'-  '),(210,' '),(211,''),(212,' '),(213,'  '),(214,' '),(215,'-'),(216,'-'),(217,''),(218,'-'),(219,''),(220,''),(221,'-'),(222,''),(223,''),(224,''),(225,'  '),(226,' '),(227,''),(228,''),(229,''),(230,'-'),(231,''),(232,''),(233,''),(234,''),(235,''),(236,''),(237,''),(238,'  '),(239,''),(240,''),(241,''),(242,''),(243,''),(244,''),(245,''),(246,'  '),(247,''),(248,' '),(249,''),(250,''),(251,''),(252,' '),(253,''),(254,' '),(255,' '),(256,''),(257,' '),(258,''),(259,''),(260,''),(261,''),(262,''),(263,''),(264,''),(265,'-'),(266,''),(267,' '),(268,'-'),(269,''),(270,''),(271,''),(272,' '),(273,' '),(274,' '),(275,''),(276,'-'),(277,'');
/*!40000 ALTER TABLE `country` ENABLE KEYS */;
UNLOCK TABLES;

--
-- Table structure for table `currency`
--

DROP TABLE IF EXISTS `currency`;
/*!40101 SET @saved_cs_client     = @@character_set_client */;
/*!50503 SET character_set_client = utf8mb4 */;
CREATE TABLE `currency` (
  `id` int(11) NOT NULL AUTO_INCREMENT,
  `name` varchar(255) NOT NULL,
  `code` char(3) NOT NULL COMMENT 'ISO 4217 code',
  `rate` decimal(13,4) NOT NULL COMMENT 'US Dollar rate',
  PRIMARY KEY (`id`)
) ENGINE=InnoDB AUTO_INCREMENT=111 DEFAULT CHARSET=utf8;
/*!40101 SET character_set_client = @saved_cs_client */;

--
-- Dumping data for table `currency`
--

LOCK TABLES `currency` WRITE;
/*!40000 ALTER TABLE `currency` DISABLE KEYS */;
INSERT INTO `currency` (`id`, `name`, `code`, `rate`) VALUES (6,'','USD',28.5000),(104,'','UAH',1.0000),(105,'','USD',28.5000),(106,'','UAH',1.0000),(107,'','USD',28.5000),(108,'','UAH',1.0000),(109,'','USD',28.5000),(110,'','UAH',1.0000);
/*!40000 ALTER TABLE `currency` ENABLE KEYS */;
UNLOCK TABLES;

--
-- Table structure for table `customer`
--

DROP TABLE IF EXISTS `customer`;
/*!40101 SET @saved_cs_client     = @@character_set_client */;
/*!50503 SET character_set_client = utf8mb4 */;
CREATE TABLE `customer` (
  `id` int(11) NOT NULL AUTO_INCREMENT,
  `country_id` int(11) DEFAULT NULL,
  `tax_rate` double(10,2) DEFAULT NULL,
  `name` varchar(100) DEFAULT NULL,
  `firm` varchar(100) DEFAULT NULL,
  `address` varchar(32) DEFAULT NULL,
  `company_email` varchar(32) DEFAULT NULL,
  `chief_email` varchar(32) DEFAULT NULL,
  `company_phone` varchar(32) DEFAULT NULL,
  `chief_phone` varchar(32) DEFAULT NULL,
  `site_company` varchar(32) DEFAULT NULL,
  PRIMARY KEY (`id`),
  KEY `customer-country_id_fk` (`country_id`),
  CONSTRAINT `customer-country_id_fk` FOREIGN KEY (`country_id`) REFERENCES `country` (`id`) ON DELETE CASCADE ON UPDATE CASCADE
) ENGINE=InnoDB AUTO_INCREMENT=152 DEFAULT CHARSET=utf8;
/*!40101 SET character_set_client = @saved_cs_client */;

--
-- Dumping data for table `customer`
--

LOCK TABLES `customer` WRITE;
/*!40000 ALTER TABLE `customer` DISABLE KEYS */;
INSERT INTO `customer` (`id`, `country_id`, `tax_rate`, `name`, `firm`, `address`, `company_email`, `chief_email`, `company_phone`, `chief_phone`, `site_company`) VALUES (143,245,1.00,' -',' ','','252342@gmail.com','252342@gmail.com','','0660443958',''),(144,245,2.00,'','-','','','send1message1@gmail.com','','',''),(145,245,1.00,' -',' ','','252342@gmail.com','252342@gmail.com','','0660443958',''),(146,245,2.00,'','-','','','send1message1@gmail.com','','',''),(147,245,1.00,' -',' ','','252342@gmail.com','252342@gmail.com','','0660443958',''),(148,245,2.00,'','-','','','send1message1@gmail.com','','',''),(149,245,1.00,' -',' ','','252342@gmail.com','252342@gmail.com','','0660443958',''),(150,245,2.00,'','-','','','send1message1@gmail.com','','',''),(151,245,2.00,'','-','','','send1message1@gmail.com','','','');
/*!40000 ALTER TABLE `customer` ENABLE KEYS */;
UNLOCK TABLES;

--
-- Table structure for table `event`
--

DROP TABLE IF EXISTS `event`;
/*!40101 SET @saved_cs_client     = @@character_set_client */;
/*!50503 SET character_set_client = utf8mb4 */;
CREATE TABLE `event` (
  `id` int(11) NOT NULL AUTO_INCREMENT COMMENT '',
  `event_type_id` int(11) DEFAULT NULL COMMENT '',
  `name` varchar(255) NOT NULL COMMENT '',
  `text` varchar(255) NOT NULL COMMENT '',
  `status` int(11) DEFAULT NULL COMMENT '',
  `date_from` date NOT NULL COMMENT '',
  `date_to` date NOT NULL COMMENT '',
  `start_time` time NOT NULL COMMENT '',
  `end_time` time NOT NULL,
  PRIMARY KEY (`id`),
  KEY `event_type_id` (`event_type_id`),
  CONSTRAINT `event_ibfk_1` FOREIGN KEY (`event_type_id`) REFERENCES `event_type` (`id`) ON DELETE CASCADE ON UPDATE CASCADE
) ENGINE=InnoDB AUTO_INCREMENT=62 DEFAULT CHARSET=utf8;
/*!40101 SET character_set_client = @saved_cs_client */;

--
-- Dumping data for table `event`
--

LOCK TABLES `event` WRITE;
/*!40000 ALTER TABLE `event` DISABLE KEYS */;
INSERT INTO `event` (`id`, `event_type_id`, `name`, `text`, `status`, `date_from`, `date_to`, `start_time`, `end_time`) VALUES (1,1,'  1','   ,  ,      .',1,'2018-10-30','2018-10-30','10:06:09','00:00:00'),(2,1,'  1','  1',1,'2018-10-31','2018-10-31','09:06:09','00:00:00'),(3,3,'  1','   ,  ,      .',1,'2018-10-30','2018-10-30','10:06:09','00:00:00'),(4,4,'  1','   ,  ,      .',1,'2018-10-30','2018-10-30','10:06:09','00:00:00'),(5,1,'  1','  1',1,'2018-10-29','2018-10-29','10:36:09','00:00:00'),(6,1,'  2 ','  2 ',1,'2018-12-21','2018-12-21','11:30:07','00:00:00'),(7,1,'  3','  3',1,'2018-12-20','2018-12-20','07:00:07','00:00:00'),(8,2,'  4','',1,'2018-12-22','2018-12-22','17:20:00','00:00:00'),(9,1,'  5','  5',1,'2018-12-21','2018-12-21','02:20:00','00:00:00'),(10,1,'  6','  6',1,'2018-12-14','2018-12-14','12:50:00','00:00:00'),(11,1,'  7','  7',1,'2018-12-12','2018-12-12','01:20:00','00:00:00'),(12,2,'  8',' ',1,'2018-12-12','2018-12-12','13:20:00','00:00:00'),(51,1,'ghjkl;','ghjkl;',1,'2020-11-20','2020-11-21','01:00:00','08:00:00'),(52,1,'test','test',1,'2020-11-17','2020-11-17','02:30:00','10:00:00'),(53,1,' 1 ','',NULL,'2020-11-04','2020-11-05','00:00:00','00:00:00'),(54,1,' 2',' 2',1,'2020-11-16','2020-11-16','01:00:00','09:30:00'),(55,NULL,'','<p></p>',NULL,'2020-11-21','2020-11-22','00:00:00','10:00:00'),(56,NULL,'','<p></p>',NULL,'2020-11-19','2020-11-19','06:00:00','09:00:00'),(57,NULL,'wertyjkl','<p>wqfdv</p>',NULL,'2020-11-18','2020-11-19','00:00:00','12:00:00'),(58,NULL,' ','',NULL,'2020-11-19','2020-11-21','00:00:00','00:00:00'),(59,1,' 1 34','<p>lie on amounts </p><p>So u try</p>',57,'2020-11-05','2020-11-06','00:00:00','00:00:00'),(60,1,'','',1,'2020-12-02','2020-12-02','11:30:00','06:00:00'),(61,NULL,'Cccc','',NULL,'2020-11-06','2020-11-07','00:00:00','00:00:00');
/*!40000 ALTER TABLE `event` ENABLE KEYS */;
UNLOCK TABLES;

--
-- Table structure for table `event_type`
--

DROP TABLE IF EXISTS `event_type`;
/*!40101 SET @saved_cs_client     = @@character_set_client */;
/*!50503 SET character_set_client = utf8mb4 */;
CREATE TABLE `event_type` (
  `id` int(11) NOT NULL AUTO_INCREMENT COMMENT '',
  `name` int(11) NOT NULL COMMENT '',
  `status` int(11) NOT NULL DEFAULT '1' COMMENT '',
  `color` varchar(20) NOT NULL DEFAULT '#CCC' COMMENT '',
  PRIMARY KEY (`id`)
) ENGINE=InnoDB AUTO_INCREMENT=8 DEFAULT CHARSET=utf8;
/*!40101 SET character_set_client = @saved_cs_client */;

--
-- Dumping data for table `event_type`
--

LOCK TABLES `event_type` WRITE;
/*!40000 ALTER TABLE `event_type` DISABLE KEYS */;
INSERT INTO `event_type` (`id`, `name`, `status`, `color`) VALUES (1,0,0,''),(2,0,0,''),(3,0,0,''),(4,0,0,''),(5,0,0,''),(6,0,0,''),(7,0,0,'');
/*!40000 ALTER TABLE `event_type` ENABLE KEYS */;
UNLOCK TABLES;

--
-- Table structure for table `field`
--

DROP TABLE IF EXISTS `field`;
/*!40101 SET @saved_cs_client     = @@character_set_client */;
/*!50503 SET character_set_client = utf8mb4 */;
CREATE TABLE `field` (
  `id` int(11) NOT NULL AUTO_INCREMENT,
  `category_id` int(11) NOT NULL,
  `widget` varchar(55) COLLATE utf8_unicode_ci NOT NULL,
  `name` varchar(55) COLLATE utf8_unicode_ci NOT NULL,
  `defaulted` varchar(55) COLLATE utf8_unicode_ci DEFAULT NULL,
  PRIMARY KEY (`id`),
  KEY `field_ibfk_1` (`category_id`),
  CONSTRAINT `field_ibfk_1` FOREIGN KEY (`category_id`) REFERENCES `category` (`id`) ON DELETE CASCADE ON UPDATE CASCADE
) ENGINE=InnoDB AUTO_INCREMENT=388 DEFAULT CHARSET=utf8 COLLATE=utf8_unicode_ci;
/*!40101 SET character_set_client = @saved_cs_client */;

--
-- Dumping data for table `field`
--

LOCK TABLES `field` WRITE;
/*!40000 ALTER TABLE `field` DISABLE KEYS */;
INSERT INTO `field` (`id`, `category_id`, `widget`, `name`, `defaulted`) VALUES (334,190,'widgetDropDownList',' ',NULL),(335,190,'widgetSwitchInput','  ',''),(336,190,'widgetMultiSelect','',NULL),(337,190,'widgetNumberControl','  ','2'),(338,190,'widgetTextInput',' ','2 '),(339,190,'widgetTextInput',' ','32 '),(340,190,'widgetDropDownList',' ',NULL),(341,190,'widgetSwitchInput','  ',''),(342,190,'widgetTypeahead','',NULL),(343,193,'widgetDropDownList',' ',NULL),(344,193,'widgetSwitchInput','  ',''),(345,193,'widgetMultiSelect','',NULL),(346,193,'widgetNumberControl','  ','2'),(347,193,'widgetTextInput',' ','2 '),(348,193,'widgetTextInput',' ','32 '),(349,193,'widgetDropDownList',' ',NULL),(350,193,'widgetSwitchInput','  ',''),(351,193,'widgetTypeahead','',NULL),(352,196,'widgetDropDownList',' ',NULL),(353,196,'widgetSwitchInput','  ',''),(354,196,'widgetMultiSelect','',NULL),(355,196,'widgetNumberControl','  ','2'),(356,196,'widgetTextInput',' ','2 '),(357,196,'widgetTextInput',' ','32 '),(358,196,'widgetDropDownList',' ',NULL),(359,196,'widgetSwitchInput','  ',''),(360,196,'widgetTypeahead','',NULL),(361,199,'widgetDropDownList',' ',NULL),(362,199,'widgetSwitchInput','  ',''),(363,199,'widgetMultiSelect','',NULL),(364,199,'widgetNumberControl','  ','2'),(365,199,'widgetTextInput',' ','2 '),(366,199,'widgetTextInput',' ','32 '),(367,199,'widgetDropDownList',' ',NULL),(368,199,'widgetSwitchInput','  ',''),(369,199,'widgetTypeahead','',NULL),(370,200,'widgetDropDownList',' ',NULL),(371,200,'widgetSwitchInput','  ',''),(372,200,'widgetMultiSelect','',NULL),(373,200,'widgetNumberControl','  ','2'),(374,200,'widgetTextInput',' ','2 '),(375,200,'widgetTextInput',' ','32 '),(376,200,'widgetDropDownList',' ',NULL),(377,200,'widgetSwitchInput','  ',''),(378,200,'widgetTypeahead','',NULL),(379,203,'widgetDropDownList',' ',NULL),(380,203,'widgetSwitchInput','  ',''),(381,203,'widgetMultiSelect','',NULL),(382,203,'widgetNumberControl','  ','2'),(383,203,'widgetTextInput',' ','2 '),(384,203,'widgetTextInput',' ','32 '),(385,203,'widgetDropDownList',' ',NULL),(386,203,'widgetSwitchInput','  ',''),(387,203,'widgetTypeahead','',NULL);
/*!40000 ALTER TABLE `field` ENABLE KEYS */;
UNLOCK TABLES;

--
-- Table structure for table `field_product_value`
--

DROP TABLE IF EXISTS `field_product_value`;
/*!40101 SET @saved_cs_client     = @@character_set_client */;
/*!50503 SET character_set_client = utf8mb4 */;
CREATE TABLE `field_product_value` (
  `id` int(11) NOT NULL AUTO_INCREMENT,
  `field_id` int(11) NOT NULL,
  `product_id` int(11) NOT NULL,
  `value` varchar(255) COLLATE utf8_unicode_ci DEFAULT NULL,
  PRIMARY KEY (`id`),
  KEY `field_product_value_ibfk_1` (`field_id`),
  KEY `field_product_value_ibfk_2` (`product_id`),
  CONSTRAINT `field_product_value_ibfk_1` FOREIGN KEY (`field_id`) REFERENCES `field` (`id`) ON DELETE CASCADE ON UPDATE CASCADE,
  CONSTRAINT `field_product_value_ibfk_2` FOREIGN KEY (`product_id`) REFERENCES `product` (`id`) ON DELETE CASCADE ON UPDATE CASCADE
) ENGINE=InnoDB AUTO_INCREMENT=179 DEFAULT CHARSET=utf8 COLLATE=utf8_unicode_ci;
/*!40101 SET character_set_client = @saved_cs_client */;

--
-- Dumping data for table `field_product_value`
--

LOCK TABLES `field_product_value` WRITE;
/*!40000 ALTER TABLE `field_product_value` DISABLE KEYS */;
INSERT INTO `field_product_value` (`id`, `field_id`, `product_id`, `value`) VALUES (89,334,246,'87'),(90,335,246,'1'),(91,336,246,'[\"94\"]'),(92,337,246,''),(93,338,246,'6 '),(94,339,246,'64 '),(95,340,246,'99'),(96,341,246,'0'),(97,342,246,' '),(98,334,247,'89'),(99,335,247,'1'),(100,336,247,'[\"93\"]'),(101,337,247,'1'),(102,338,247,'2 '),(103,339,247,'64 '),(104,340,247,'99'),(105,341,247,'1'),(106,342,247,' '),(107,334,251,''),(108,335,251,'0'),(109,336,251,'[\"93\",\"95\"]'),(110,337,251,'2'),(111,338,251,'35 '),(112,339,251,''),(113,340,251,'99'),(114,341,251,'0'),(115,342,251,''),(116,334,255,''),(117,335,255,'0'),(118,336,255,'[\"95\",\"96\"]'),(119,337,255,'1'),(120,338,255,'200 '),(121,339,255,'1 '),(122,340,255,''),(123,341,255,'0'),(124,342,255,''),(125,334,250,'89'),(126,335,250,'1'),(127,336,250,'[\"92\"]'),(128,337,250,'2'),(129,338,250,''),(130,339,250,'128 '),(131,340,250,'100'),(132,341,250,'1'),(133,342,250,' '),(134,334,248,'86'),(135,335,248,'0'),(136,336,248,'[\"96\"]'),(137,337,248,'1'),(138,338,248,'6 '),(139,339,248,'64 '),(140,340,248,'99'),(141,341,248,'0'),(142,342,248,' '),(143,334,249,'89'),(144,335,249,'0'),(145,336,249,'[\"95\",\"97\"]'),(146,337,249,'2'),(147,338,249,'6 '),(148,339,249,'128 '),(149,340,249,'99'),(150,341,249,'1'),(151,342,249,' '),(152,334,252,'88'),(153,335,252,'1'),(154,336,252,'[\"94\"]'),(155,337,252,'1'),(156,338,252,'6 '),(157,339,252,'64 '),(158,340,252,'99'),(159,341,252,'0'),(160,342,252,''),(161,334,254,'91'),(162,335,254,'0'),(163,336,254,'[\"92\"]'),(164,337,254,'1'),(165,338,254,'200 '),(166,339,254,'1 '),(167,340,254,''),(168,341,254,'0'),(169,342,254,''),(170,334,253,'91'),(171,335,253,'1'),(172,336,253,'[\"95\"]'),(173,337,253,'2'),(174,338,253,''),(175,339,253,'1 '),(176,340,253,''),(177,341,253,'0'),(178,342,253,'');
/*!40000 ALTER TABLE `field_product_value` ENABLE KEYS */;
UNLOCK TABLES;

--
-- Table structure for table `field_value`
--

DROP TABLE IF EXISTS `field_value`;
/*!40101 SET @saved_cs_client     = @@character_set_client */;
/*!50503 SET character_set_client = utf8mb4 */;
CREATE TABLE `field_value` (
  `id` int(11) NOT NULL AUTO_INCREMENT,
  `field_id` int(11) NOT NULL,
  `name` varchar(55) COLLATE utf8_unicode_ci NOT NULL,
  `is_main` tinyint(1) DEFAULT '0',
  PRIMARY KEY (`id`),
  KEY `field_value_ibfk_1` (`field_id`),
  CONSTRAINT `field_value_ibfk_1` FOREIGN KEY (`field_id`) REFERENCES `field` (`id`) ON DELETE CASCADE ON UPDATE CASCADE
) ENGINE=InnoDB AUTO_INCREMENT=104 DEFAULT CHARSET=utf8 COLLATE=utf8_unicode_ci;
/*!40101 SET character_set_client = @saved_cs_client */;

--
-- Dumping data for table `field_value`
--

LOCK TABLES `field_value` WRITE;
/*!40000 ALTER TABLE `field_value` DISABLE KEYS */;
INSERT INTO `field_value` (`id`, `field_id`, `name`, `is_main`) VALUES (85,334,'4,1`` - 4,5``',0),(86,334,'4,6``- 5``',0),(87,334,'5,1`` - 5,5``',0),(88,334,'5,55`` - 6``',0),(89,334,'6`` - 6,49``',0),(90,334,'6,5``  ',0),(91,334,' 4``',0),(92,336,'',0),(93,336,'',0),(94,336,'',0),(95,336,'',0),(96,336,'',0),(97,336,'',0),(98,336,'',0),(99,340,'Android',0),(100,340,'IOS',0),(101,340,'Windows',0),(102,342,'',0),(103,342,' ',1);
/*!40000 ALTER TABLE `field_value` ENABLE KEYS */;
UNLOCK TABLES;

--
-- Table structure for table `interview`
--

DROP TABLE IF EXISTS `interview`;
/*!40101 SET @saved_cs_client     = @@character_set_client */;
/*!50503 SET character_set_client = utf8mb4 */;
CREATE TABLE `interview` (
  `id` int(11) NOT NULL AUTO_INCREMENT,
  `worker_id` int(11) NOT NULL,
  `project_id` int(11) NOT NULL,
  `name` varchar(100) NOT NULL,
  `date_create` datetime DEFAULT NULL,
  `date_complete` datetime DEFAULT NULL,
  `state` int(11) NOT NULL,
  `vacancy_id` int(11) DEFAULT NULL,
  `dialog` text,
  `next_step` text,
  PRIMARY KEY (`id`),
  KEY `interview_worker_id_fk` (`worker_id`),
  KEY `interview_project_id_fk` (`project_id`),
  KEY `interview_vacancy_id_fk` (`vacancy_id`),
  CONSTRAINT `interview_project_id_fk` FOREIGN KEY (`project_id`) REFERENCES `project` (`id`) ON DELETE CASCADE ON UPDATE CASCADE,
  CONSTRAINT `interview_vacancy_id_fk` FOREIGN KEY (`vacancy_id`) REFERENCES `vacancy` (`id`) ON DELETE CASCADE,
  CONSTRAINT `interview_worker_id_fk` FOREIGN KEY (`worker_id`) REFERENCES `worker` (`id`) ON DELETE CASCADE ON UPDATE CASCADE
) ENGINE=InnoDB AUTO_INCREMENT=13 DEFAULT CHARSET=utf8;
/*!40101 SET character_set_client = @saved_cs_client */;

--
-- Dumping data for table `interview`
--

LOCK TABLES `interview` WRITE;
/*!40000 ALTER TABLE `interview` DISABLE KEYS */;
INSERT INTO `interview` (`id`, `worker_id`, `project_id`, `name`, `date_create`, `date_complete`, `state`, `vacancy_id`, `dialog`, `next_step`) VALUES (1,3,11,'-','2020-12-03 19:26:44',NULL,4,86,'03.12.2020 17:58:33<br/><p>: \n                        \n                         ,      ,      , ? :    \" \",  ?                        \n                    </p><p>: </p><p>: \n                        \n                            ?                        \n                    </p><p>:   (10+)</p><p>: \n                        \n                            ?                        \n                    </p><p>: </p><br/><div style=\"background: mediumseagreen;\" class=\"alert alert-primary\" role=\"alert\"> </div><br/><div style=\"background: yellowgreen;\" class=\"alert alert-primary\" role=\"alert\"></div>','<div style=\"background: yellowgreen;\" class=\"alert alert-primary\" role=\"alert\"></div>'),(2,1,11,'-','2020-12-03 19:34:26',NULL,2,87,NULL,NULL),(3,4,6,'-','2020-12-03 19:36:24',NULL,4,87,NULL,NULL),(4,7,13,'-','2020-12-03 19:26:44',NULL,0,90,'03.12.2020 17:58:33<br/><p>: \n                        \n                         ,      ,      , ? :    \" \",  ?                        \n                    </p><p>: </p><p>: \n                        \n                            ?                        \n                    </p><p>:   (10+)</p><p>: \n                        \n                            ?                        \n                    </p><p>: </p><br/><div style=\"background: mediumseagreen;\" class=\"alert alert-primary\" role=\"alert\"> </div><br/><div style=\"background: yellowgreen;\" class=\"alert alert-primary\" role=\"alert\"></div>','<div style=\"background: yellowgreen;\" class=\"alert alert-primary\" role=\"alert\"></div>'),(5,5,13,'-','2020-12-03 19:34:26',NULL,0,91,NULL,NULL),(6,8,12,'-','2020-12-03 19:36:24',NULL,0,91,NULL,NULL),(7,11,15,'-','2020-12-03 19:26:44',NULL,0,94,'03.12.2020 17:58:33<br/><p>: \n                        \n                         ,      ,      , ? :    \" \",  ?                        \n                    </p><p>: </p><p>: \n                        \n                            ?                        \n                    </p><p>:   (10+)</p><p>: \n                        \n                            ?                        \n                    </p><p>: </p><br/><div style=\"background: mediumseagreen;\" class=\"alert alert-primary\" role=\"alert\"> </div><br/><div style=\"background: yellowgreen;\" class=\"alert alert-primary\" role=\"alert\"></div>','<div style=\"background: yellowgreen;\" class=\"alert alert-primary\" role=\"alert\"></div>'),(8,9,15,'-','2020-12-03 19:34:26',NULL,0,95,NULL,NULL),(9,12,14,'-','2020-12-03 19:36:24',NULL,0,95,NULL,NULL),(10,19,18,'-','2020-12-03 19:26:44',NULL,0,98,'03.12.2020 17:58:33<br/><p>: \n                        \n                         ,      ,      , ? :    \" \",  ?                        \n                    </p><p>: </p><p>: \n                        \n                            ?                        \n                    </p><p>:   (10+)</p><p>: \n                        \n                            ?                        \n                    </p><p>: </p><br/><div style=\"background: mediumseagreen;\" class=\"alert alert-primary\" role=\"alert\"> </div><br/><div style=\"background: yellowgreen;\" class=\"alert alert-primary\" role=\"alert\"></div>','<div style=\"background: yellowgreen;\" class=\"alert alert-primary\" role=\"alert\"></div>'),(11,17,18,'-','2020-12-03 19:34:26',NULL,0,99,NULL,NULL),(12,20,17,'-','2020-12-03 19:36:24',NULL,0,99,NULL,NULL);
/*!40000 ALTER TABLE `interview` ENABLE KEYS */;
UNLOCK TABLES;

--
-- Table structure for table `interview_vacancy`
--

DROP TABLE IF EXISTS `interview_vacancy`;
/*!40101 SET @saved_cs_client     = @@character_set_client */;
/*!50503 SET character_set_client = utf8mb4 */;
CREATE TABLE `interview_vacancy` (
  `id` int(11) NOT NULL AUTO_INCREMENT,
  `vacancy_id` int(11) NOT NULL,
  `interview_id` int(11) NOT NULL,
  `quantity` int(11) NOT NULL,
  `cost` double(10,2) DEFAULT NULL,
  `cost_type` int(11) DEFAULT NULL,
  `overhead_cost_id` int(11) DEFAULT NULL,
  `currency_id` int(11) NOT NULL,
  `pack_unit_id` int(11) DEFAULT NULL,
  PRIMARY KEY (`id`),
  KEY `interview_vacancy_currency_id_fk` (`currency_id`),
  KEY `interview_vacancy_pack_unit_id_fk` (`pack_unit_id`),
  KEY `interview_vacancy_vacancy_id_fk` (`vacancy_id`),
  KEY `interview_vacancy_interview_id_fk` (`interview_id`),
  KEY `interview_vacancy_overhead_cost_id_fk` (`overhead_cost_id`),
  CONSTRAINT `interview_vacancy_currency_id_fk` FOREIGN KEY (`currency_id`) REFERENCES `currency` (`id`) ON DELETE CASCADE ON UPDATE CASCADE,
  CONSTRAINT `interview_vacancy_interview_id_fk` FOREIGN KEY (`interview_id`) REFERENCES `interview` (`id`) ON DELETE CASCADE ON UPDATE CASCADE,
  CONSTRAINT `interview_vacancy_overhead_cost_id_fk` FOREIGN KEY (`overhead_cost_id`) REFERENCES `overhead_cost` (`id`) ON DELETE CASCADE ON UPDATE CASCADE,
  CONSTRAINT `interview_vacancy_pack_unit_id_fk` FOREIGN KEY (`pack_unit_id`) REFERENCES `pack_unit` (`id`) ON DELETE CASCADE ON UPDATE CASCADE,
  CONSTRAINT `interview_vacancy_vacancy_id_fk` FOREIGN KEY (`vacancy_id`) REFERENCES `vacancy` (`id`) ON DELETE CASCADE ON UPDATE CASCADE
) ENGINE=InnoDB DEFAULT CHARSET=utf8;
/*!40101 SET character_set_client = @saved_cs_client */;

--
-- Dumping data for table `interview_vacancy`
--

LOCK TABLES `interview_vacancy` WRITE;
/*!40000 ALTER TABLE `interview_vacancy` DISABLE KEYS */;
/*!40000 ALTER TABLE `interview_vacancy` ENABLE KEYS */;
UNLOCK TABLES;

--
-- Table structure for table `inventorization`
--

DROP TABLE IF EXISTS `inventorization`;
/*!40101 SET @saved_cs_client     = @@character_set_client */;
/*!50503 SET character_set_client = utf8mb4 */;
CREATE TABLE `inventorization` (
  `id` int(11) NOT NULL AUTO_INCREMENT,
  `warehouse_id` int(11) NOT NULL,
  `name` varchar(255) DEFAULT NULL,
  `date` datetime DEFAULT NULL,
  `state` int(11) DEFAULT NULL,
  PRIMARY KEY (`id`),
  KEY `inventorization_warehouse_id_fk` (`warehouse_id`),
  CONSTRAINT `inventorization_warehouse_id_fk` FOREIGN KEY (`warehouse_id`) REFERENCES `warehouse` (`id`) ON DELETE CASCADE ON UPDATE CASCADE
) ENGINE=InnoDB DEFAULT CHARSET=utf8;
/*!40101 SET character_set_client = @saved_cs_client */;

--
-- Dumping data for table `inventorization`
--

LOCK TABLES `inventorization` WRITE;
/*!40000 ALTER TABLE `inventorization` DISABLE KEYS */;
/*!40000 ALTER TABLE `inventorization` ENABLE KEYS */;
UNLOCK TABLES;

--
-- Table structure for table `inventorization_product`
--

DROP TABLE IF EXISTS `inventorization_product`;
/*!40101 SET @saved_cs_client     = @@character_set_client */;
/*!50503 SET character_set_client = utf8mb4 */;
CREATE TABLE `inventorization_product` (
  `id` int(11) NOT NULL AUTO_INCREMENT,
  `product_id` int(11) NOT NULL,
  `inventorization_id` int(11) NOT NULL,
  `accounting_quantity` int(11) DEFAULT NULL,
  `fact_quantity` int(11) DEFAULT NULL,
  PRIMARY KEY (`id`),
  KEY `inventorization_product_product_id_fk` (`product_id`),
  KEY `iinventorization_product_warehouse_id_fk` (`inventorization_id`),
  CONSTRAINT `iinventorization_product_warehouse_id_fk` FOREIGN KEY (`inventorization_id`) REFERENCES `inventorization` (`id`) ON DELETE CASCADE ON UPDATE CASCADE,
  CONSTRAINT `inventorization_product_product_id_fk` FOREIGN KEY (`product_id`) REFERENCES `product` (`id`) ON DELETE CASCADE ON UPDATE CASCADE
) ENGINE=InnoDB DEFAULT CHARSET=utf8;
/*!40101 SET character_set_client = @saved_cs_client */;

--
-- Dumping data for table `inventorization_product`
--

LOCK TABLES `inventorization_product` WRITE;
/*!40000 ALTER TABLE `inventorization_product` DISABLE KEYS */;
/*!40000 ALTER TABLE `inventorization_product` ENABLE KEYS */;
UNLOCK TABLES;

--
-- Table structure for table `item`
--

DROP TABLE IF EXISTS `item`;
/*!40101 SET @saved_cs_client     = @@character_set_client */;
/*!50503 SET character_set_client = utf8mb4 */;
CREATE TABLE `item` (
  `id` int(11) NOT NULL AUTO_INCREMENT,
  `title` varchar(255) COLLATE utf8_unicode_ci DEFAULT NULL,
  `parent_id` int(11) DEFAULT NULL,
  `regularity_id` int(11) DEFAULT NULL,
  `order` int(11) DEFAULT NULL,
  `color` varchar(55) COLLATE utf8_unicode_ci DEFAULT NULL,
  `description` varchar(6500) COLLATE utf8_unicode_ci DEFAULT NULL,
  `picture` varchar(100) COLLATE utf8_unicode_ci DEFAULT NULL,
  `access` tinyint(1) DEFAULT '0',
  PRIMARY KEY (`id`),
  KEY `regularity_item_ibfk_1` (`regularity_id`),
  KEY `regularity_item_ibfk_2` (`parent_id`),
  CONSTRAINT `regularity_item_ibfk_1` FOREIGN KEY (`regularity_id`) REFERENCES `regularity` (`id`) ON DELETE CASCADE ON UPDATE CASCADE,
  CONSTRAINT `regularity_item_ibfk_2` FOREIGN KEY (`parent_id`) REFERENCES `item` (`id`) ON DELETE CASCADE ON UPDATE CASCADE
) ENGINE=InnoDB AUTO_INCREMENT=270 DEFAULT CHARSET=utf8 COLLATE=utf8_unicode_ci;
/*!40101 SET character_set_client = @saved_cs_client */;

--
-- Dumping data for table `item`
--

LOCK TABLES `item` WRITE;
/*!40000 ALTER TABLE `item` DISABLE KEYS */;
INSERT INTO `item` (`id`, `title`, `parent_id`, `regularity_id`, `order`, `color`, `description`, `picture`, `access`) VALUES (1,'',NULL,34,NULL,'weadfsehtgjhm','<p>   -      <strong> ,  </strong> <strong></strong>  <strong></strong>.    <strong></strong>    <strong></strong> (     ,   ,          ). </p><p>,   , <strong>    </strong>      .     -     <strong> </strong>        <strong> </strong> . </p><p>  -  <strong>  </strong>     <strong> </strong>.     0  -     .      -    .   ,  .\r\n</p><p> -    .      -  ,   .       ,            .  .  </p>','/regularity_images/airport-2373727_1920.jpg',1),(98,'',NULL,34,NULL,'','<p>    ,   .        (    ) -    ,      .        -    .        .         ingello ( ).</p>','/regularity_images/paper-3213924_1280.jpg',1),(99,'',NULL,34,NULL,'','<p>        \\  .       .        .     ,         .   .  </p>','/regularity_images/ecommerce-3530785.jpg',1),(100,' ',NULL,34,NULL,'','<p>  <strong>   </strong>   .      .  - , , , . -    ,   .  :      ,   <strong>,   ,</strong>  <strong> , </strong>   . </p><p>    <strong>WMR</strong> (Warehouse Management System -   ),  -     <strong>ERP</strong> - (Enterprise Resource Planning -   ). </p>','/regularity_images/ikea-2714998_1920.jpg',1),(101,'',NULL,34,NULL,'','<p>   ,   ,  <strong></strong> -      -.  ,    ,       .</p><p>     -    <strong>  </strong>,      .      . </p><p> ,   <strong></strong>,  <strong></strong>   <strong></strong>,   <strong> </strong>  <strong></strong>    ,     <strong></strong> <strong></strong>  <strong></strong> . </p><p>      <strong>CRM</strong>  (Customer Relationship Management - <strong>    ).</strong></p>','/regularity_images/apples-1841132_1920.jpg',1),(102,'',NULL,34,NULL,'','<p>     - ,    .  ,     ,  ,  , - <strong> </strong>. ,  , .       <strong></strong>  ,   <strong></strong>     <strong></strong>     ,     ,     . </p><p>     - <strong></strong>, <strong></strong>  <strong></strong>.        ,   .      . </p><p>    <strong>HRM</strong> (Human Resource Management - <strong> -</strong>). </p>','/regularity_images/basketball-108622_1920.jpg',1),(117,' ',NULL,34,NULL,'','<p>     <strong></strong>   ,     <strong> </strong>   <strong> </strong>.    , <strong> </strong>.            ingello     . </p><p>  -  <strong>  </strong> ,    <strong>   </strong>,              . </p><p>    <strong>E-Commerce</strong>  <strong>Marketplace</strong> -   ,   <strong>PMS</strong>     ,   <strong>HIS</strong>   ,  <strong>API</strong>    ,  <strong>IOT</strong> -     ,           ! </p><p>,   .       . </p>','/regularity_images/person-731479_1920.jpg',1),(118,' ',NULL,153,NULL,'','<p>     .    .         -        ,        .     - .        -        . </p><p> </p><p>      .</p><p><br></p>','/regularity_images/library-5641389_1920.jpg',1),(119,' ',NULL,153,NULL,'','<p>    ,      ,    . ,      . </p><p>,       ...</p>','/regularity_images/container-4203677_1920.jpg',1),(120,'',NULL,153,NULL,'','<p> -  ,          .       ,        .             -   ,     . </p><p>   :    .       <wtf>\\</wtf>     .         ,  ...</p>','/regularity_images/color-5093046_1920.jpg',1),(121,'',NULL,154,NULL,'','<p> </p>','/regularity_images/forklift-835340_1920.jpg',1),(122,'',NULL,154,NULL,'','<p> (  - )</p><p> </p><p> </p><p> </p><p> </p><p></p><p></p>','/regularity_images/production-4408573_1920.jpg',1),(123,'',NULL,154,NULL,'','<p> (  - )</p><p> </p><p> </p><p> </p><p> </p><p></p><p></p>','/regularity_images/truck-1030846_1920.jpg',1),(124,'',NULL,154,NULL,'','<p></p>','/regularity_images/tee-1252397_1920.jpg',1),(132,' ',NULL,156,NULL,'','','/regularity_images/lechner-50119_1920.jpg',1),(133,'',NULL,156,NULL,'','','/regularity_images/office-1078869_1920.jpg',1),(134,'',NULL,156,NULL,'','','/regularity_images/seminar-594125_1920.jpg',1),(135,'',NULL,156,NULL,'','','/regularity_images/industry-3087393_1920.jpg',1),(136,' ',NULL,156,NULL,'','','/regularity_images/office-4639462_1920.jpg',1),(137,' ',NULL,156,NULL,'','','/regularity_images/video-conference-5238383_1920.jpg',1),(138,'',NULL,157,NULL,'','<p>   .       .      .  </p><p>    -  ,     ,    . </p><p> ,       ,  ,   ,   ,     ,      .        . </p><p>        ,      .   ,   .   -    ,    . </p><p>  ,     . ,     ,      .            .          .      -      (  ).     -   .    -  .    ,    -.</p><p><strong>  ,</strong>     .</p><p>(      )</p>','/regularity_images/chart-2785979_1920.jpg',1),(139,'',NULL,157,NULL,'','<p>   ,            .     !</p><p> :    .    , , -   ,            .       ,  .          .   ingello -      ,      ,   . </p><p> -    ,   .     .   ,         .      ,     .</p><p>:      ,           .       ,   .   . </p><p>!  ,   ,     {{/core/regularity/settings||  }}  <a href=\"https://forma.ingello.com/core/regularity/settings\"></a></p><p>  ?   ,      .     ,      !      ,    .   -  !</p><p>   -,     . </p><p>,     ,    ()    ,  ,  .        ,      ,        ,     .. ,  , . </p><p>,   .            .</p><p>              {{/core/regularity/create||  }}  </p><p>,     .    .    {{/core/regularity||}}. ?         ,   !</p><p>    .  ,  ,   \"      \".    .  {{/core/regularity||    }} <a href=\"https://forma.ingello.com/core/regularity\"></a></p><p> ( )             .        .   . </p><p>           .     .    , -     ,    -   .      . </p><p>    ,    .</p><p>           -      .  ,         . </p>','/regularity_images/video-conference-5238383_1920.jpg',1),(140,'  ',NULL,157,NULL,'','<p>       ,            . </p><p>      {{/core/regularity/create||}} (   ),    .</p><p> ,           (        ). </p><p>     .         . </p><p>      ,    ,       ( , ,  &lt;&lt;&lt;).    (   )           &gt;&gt;&gt; {{/selling/default||}} ,          . </p><p> ?  ,  ,   .     .        2020 ? =)</p><p>      2 .   -   ,      .      .      . </p><p>  -   .       .     (   -           ).          .   ,   ,   .  ,                     . </p><p>            .</p><p> ,      ,       )</p><p>    ,     ,      . </p>','/regularity_images/sound-space-3851251_1920.jpg',1),(141,'',NULL,157,NULL,'','<p> -        ,         =)</p><p> ,        ,       ,    . </p><p>     ,         ,     . </p><p>         ,   .     . </p><p>,        .   ,      ,   . </p><p>    {{/core/regularity||}}        (    ).</p><p>        .     ,        .</p><p>      ,          .        {{/core/regularity/settings|| }} .  </p><p>     {{/core/regularity/regularity||}}   ,   . </p><p>              .   ,    ()     . </p>','/regularity_images/innovation-561388_1920.jpg',1),(142,'',NULL,157,NULL,'','<p>    ,      . </p><p>(          )</p><p>     , ,    . </p><p>       ,    .</p><p> -  28-31    ,    . </p><p>         ,           . </p><p>  ,     7 ,       ,    .               ,     . </p><p>        ,   ,    .     ,   . </p><p>  .   {{/event||   }}       .   . </p><p> ,          (    )    ,        .      ,   ! </p>','/regularity_images/bulletin-board-3233653_1920.jpg',1),(143,'',NULL,157,NULL,'','<p>     :  ,  ,             .         {{/core/system-event|| }}.    ,      .          ,   . </p>','/regularity_images/message-in-a-bottle-413680_1920.jpg',1),(144,'',NULL,158,NULL,'','',NULL,1),(145,' ',NULL,158,NULL,'','',NULL,1),(146,' ',NULL,158,NULL,'','',NULL,1),(147,' ',NULL,158,NULL,'','',NULL,1),(148,' ',NULL,158,NULL,'','',NULL,1),(149,' ',NULL,158,NULL,'','',NULL,1),(150,'IOT -  ',NULL,158,NULL,'','',NULL,1),(151,' ',NULL,158,NULL,'','',NULL,1),(152,' ',NULL,158,NULL,'','',NULL,1),(153,' ',NULL,158,NULL,'','',NULL,1),(154,' ',NULL,158,NULL,'','',NULL,1),(155,' ',NULL,158,NULL,'','',NULL,1),(156,'',NULL,159,NULL,'weadfsehtgjhm','<p>   -      <strong> ,  </strong> <strong></strong>  <strong></strong>.    <strong></strong>    <strong></strong> (     ,   ,          ). </p><p>,   , <strong>    </strong>      .     -     <strong> </strong>        <strong> </strong> . </p><p>  -  <strong>  </strong>     <strong> </strong>.     0  -     .      -    .   ,  .\r\n</p><p> -    .      -  ,   .       ,            .  .  !qwdefgryjilk.l</p>',NULL,1),(157,'',NULL,159,NULL,'','<p>    ,   .        (    ) -    ,      .        -    .        .         ingello ( ).</p>',NULL,1),(158,'',NULL,159,NULL,'','<p>        \\  .       .        .     ,         .   .  </p>',NULL,1),(159,' ',NULL,159,NULL,'','<p>  <strong>   </strong>   .      .  - , , , . -    ,   .  :      ,   <strong>,   ,</strong>  <strong> , </strong>   . </p><p>    <strong>WMR</strong> (Warehouse Management System -   ),  -     <strong>ERP</strong> - (Enterprise Resource Planning -   ). </p>',NULL,1),(160,'',NULL,159,NULL,'','<p>   ,   ,  <strong></strong> -      -.  ,    ,       .</p><p>     -    <strong>  </strong>,      .      . </p><p> ,   <strong></strong>,  <strong></strong>   <strong></strong>,   <strong> </strong>  <strong></strong>    ,     <strong></strong> <strong></strong>  <strong></strong> . </p><p>      <strong>CRM</strong>  (Customer Relationship Management - <strong>    ).</strong></p>',NULL,1),(161,'',NULL,159,NULL,'','<p>     - ,    .  ,     ,  ,  , - <strong> </strong>. ,  , .       <strong></strong>  ,   <strong></strong>     <strong></strong>     ,     ,     . </p><p>     - <strong></strong>, <strong></strong>  <strong></strong>.        ,   .      . </p><p>    <strong>HRM</strong> (Human Resource Management - <strong> -</strong>). </p>',NULL,1),(162,' ',NULL,159,NULL,'','<p>     <strong></strong>   ,     <strong> </strong>   <strong> </strong>.    , <strong> </strong>.            ingello     . </p><p>  -  <strong>  </strong> ,    <strong>   </strong>,              . </p><p>    <strong>E-Commerce</strong>  <strong>Marketplace</strong> -   ,   <strong>PMS</strong>     ,   <strong>HIS</strong>   ,  <strong>API</strong>    ,  <strong>IOT</strong> -     ,           ! </p><p>,   .       . </p>',NULL,1),(163,' ',NULL,160,NULL,'','',NULL,1),(164,' ',NULL,160,NULL,'','',NULL,1),(165,'',NULL,160,NULL,'','',NULL,1),(166,'',NULL,161,NULL,'','<p> </p>',NULL,1),(167,'',NULL,161,NULL,'','<p> (  - )</p><p> </p><p> </p><p> </p><p> </p><p></p><p></p>',NULL,1),(168,'',NULL,161,NULL,'','<p> (  - )</p><p> </p><p> </p><p> </p><p> </p><p></p><p></p>',NULL,1),(169,'',NULL,161,NULL,'','',NULL,1),(170,' ',NULL,162,NULL,'','',NULL,1),(171,'',NULL,162,NULL,'','',NULL,1),(172,'',NULL,162,NULL,'','',NULL,1),(173,'',NULL,162,NULL,'','',NULL,1),(174,' ',NULL,162,NULL,'','',NULL,1),(175,' ',NULL,162,NULL,'','',NULL,1),(176,'',NULL,163,NULL,'','<p>   .       .      .  </p><p>    -  ,     ,    . </p><p> ,       ,  ,   ,   ,     ,      .        . </p><p>        ,      .   ,   .   -    ,    . </p><p>  ,     . ,     ,      .            .          .      -      (  ).     -   .    -  .    ,    -.</p><p><strong>  ,</strong>     .</p><p>(      )</p>',NULL,1),(177,'',NULL,163,NULL,'','<p>   ,            .     !</p><p> :    .    , , -   ,            .       ,  .          .   ingello -      ,      ,   . </p><p> -    ,   .     .   ,         .      ,     .</p><p>:      ,           .       ,   .   . </p><p>!  ,   ,     {{/core/regularity/settings||  }}  <a href=\"https://forma.ingello.com/core/regularity/settings\"></a></p><p>  ?   ,      .     ,      !      ,    .   -  !</p><p>   -,     . </p><p>,     ,    ()    ,  ,  .        ,      ,        ,     .. ,  , . </p><p>,   .            .</p><p>              {{/core/regularity/create||  }}  </p><p>,     .    .    {{/core/regularity||}}. ?         ,   !</p><p>    .  ,  ,   \"      \".    .  {{/core/regularity||    }} <a href=\"https://forma.ingello.com/core/regularity\"></a></p><p> ( )             .        .   . </p><p>           .     .    , -     ,    -   .      . </p><p>    ,    .</p><p>           -      .  ,         . </p>',NULL,1),(178,'  ',NULL,163,NULL,'','<p>       ,            . </p><p>      {{/core/regularity/create||}} (   ),    .</p><p> ,           (        ). </p><p>     .         . </p><p>      ,    ,       ( , ,  &lt;&lt;&lt;).    (   )           &gt;&gt;&gt; {{/selling/default||}} ,          . </p><p> ?  ,  ,   .     .        2020 ? =)</p><p>      2 .   -   ,      .      .      . </p><p>  -   .       .     (   -           ).          .   ,   ,   .  ,                     . </p><p>            .</p><p> ,      ,       )</p><p>    ,     ,      . </p>',NULL,1),(179,'',NULL,163,NULL,'','<p> -        ,         =)</p><p> ,        ,       ,    . </p><p>     ,         ,     . </p><p>         ,   .     . </p><p>,        .   ,      ,   . </p><p>    {{/core/regularity||}}        (    ).</p><p>        .     ,        .</p><p>      ,          .        {{/core/regularity/settings|| }} .  </p><p>     {{/core/regularity/regularity||}}   ,   . </p><p>              .   ,    ()     . </p>',NULL,1),(180,'',NULL,163,NULL,'','<p>    ,      . </p><p>(          )</p><p>     , ,    . </p><p>       ,    .</p><p> -  28-31    ,    . </p><p>         ,           . </p><p>  ,     7 ,       ,    .               ,     . </p><p>        ,   ,    .     ,   . </p><p>  .   {{/event||   }}       .   . </p><p> ,          (    )    ,        .      ,   ! </p>',NULL,1),(181,'',NULL,163,NULL,'','<p>     :  ,  ,             .         {{/core/system-event|| }}.    ,      .          ,   . </p>',NULL,1),(182,'',NULL,164,NULL,'','',NULL,1),(183,' ',NULL,164,NULL,'','',NULL,1),(184,' ',NULL,164,NULL,'','',NULL,1),(185,' ',NULL,164,NULL,'','',NULL,1),(186,' ',NULL,164,NULL,'','',NULL,1),(187,' ',NULL,164,NULL,'','',NULL,1),(188,'IOT -  ',NULL,164,NULL,'','',NULL,1),(189,' ',NULL,164,NULL,'','',NULL,1),(190,' ',NULL,164,NULL,'','',NULL,1),(191,' ',NULL,164,NULL,'','',NULL,1),(192,' ',NULL,164,NULL,'','',NULL,1),(193,' ',NULL,164,NULL,'','',NULL,1),(194,'',NULL,165,NULL,'weadfsehtgjhm','<p>   -      <strong> ,  </strong> <strong></strong>  <strong></strong>.    <strong></strong>    <strong></strong> (     ,   ,          ). </p><p>,   , <strong>    </strong>      .     -     <strong> </strong>        <strong> </strong> . </p><p>  -  <strong>  </strong>     <strong> </strong>.     0  -     .      -    .   ,  .\r\n</p><p> -    .      -  ,   .       ,            .  .  !qwdefgryjilk.l</p>',NULL,1),(195,'',NULL,165,NULL,'','<p>    ,   .        (    ) -    ,      .        -    .        .         ingello ( ).</p>',NULL,1),(196,'',NULL,165,NULL,'','<p>        \\  .       .        .     ,         .   .  </p>',NULL,1),(197,' ',NULL,165,NULL,'','<p>  <strong>   </strong>   .      .  - , , , . -    ,   .  :      ,   <strong>,   ,</strong>  <strong> , </strong>   . </p><p>    <strong>WMR</strong> (Warehouse Management System -   ),  -     <strong>ERP</strong> - (Enterprise Resource Planning -   ). </p>',NULL,1),(198,'',NULL,165,NULL,'','<p>   ,   ,  <strong></strong> -      -.  ,    ,       .</p><p>     -    <strong>  </strong>,      .      . </p><p> ,   <strong></strong>,  <strong></strong>   <strong></strong>,   <strong> </strong>  <strong></strong>    ,     <strong></strong> <strong></strong>  <strong></strong> . </p><p>      <strong>CRM</strong>  (Customer Relationship Management - <strong>    ).</strong></p>',NULL,1),(199,'',NULL,165,NULL,'','<p>     - ,    .  ,     ,  ,  , - <strong> </strong>. ,  , .       <strong></strong>  ,   <strong></strong>     <strong></strong>     ,     ,     . </p><p>     - <strong></strong>, <strong></strong>  <strong></strong>.        ,   .      . </p><p>    <strong>HRM</strong> (Human Resource Management - <strong> -</strong>). </p>',NULL,1),(200,' ',NULL,165,NULL,'','<p>     <strong></strong>   ,     <strong> </strong>   <strong> </strong>.    , <strong> </strong>.            ingello     . </p><p>  -  <strong>  </strong> ,    <strong>   </strong>,              . </p><p>    <strong>E-Commerce</strong>  <strong>Marketplace</strong> -   ,   <strong>PMS</strong>     ,   <strong>HIS</strong>   ,  <strong>API</strong>    ,  <strong>IOT</strong> -     ,           ! </p><p>,   .       . </p>',NULL,1),(201,' ',NULL,166,NULL,'','',NULL,1),(202,' ',NULL,166,NULL,'','',NULL,1),(203,'',NULL,166,NULL,'','',NULL,1),(204,'',NULL,167,NULL,'','<p> </p>',NULL,1),(205,'',NULL,167,NULL,'','<p> (  - )</p><p> </p><p> </p><p> </p><p> </p><p></p><p></p>',NULL,1),(206,'',NULL,167,NULL,'','<p> (  - )</p><p> </p><p> </p><p> </p><p> </p><p></p><p></p>',NULL,1),(207,'',NULL,167,NULL,'','',NULL,1),(208,' ',NULL,168,NULL,'','',NULL,1),(209,'',NULL,168,NULL,'','',NULL,1),(210,'',NULL,168,NULL,'','',NULL,1),(211,'',NULL,168,NULL,'','',NULL,1),(212,' ',NULL,168,NULL,'','',NULL,1),(213,' ',NULL,168,NULL,'','',NULL,1),(214,'',NULL,169,NULL,'','<p>   .       .      .  </p><p>    -  ,     ,    . </p><p> ,       ,  ,   ,   ,     ,      .        . </p><p>        ,      .   ,   .   -    ,    . </p><p>  ,     . ,     ,      .            .          .      -      (  ).     -   .    -  .    ,    -.</p><p><strong>  ,</strong>     .</p><p>(      )</p>',NULL,1),(215,'',NULL,169,NULL,'','<p>   ,            .     !</p><p> :    .    , , -   ,            .       ,  .          .   ingello -      ,      ,   . </p><p> -    ,   .     .   ,         .      ,     .</p><p>:      ,           .       ,   .   . </p><p>!  ,   ,     {{/core/regularity/settings||  }}  <a href=\"https://forma.ingello.com/core/regularity/settings\"></a></p><p>  ?   ,      .     ,      !      ,    .   -  !</p><p>   -,     . </p><p>,     ,    ()    ,  ,  .        ,      ,        ,     .. ,  , . </p><p>,   .            .</p><p>              {{/core/regularity/create||  }}  </p><p>,     .    .    {{/core/regularity||}}. ?         ,   !</p><p>    .  ,  ,   \"      \".    .  {{/core/regularity||    }} <a href=\"https://forma.ingello.com/core/regularity\"></a></p><p> ( )             .        .   . </p><p>           .     .    , -     ,    -   .      . </p><p>    ,    .</p><p>           -      .  ,         . </p>',NULL,1),(216,'  ',NULL,169,NULL,'','<p>       ,            . </p><p>      {{/core/regularity/create||}} (   ),    .</p><p> ,           (        ). </p><p>     .         . </p><p>      ,    ,       ( , ,  &lt;&lt;&lt;).    (   )           &gt;&gt;&gt; {{/selling/default||}} ,          . </p><p> ?  ,  ,   .     .        2020 ? =)</p><p>      2 .   -   ,      .      .      . </p><p>  -   .       .     (   -           ).          .   ,   ,   .  ,                     . </p><p>            .</p><p> ,      ,       )</p><p>    ,     ,      . </p>',NULL,1),(217,'',NULL,169,NULL,'','<p> -        ,         =)</p><p> ,        ,       ,    . </p><p>     ,         ,     . </p><p>         ,   .     . </p><p>,        .   ,      ,   . </p><p>    {{/core/regularity||}}        (    ).</p><p>        .     ,        .</p><p>      ,          .        {{/core/regularity/settings|| }} .  </p><p>     {{/core/regularity/regularity||}}   ,   . </p><p>              .   ,    ()     . </p>',NULL,1),(218,'',NULL,169,NULL,'','<p>    ,      . </p><p>(          )</p><p>     , ,    . </p><p>       ,    .</p><p> -  28-31    ,    . </p><p>         ,           . </p><p>  ,     7 ,       ,    .               ,     . </p><p>        ,   ,    .     ,   . </p><p>  .   {{/event||   }}       .   . </p><p> ,          (    )    ,        .      ,   ! </p>',NULL,1),(219,'',NULL,169,NULL,'','<p>     :  ,  ,             .         {{/core/system-event|| }}.    ,      .          ,   . </p>',NULL,1),(220,'',NULL,170,NULL,'','',NULL,1),(221,' ',NULL,170,NULL,'','',NULL,1),(222,' ',NULL,170,NULL,'','',NULL,1),(223,' ',NULL,170,NULL,'','',NULL,1),(224,' ',NULL,170,NULL,'','',NULL,1),(225,' ',NULL,170,NULL,'','',NULL,1),(226,'IOT -  ',NULL,170,NULL,'','',NULL,1),(227,' ',NULL,170,NULL,'','',NULL,1),(228,' ',NULL,170,NULL,'','',NULL,1),(229,' ',NULL,170,NULL,'','',NULL,1),(230,' ',NULL,170,NULL,'','',NULL,1),(231,' ',NULL,170,NULL,'','',NULL,1),(232,'',NULL,171,NULL,'weadfsehtgjhm','<p>   -      <strong> ,  </strong> <strong></strong>  <strong></strong>.    <strong></strong>    <strong></strong> (     ,   ,          ). </p><p>,   , <strong>    </strong>      .     -     <strong> </strong>        <strong> </strong> . </p><p>  -  <strong>  </strong>     <strong> </strong>.     0  -     .      -    .   ,  .\r\n</p><p> -    .      -  ,   .       ,            .  .  !qwdefgryjilk.l</p>',NULL,1),(233,'',NULL,171,NULL,'','<p>    ,   .        (    ) -    ,      .        -    .        .         ingello ( ).</p>','/regularity_images/office.jpg',1),(234,'',NULL,171,NULL,'','<p>        \\  .       .        .     ,         .   .  </p>',NULL,1),(235,' ',NULL,171,NULL,'','<p>  <strong>   </strong>   .      .  - , , , . -    ,   .  :      ,   <strong>,   ,</strong>  <strong> , </strong>   . </p><p>    <strong>WMR</strong> (Warehouse Management System -   ),  -     <strong>ERP</strong> - (Enterprise Resource Planning -   ). </p>',NULL,1),(236,'',NULL,171,NULL,'','<p>   ,   ,  <strong></strong> -      -.  ,    ,       .</p><p>     -    <strong>  </strong>,      .      . </p><p> ,   <strong></strong>,  <strong></strong>   <strong></strong>,   <strong> </strong>  <strong></strong>    ,     <strong></strong> <strong></strong>  <strong></strong> . </p><p>      <strong>CRM</strong>  (Customer Relationship Management - <strong>    ).</strong></p>',NULL,1),(237,'',NULL,171,NULL,'','<p>     - ,    .  ,     ,  ,  , - <strong> </strong>. ,  , .       <strong></strong>  ,   <strong></strong>     <strong></strong>     ,     ,     . </p><p>     - <strong></strong>, <strong></strong>  <strong></strong>.        ,   .      . </p><p>    <strong>HRM</strong> (Human Resource Management - <strong> -</strong>). </p>',NULL,1),(238,' ',NULL,171,NULL,'','<p>     <strong></strong>   ,     <strong> </strong>   <strong> </strong>.    , <strong> </strong>.            ingello     . </p><p>  -  <strong>  </strong> ,    <strong>   </strong>,              . </p><p>    <strong>E-Commerce</strong>  <strong>Marketplace</strong> -   ,   <strong>PMS</strong>     ,   <strong>HIS</strong>   ,  <strong>API</strong>    ,  <strong>IOT</strong> -     ,           ! </p><p>,   .       . </p>',NULL,1),(239,' ',NULL,172,NULL,'','',NULL,1),(240,' ',NULL,172,NULL,'','',NULL,1),(241,'',NULL,172,NULL,'','',NULL,1),(242,'',NULL,173,NULL,'','<p> </p>',NULL,1),(243,'',NULL,173,NULL,'','<p> (  - )</p><p> </p><p> </p><p> </p><p> </p><p></p><p></p>',NULL,1),(244,'',NULL,173,NULL,'','<p> (  - )</p><p> </p><p> </p><p> </p><p> </p><p></p><p></p>',NULL,1),(245,'',NULL,173,NULL,'','',NULL,1),(246,' ',NULL,174,NULL,'','',NULL,1),(247,'',NULL,174,NULL,'','',NULL,1),(248,'',NULL,174,NULL,'','',NULL,1),(249,'',NULL,174,NULL,'','',NULL,1),(250,' ',NULL,174,NULL,'','',NULL,1),(251,' ',NULL,174,NULL,'','',NULL,1),(252,'',NULL,175,NULL,'','<p>   .       .      .  </p><p>    -  ,     ,    . </p><p> ,       ,  ,   ,   ,     ,      .        . </p><p>        ,      .   ,   .   -    ,    . </p><p>  ,     . ,     ,      .            .          .      -      (  ).     -   .    -  .    ,    -.</p><p><strong>  ,</strong>     .</p><p>(      )</p>',NULL,1),(253,'',NULL,175,NULL,'','<p>   ,            .     !</p><p> :    .    , , -   ,            .       ,  .          .   ingello -      ,      ,   . </p><p> -    ,   .     .   ,         .      ,     .</p><p>:      ,           .       ,   .   . </p><p>!  ,   ,     {{/core/regularity/settings||  }}  <a href=\"https://forma.ingello.com/core/regularity/settings\"></a></p><p>  ?   ,      .     ,      !      ,    .   -  !</p><p>   -,     . </p><p>,     ,    ()    ,  ,  .        ,      ,        ,     .. ,  , . </p><p>,   .            .</p><p>              {{/core/regularity/create||  }}  </p><p>,     .    .    {{/core/regularity||}}. ?         ,   !</p><p>    .  ,  ,   \"      \".    .  {{/core/regularity||    }} <a href=\"https://forma.ingello.com/core/regularity\"></a></p><p> ( )             .        .   . </p><p>           .     .    , -     ,    -   .      . </p><p>    ,    .</p><p>           -      .  ,         . </p>',NULL,1),(254,'  ',NULL,175,NULL,'','<p>       ,            . </p><p>      {{/core/regularity/create||}} (   ),    .</p><p> ,           (        ). </p><p>     .         . </p><p>      ,    ,       ( , ,  &lt;&lt;&lt;).    (   )           &gt;&gt;&gt; {{/selling/default||}} ,          . </p><p> ?  ,  ,   .     .        2020 ? =)</p><p>      2 .   -   ,      .      .      . </p><p>  -   .       .     (   -           ).          .   ,   ,   .  ,                     . </p><p>            .</p><p> ,      ,       )</p><p>    ,     ,      . </p>',NULL,1),(255,'',NULL,175,NULL,'','<p> -        ,         =)</p><p> ,        ,       ,    . </p><p>     ,         ,     . </p><p>         ,   .     . </p><p>,        .   ,      ,   . </p><p>    {{/core/regularity||}}        (    ).</p><p>        .     ,        .</p><p>      ,          .        {{/core/regularity/settings|| }} .  </p><p>     {{/core/regularity/regularity||}}   ,   . </p><p>              .   ,    ()     . </p>',NULL,1),(256,'',NULL,175,NULL,'','<p>    ,      . </p><p>(          )</p><p>     , ,    . </p><p>       ,    .</p><p> -  28-31    ,    . </p><p>         ,           . </p><p>  ,     7 ,       ,    .               ,     . </p><p>        ,   ,    .     ,   . </p><p>  .   {{/event||   }}       .   . </p><p> ,          (    )    ,        .      ,   ! </p>',NULL,1),(257,'',NULL,175,NULL,'','<p>     :  ,  ,             .         {{/core/system-event|| }}.    ,      .          ,   . </p>',NULL,1),(258,'',NULL,176,NULL,'','',NULL,1),(259,' ',NULL,176,NULL,'','',NULL,1),(260,' ',NULL,176,NULL,'','',NULL,1),(261,' ',NULL,176,NULL,'','',NULL,1),(262,' ',NULL,176,NULL,'','',NULL,1),(263,' ',NULL,176,NULL,'','',NULL,1),(264,'IOT -  ',NULL,176,NULL,'','',NULL,1),(265,' ',NULL,176,NULL,'','',NULL,1),(266,' ',NULL,176,NULL,'','',NULL,1),(267,' ',NULL,176,NULL,'','',NULL,1),(268,' ',NULL,176,NULL,'','',NULL,1),(269,' ',NULL,176,NULL,'','',NULL,1);
/*!40000 ALTER TABLE `item` ENABLE KEYS */;
UNLOCK TABLES;

--
-- Table structure for table `manufacturer`
--

DROP TABLE IF EXISTS `manufacturer`;
/*!40101 SET @saved_cs_client     = @@character_set_client */;
/*!50503 SET character_set_client = utf8mb4 */;
CREATE TABLE `manufacturer` (
  `id` int(11) NOT NULL AUTO_INCREMENT,
  `name` varchar(100) NOT NULL,
  `country_id` int(11) DEFAULT NULL,
  `address` varchar(255) DEFAULT NULL,
  PRIMARY KEY (`id`),
  UNIQUE KEY `manufacturer_unique_index` (`name`,`country_id`,`address`),
  KEY `manufacturer-country_id_fk` (`country_id`),
  CONSTRAINT `manufacturer-country_id_fk` FOREIGN KEY (`country_id`) REFERENCES `country` (`id`) ON DELETE CASCADE ON UPDATE CASCADE
) ENGINE=InnoDB AUTO_INCREMENT=46 DEFAULT CHARSET=utf8;
/*!40101 SET character_set_client = @saved_cs_client */;

--
-- Dumping data for table `manufacturer`
--

LOCK TABLES `manufacturer` WRITE;
/*!40000 ALTER TABLE `manufacturer` DISABLE KEYS */;
INSERT INTO `manufacturer` (`id`, `name`, `country_id`, `address`) VALUES (17,'Alcatel',NULL,''),(26,'Alcatel',NULL,''),(35,'Alcatel',NULL,''),(44,'Alcatel',NULL,''),(14,'Apple',NULL,''),(23,'Apple',NULL,''),(32,'Apple',NULL,''),(41,'Apple',NULL,''),(12,'Huawei',NULL,''),(21,'Huawei',NULL,''),(30,'Huawei',NULL,''),(39,'Huawei',NULL,''),(10,'Meizu',NULL,''),(19,'Meizu',NULL,''),(28,'Meizu',NULL,''),(37,'Meizu',NULL,''),(15,'Nokia',NULL,''),(24,'Nokia',NULL,''),(33,'Nokia',NULL,''),(42,'Nokia',NULL,''),(11,'Realme',NULL,''),(20,'Realme',NULL,''),(29,'Realme',NULL,''),(38,'Realme',NULL,''),(13,'Samsung',NULL,''),(22,'Samsung',NULL,''),(31,'Samsung',NULL,''),(40,'Samsung',NULL,''),(18,'Sigma',NULL,''),(27,'Sigma',NULL,''),(36,'Sigma',NULL,''),(45,'Sigma',NULL,''),(16,'Xiaomi',NULL,''),(25,'Xiaomi',NULL,''),(34,'Xiaomi',NULL,''),(43,'Xiaomi',NULL,'');
/*!40000 ALTER TABLE `manufacturer` ENABLE KEYS */;
UNLOCK TABLES;

--
-- Table structure for table `message`
--

DROP TABLE IF EXISTS `message`;
/*!40101 SET @saved_cs_client     = @@character_set_client */;
/*!50503 SET character_set_client = utf8mb4 */;
CREATE TABLE `message` (
  `id` int(11) NOT NULL AUTO_INCREMENT COMMENT '',
  `from_user_id` int(11) NOT NULL COMMENT '',
  `to_user_id` int(11) NOT NULL COMMENT '',
  `title` varchar(500) NOT NULL COMMENT ' ',
  `text` text NOT NULL COMMENT '',
  `datetime` datetime NOT NULL COMMENT '',
  `favorit` int(11) NOT NULL COMMENT '',
  `status` int(11) NOT NULL COMMENT '',
  PRIMARY KEY (`id`),
  KEY `from_user_id` (`from_user_id`),
  KEY `to_user_id` (`to_user_id`),
  CONSTRAINT `message_ibfk_1` FOREIGN KEY (`from_user_id`) REFERENCES `user` (`id`) ON DELETE CASCADE ON UPDATE CASCADE,
  CONSTRAINT `message_ibfk_2` FOREIGN KEY (`to_user_id`) REFERENCES `user` (`id`) ON DELETE CASCADE ON UPDATE CASCADE
) ENGINE=InnoDB DEFAULT CHARSET=utf8;
/*!40101 SET character_set_client = @saved_cs_client */;

--
-- Dumping data for table `message`
--

LOCK TABLES `message` WRITE;
/*!40000 ALTER TABLE `message` DISABLE KEYS */;
/*!40000 ALTER TABLE `message` ENABLE KEYS */;
UNLOCK TABLES;

--
-- Table structure for table `overhead_cost`
--

DROP TABLE IF EXISTS `overhead_cost`;
/*!40101 SET @saved_cs_client     = @@character_set_client */;
/*!50503 SET character_set_client = utf8mb4 */;
CREATE TABLE `overhead_cost` (
  `id` int(11) NOT NULL AUTO_INCREMENT,
  `type` int(11) DEFAULT NULL,
  `sum` double(10,2) DEFAULT NULL,
  `currency_id` int(11) NOT NULL,
  `comment` varchar(255) DEFAULT NULL,
  PRIMARY KEY (`id`),
  KEY `overhead_cost_currency_id_fk` (`currency_id`),
  CONSTRAINT `overhead_cost_currency_id_fk` FOREIGN KEY (`currency_id`) REFERENCES `currency` (`id`) ON DELETE CASCADE ON UPDATE CASCADE
) ENGINE=InnoDB AUTO_INCREMENT=850 DEFAULT CHARSET=utf8;
/*!40101 SET character_set_client = @saved_cs_client */;

--
-- Dumping data for table `overhead_cost`
--

LOCK TABLES `overhead_cost` WRITE;
/*!40000 ALTER TABLE `overhead_cost` DISABLE KEYS */;
INSERT INTO `overhead_cost` (`id`, `type`, `sum`, `currency_id`, `comment`) VALUES (27,1,100.00,6,''),(35,NULL,NULL,6,''),(36,1,11.00,6,'11'),(37,1,11.00,6,'111'),(38,1,222.00,6,'11'),(39,1,23.00,6,''),(41,1,23.00,6,'1'),(42,NULL,NULL,6,''),(44,NULL,NULL,6,''),(45,1,23.00,6,'11'),(46,NULL,NULL,6,''),(48,NULL,NULL,6,''),(49,1,10.00,6,''),(50,3,400.00,6,' '),(51,NULL,NULL,6,''),(54,NULL,11111.00,6,''),(55,NULL,123.00,6,''),(540,2,11.00,6,'ewefs'),(567,3,20.00,104,''),(568,NULL,NULL,104,''),(569,3,2.00,104,''),(570,4,20.00,104,''),(703,2,223.00,104,'3weasd'),(704,2,223.00,104,'3weasd'),(705,NULL,NULL,104,''),(707,NULL,NULL,104,''),(708,NULL,NULL,104,''),(709,NULL,NULL,6,''),(710,NULL,NULL,6,''),(711,NULL,NULL,6,''),(712,NULL,NULL,6,''),(713,3,500.00,104,'  + '),(714,3,500.00,104,'  + '),(715,3,500.00,104,'  + '),(716,3,500.00,104,'  + '),(717,3,500.00,104,'  + '),(718,3,500.00,104,'  + '),(719,3,500.00,104,'  + '),(720,3,500.00,104,'  + '),(721,3,500.00,104,'  + '),(722,3,500.00,104,'  + '),(723,3,500.00,104,'  + '),(724,1,100.00,105,''),(725,NULL,NULL,105,''),(726,1,11.00,105,'11'),(727,1,11.00,105,'111'),(728,1,222.00,105,'11'),(729,1,23.00,105,''),(730,1,23.00,105,'1'),(731,NULL,NULL,105,''),(732,NULL,NULL,105,''),(733,1,23.00,105,'11'),(734,NULL,NULL,105,''),(735,NULL,NULL,105,''),(736,1,10.00,105,''),(737,3,400.00,105,' '),(738,NULL,NULL,105,''),(739,NULL,11111.00,105,''),(740,NULL,123.00,105,''),(741,2,11.00,105,'ewefs'),(742,3,20.00,106,''),(743,NULL,NULL,106,''),(744,3,2.00,106,''),(745,4,20.00,106,''),(746,2,223.00,106,'3weasd'),(747,2,223.00,106,'3weasd'),(748,NULL,NULL,106,''),(749,NULL,NULL,106,''),(750,NULL,NULL,106,''),(751,NULL,NULL,105,''),(752,NULL,NULL,105,''),(753,NULL,NULL,105,''),(754,NULL,NULL,105,''),(755,3,500.00,106,'  + '),(756,3,500.00,106,'  + '),(757,3,500.00,106,'  + '),(758,3,500.00,106,'  + '),(759,3,500.00,106,'  + '),(760,3,500.00,106,'  + '),(761,3,500.00,106,'  + '),(762,3,500.00,106,'  + '),(763,3,500.00,106,'  + '),(764,3,500.00,106,'  + '),(765,3,500.00,106,'  + '),(766,1,100.00,107,''),(767,NULL,NULL,107,''),(768,1,11.00,107,'11'),(769,1,11.00,107,'111'),(770,1,222.00,107,'11'),(771,1,23.00,107,''),(772,1,23.00,107,'1'),(773,NULL,NULL,107,''),(774,NULL,NULL,107,''),(775,1,23.00,107,'11'),(776,NULL,NULL,107,''),(777,NULL,NULL,107,''),(778,1,10.00,107,''),(779,3,400.00,107,' '),(780,NULL,NULL,107,''),(781,NULL,11111.00,107,''),(782,NULL,123.00,107,''),(783,2,11.00,107,'ewefs'),(784,3,20.00,108,''),(785,NULL,NULL,108,''),(786,3,2.00,108,''),(787,4,20.00,108,''),(788,2,223.00,108,'3weasd'),(789,2,223.00,108,'3weasd'),(790,NULL,NULL,108,''),(791,NULL,NULL,108,''),(792,NULL,NULL,108,''),(793,NULL,NULL,107,''),(794,NULL,NULL,107,''),(795,NULL,NULL,107,''),(796,NULL,NULL,107,''),(797,3,500.00,108,'  + '),(798,3,500.00,108,'  + '),(799,3,500.00,108,'  + '),(800,3,500.00,108,'  + '),(801,3,500.00,108,'  + '),(802,3,500.00,108,'  + '),(803,3,500.00,108,'  + '),(804,3,500.00,108,'  + '),(805,3,500.00,108,'  + '),(806,3,500.00,108,'  + '),(807,3,500.00,108,'  + '),(808,1,100.00,109,''),(809,NULL,NULL,109,''),(810,1,11.00,109,'11'),(811,1,11.00,109,'111'),(812,1,222.00,109,'11'),(813,1,23.00,109,''),(814,1,23.00,109,'1'),(815,NULL,NULL,109,''),(816,NULL,NULL,109,''),(817,1,23.00,109,'11'),(818,NULL,NULL,109,''),(819,NULL,NULL,109,''),(820,1,10.00,109,''),(821,3,400.00,109,' '),(822,NULL,NULL,109,''),(823,NULL,11111.00,109,''),(824,NULL,123.00,109,''),(825,2,11.00,109,'ewefs'),(826,3,20.00,110,''),(827,NULL,NULL,110,''),(828,3,2.00,110,''),(829,4,20.00,110,''),(830,2,223.00,110,'3weasd'),(831,2,223.00,110,'3weasd'),(832,NULL,NULL,110,''),(833,NULL,NULL,110,''),(834,NULL,NULL,110,''),(835,NULL,NULL,109,''),(836,NULL,NULL,109,''),(837,NULL,NULL,109,''),(838,NULL,NULL,109,''),(839,3,500.00,110,'  + '),(840,3,500.00,110,'  + '),(841,3,500.00,110,'  + '),(842,3,500.00,110,'  + '),(843,3,500.00,110,'  + '),(844,3,500.00,110,'  + '),(845,3,500.00,110,'  + '),(846,3,500.00,110,'  + '),(847,3,500.00,110,'  + '),(848,3,500.00,110,'  + '),(849,3,500.00,110,'  + ');
/*!40000 ALTER TABLE `overhead_cost` ENABLE KEYS */;
UNLOCK TABLES;

--
-- Table structure for table `pack_unit`
--

DROP TABLE IF EXISTS `pack_unit`;
/*!40101 SET @saved_cs_client     = @@character_set_client */;
/*!50503 SET character_set_client = utf8mb4 */;
CREATE TABLE `pack_unit` (
  `id` int(11) NOT NULL AUTO_INCREMENT,
  `name` varchar(255) NOT NULL,
  `bottles_quantity` int(11) NOT NULL,
  `volume` int(11) NOT NULL,
  PRIMARY KEY (`id`)
) ENGINE=InnoDB AUTO_INCREMENT=12 DEFAULT CHARSET=utf8;
/*!40101 SET character_set_client = @saved_cs_client */;

--
-- Dumping data for table `pack_unit`
--

LOCK TABLES `pack_unit` WRITE;
/*!40000 ALTER TABLE `pack_unit` DISABLE KEYS */;
INSERT INTO `pack_unit` (`id`, `name`, `bottles_quantity`, `volume`) VALUES (4,'',10,20),(5,'',200,20),(6,'',10,20),(7,'',200,20),(8,'',10,20),(9,'',200,20),(10,'',10,20),(11,'',200,20);
/*!40000 ALTER TABLE `pack_unit` ENABLE KEYS */;
UNLOCK TABLES;

--
-- Table structure for table `patient`
--

DROP TABLE IF EXISTS `patient`;
/*!40101 SET @saved_cs_client     = @@character_set_client */;
/*!50503 SET character_set_client = utf8mb4 */;
CREATE TABLE `patient` (
  `id` int(11) NOT NULL AUTO_INCREMENT,
  `nameCompany` varchar(255) DEFAULT NULL COMMENT ' ,    , , , ,        ',
  `address` varchar(255) DEFAULT NULL COMMENT '    ',
  `years` int(11) DEFAULT NULL COMMENT ' ',
  `name` varchar(255) DEFAULT NULL COMMENT ' ',
  `surname` varchar(255) DEFAULT NULL COMMENT ' ',
  `patronymic` varchar(255) DEFAULT NULL COMMENT ' ',
  `gender` tinyint(1) DEFAULT NULL COMMENT ' ',
  `dateBirth` date DEFAULT NULL COMMENT '  ',
  `location` varchar(255) DEFAULT NULL COMMENT '  ',
  `phone` varchar(255) DEFAULT NULL COMMENT '  ',
  `diagnosis` varchar(255) DEFAULT NULL COMMENT ' ',
  `complaints` text COMMENT ' ',
  `allDiseases` text COMMENT ' ',
  `developmentOfDisease` text COMMENT '  ',
  `surveyData` text COMMENT '  ,  ,  ',
  `bite` text COMMENT '',
  `mouthCondition` text COMMENT '  ,     ',
  `xray` text COMMENT ' ',
  `laboratoryTests` text COMMENT ' ',
  `colorVita` varchar(2) DEFAULT NULL COMMENT '    ',
  `hygienerainingDate` date DEFAULT NULL COMMENT '     ',
  `dateHygieneControl` date DEFAULT NULL COMMENT '     ',
  PRIMARY KEY (`id`)
) ENGINE=InnoDB AUTO_INCREMENT=7 DEFAULT CHARSET=utf8;
/*!40101 SET character_set_client = @saved_cs_client */;

--
-- Dumping data for table `patient`
--

LOCK TABLES `patient` WRITE;
/*!40000 ALTER TABLE `patient` DISABLE KEYS */;
INSERT INTO `patient` (`id`, `nameCompany`, `address`, `years`, `name`, `surname`, `patronymic`, `gender`, `dateBirth`, `location`, `phone`, `diagnosis`, `complaints`, `allDiseases`, `developmentOfDisease`, `surveyData`, `bite`, `mouthCondition`, `xray`, `laboratoryTests`, `colorVita`, `hygienerainingDate`, `dateHygieneControl`) VALUES (3,'','.  5',18,'','','',2,'1996-10-26','. ','0660443958','','-','   1.08.17  14.12.17.   . \r\n','  ','','','  11.10.18','','','',NULL,NULL),(4,'','-',18,'','','',2,'1997-01-08','.','0504034783','','','','','','','','','','',NULL,NULL),(5,'','',18,'','','',1,'1994-12-09','','0504024285','','','','','','','','','','',NULL,NULL),(6,'','. ',19,'','','',2,'1994-01-06','','','','','','','','','','','','',NULL,NULL);
/*!40000 ALTER TABLE `patient` ENABLE KEYS */;
UNLOCK TABLES;

--
-- Table structure for table `product`
--

DROP TABLE IF EXISTS `product`;
/*!40101 SET @saved_cs_client     = @@character_set_client */;
/*!50503 SET character_set_client = utf8mb4 */;
CREATE TABLE `product` (
  `id` int(11) NOT NULL AUTO_INCREMENT,
  `type_id` int(11) DEFAULT NULL,
  `category_id` int(11) DEFAULT NULL,
  `manufacturer_id` int(11) DEFAULT NULL,
  `sku` varchar(255) NOT NULL,
  `customs_code` varchar(255) DEFAULT NULL,
  `name` varchar(255) NOT NULL,
  `note` text,
  `volume` int(11) DEFAULT NULL,
  `color_id` int(11) DEFAULT NULL,
  `year_chart` int(11) DEFAULT NULL,
  `proof` double(10,2) DEFAULT NULL,
  `batcher` tinyint(1) DEFAULT NULL,
  `rating` double(10,2) DEFAULT NULL,
  `country_id` int(11) DEFAULT NULL,
  `pack_unit_id` int(11) DEFAULT NULL,
  `parent_id` int(11) DEFAULT NULL,
  PRIMARY KEY (`id`),
  KEY `product-country_id_fk` (`country_id`),
  KEY `field_product_category_id_fk` (`category_id`),
  KEY `field_product_type_id_fk` (`type_id`),
  KEY `product-color_id-fk` (`color_id`),
  KEY `product_manufacturer_id_fk` (`manufacturer_id`),
  CONSTRAINT `field_product_category_id_fk` FOREIGN KEY (`category_id`) REFERENCES `category` (`id`) ON DELETE CASCADE ON UPDATE CASCADE,
  CONSTRAINT `field_product_type_id_fk` FOREIGN KEY (`type_id`) REFERENCES `type` (`id`) ON DELETE CASCADE ON UPDATE CASCADE,
  CONSTRAINT `product-color_id-fk` FOREIGN KEY (`color_id`) REFERENCES `color` (`id`) ON DELETE CASCADE ON UPDATE CASCADE,
  CONSTRAINT `product-country_id_fk` FOREIGN KEY (`country_id`) REFERENCES `country` (`id`) ON DELETE CASCADE ON UPDATE CASCADE,
  CONSTRAINT `product_manufacturer_id_fk` FOREIGN KEY (`manufacturer_id`) REFERENCES `manufacturer` (`id`) ON DELETE SET NULL ON UPDATE CASCADE
) ENGINE=InnoDB AUTO_INCREMENT=286 DEFAULT CHARSET=utf8;
/*!40101 SET character_set_client = @saved_cs_client */;

--
-- Dumping data for table `product`
--

LOCK TABLES `product` WRITE;
/*!40000 ALTER TABLE `product` DISABLE KEYS */;
INSERT INTO `product` (`id`, `type_id`, `category_id`, `manufacturer_id`, `sku`, `customs_code`, `name`, `note`, `volume`, `color_id`, `year_chart`, `proof`, `batcher`, `rating`, `country_id`, `pack_unit_id`, `parent_id`) VALUES (246,NULL,191,10,'MBLN-1',NULL,'  Meizu M10 3/32GB Black','',NULL,NULL,NULL,NULL,NULL,NULL,NULL,NULL,NULL),(247,NULL,191,11,'MBLN-2',NULL,'  Realme 6 8/128GB White','',NULL,NULL,NULL,NULL,NULL,NULL,NULL,NULL,NULL),(248,NULL,191,12,'MBLN-4',NULL,'  Huawei P Smart 2021 128GB Gold','',NULL,NULL,NULL,NULL,NULL,NULL,NULL,NULL,NULL),(249,NULL,191,13,'MBLN',NULL,'  Samsung Galaxy Note 10 Lite (SM-N770) 6/128GB Aura Silver (SM-N770FZSDSEK)','',NULL,NULL,NULL,NULL,NULL,NULL,NULL,NULL,NULL),(250,NULL,191,14,'MBLN-9',NULL,'  Apple iPhone 11 128GB PRODUCT Red  ','',NULL,NULL,NULL,NULL,NULL,NULL,NULL,NULL,NULL),(251,NULL,190,15,'MBLN-7',NULL,'  Nokia 3.4 3/64GB Fjord','',NULL,NULL,NULL,NULL,NULL,NULL,NULL,NULL,NULL),(252,NULL,191,16,'MBLN-3',NULL,'  Xiaomi Redmi Note 9 Pro 6/128GB Interstellar Grey','',NULL,NULL,NULL,NULL,NULL,NULL,NULL,NULL,NULL),(253,NULL,192,15,'MBLN-8',NULL,'  Nokia 150 TA-1235 DualSim Black (16GMNB01A16)','',NULL,NULL,NULL,NULL,NULL,NULL,NULL,NULL,NULL),(254,NULL,192,17,'MBLN-5',NULL,'  Alcatel 3025 Single SIM Metallic Gray (3025X-2AALUA1)','',NULL,NULL,NULL,NULL,NULL,NULL,NULL,NULL,NULL),(255,NULL,192,18,'MBLN-10',NULL,'  Sigma mobile Comfort 50 Shell Duo Black-Red','',NULL,NULL,NULL,NULL,NULL,NULL,NULL,NULL,NULL),(256,NULL,191,10,'MBLN-1',NULL,'  Meizu M10 3/32GB Black','',NULL,NULL,NULL,NULL,NULL,NULL,NULL,NULL,NULL),(257,NULL,191,11,'MBLN-2',NULL,'  Realme 6 8/128GB White','',NULL,NULL,NULL,NULL,NULL,NULL,NULL,NULL,NULL),(258,NULL,191,12,'MBLN-4',NULL,'  Huawei P Smart 2021 128GB Gold','',NULL,NULL,NULL,NULL,NULL,NULL,NULL,NULL,NULL),(259,NULL,191,13,'MBLN',NULL,'  Samsung Galaxy Note 10 Lite (SM-N770) 6/128GB Aura Silver (SM-N770FZSDSEK)','',NULL,NULL,NULL,NULL,NULL,NULL,NULL,NULL,NULL),(260,NULL,191,14,'MBLN-9',NULL,'  Apple iPhone 11 128GB PRODUCT Red  ','',NULL,NULL,NULL,NULL,NULL,NULL,NULL,NULL,NULL),(261,NULL,190,15,'MBLN-7',NULL,'  Nokia 3.4 3/64GB Fjord','',NULL,NULL,NULL,NULL,NULL,NULL,NULL,NULL,NULL),(262,NULL,191,16,'MBLN-3',NULL,'  Xiaomi Redmi Note 9 Pro 6/128GB Interstellar Grey','',NULL,NULL,NULL,NULL,NULL,NULL,NULL,NULL,NULL),(263,NULL,192,15,'MBLN-8',NULL,'  Nokia 150 TA-1235 DualSim Black (16GMNB01A16)','',NULL,NULL,NULL,NULL,NULL,NULL,NULL,NULL,NULL),(264,NULL,192,17,'MBLN-5',NULL,'  Alcatel 3025 Single SIM Metallic Gray (3025X-2AALUA1)','',NULL,NULL,NULL,NULL,NULL,NULL,NULL,NULL,NULL),(265,NULL,192,18,'MBLN-10',NULL,'  Sigma mobile Comfort 50 Shell Duo Black-Red','',NULL,NULL,NULL,NULL,NULL,NULL,NULL,NULL,NULL),(266,NULL,191,10,'MBLN-1',NULL,'  Meizu M10 3/32GB Black','',NULL,NULL,NULL,NULL,NULL,NULL,NULL,NULL,NULL),(267,NULL,191,11,'MBLN-2',NULL,'  Realme 6 8/128GB White','',NULL,NULL,NULL,NULL,NULL,NULL,NULL,NULL,NULL),(268,NULL,191,12,'MBLN-4',NULL,'  Huawei P Smart 2021 128GB Gold','',NULL,NULL,NULL,NULL,NULL,NULL,NULL,NULL,NULL),(269,NULL,191,13,'MBLN',NULL,'  Samsung Galaxy Note 10 Lite (SM-N770) 6/128GB Aura Silver (SM-N770FZSDSEK)','',NULL,NULL,NULL,NULL,NULL,NULL,NULL,NULL,NULL),(270,NULL,191,14,'MBLN-9',NULL,'  Apple iPhone 11 128GB PRODUCT Red  ','',NULL,NULL,NULL,NULL,NULL,NULL,NULL,NULL,NULL),(271,NULL,190,15,'MBLN-7',NULL,'  Nokia 3.4 3/64GB Fjord','',NULL,NULL,NULL,NULL,NULL,NULL,NULL,NULL,NULL),(272,NULL,191,16,'MBLN-3',NULL,'  Xiaomi Redmi Note 9 Pro 6/128GB Interstellar Grey','',NULL,NULL,NULL,NULL,NULL,NULL,NULL,NULL,NULL),(273,NULL,192,15,'MBLN-8',NULL,'  Nokia 150 TA-1235 DualSim Black (16GMNB01A16)','',NULL,NULL,NULL,NULL,NULL,NULL,NULL,NULL,NULL),(274,NULL,192,17,'MBLN-5',NULL,'  Alcatel 3025 Single SIM Metallic Gray (3025X-2AALUA1)','',NULL,NULL,NULL,NULL,NULL,NULL,NULL,NULL,NULL),(275,NULL,192,18,'MBLN-10',NULL,'  Sigma mobile Comfort 50 Shell Duo Black-Red','',NULL,NULL,NULL,NULL,NULL,NULL,NULL,NULL,NULL),(276,NULL,191,10,'MBLN-1',NULL,'  Meizu M10 3/32GB Black','',NULL,NULL,NULL,NULL,NULL,NULL,NULL,NULL,NULL),(277,NULL,191,11,'MBLN-2',NULL,'  Realme 6 8/128GB White','',NULL,NULL,NULL,NULL,NULL,NULL,NULL,NULL,NULL),(278,NULL,191,12,'MBLN-4',NULL,'  Huawei P Smart 2021 128GB Gold','',NULL,NULL,NULL,NULL,NULL,NULL,NULL,NULL,NULL),(279,NULL,191,13,'MBLN',NULL,'  Samsung Galaxy Note 10 Lite (SM-N770) 6/128GB Aura Silver (SM-N770FZSDSEK)','',NULL,NULL,NULL,NULL,NULL,NULL,NULL,NULL,NULL),(280,NULL,191,14,'MBLN-9',NULL,'  Apple iPhone 11 128GB PRODUCT Red  ','',NULL,NULL,NULL,NULL,NULL,NULL,NULL,NULL,NULL),(281,NULL,190,15,'MBLN-7',NULL,'  Nokia 3.4 3/64GB Fjord','',NULL,NULL,NULL,NULL,NULL,NULL,NULL,NULL,NULL),(282,NULL,191,16,'MBLN-3',NULL,'  Xiaomi Redmi Note 9 Pro 6/128GB Interstellar Grey','',NULL,NULL,NULL,NULL,NULL,NULL,NULL,NULL,NULL),(283,NULL,192,15,'MBLN-8',NULL,'  Nokia 150 TA-1235 DualSim Black (16GMNB01A16)','',NULL,NULL,NULL,NULL,NULL,NULL,NULL,NULL,NULL),(284,NULL,192,17,'MBLN-5',NULL,'  Alcatel 3025 Single SIM Metallic Gray (3025X-2AALUA1)','',NULL,NULL,NULL,NULL,NULL,NULL,NULL,NULL,NULL),(285,NULL,192,18,'MBLN-10',NULL,'  Sigma mobile Comfort 50 Shell Duo Black-Red','',NULL,NULL,NULL,NULL,NULL,NULL,NULL,NULL,NULL);
/*!40000 ALTER TABLE `product` ENABLE KEYS */;
UNLOCK TABLES;

--
-- Table structure for table `product_pack_unit`
--

DROP TABLE IF EXISTS `product_pack_unit`;
/*!40101 SET @saved_cs_client     = @@character_set_client */;
/*!50503 SET character_set_client = utf8mb4 */;
CREATE TABLE `product_pack_unit` (
  `id` int(11) NOT NULL AUTO_INCREMENT,
  `product_id` int(11) DEFAULT NULL,
  `pack_unit_id` int(11) DEFAULT NULL,
  PRIMARY KEY (`id`),
  UNIQUE KEY `product_pack_unit_unique_index` (`product_id`,`pack_unit_id`),
  KEY `field_product_pack_unit_pack_unit_id_fk` (`pack_unit_id`),
  CONSTRAINT `field_product_pack_unit_pack_unit_id_fk` FOREIGN KEY (`pack_unit_id`) REFERENCES `pack_unit` (`id`) ON DELETE CASCADE ON UPDATE CASCADE,
  CONSTRAINT `field_product_pack_unit_product_id_fk` FOREIGN KEY (`product_id`) REFERENCES `product` (`id`) ON DELETE CASCADE ON UPDATE CASCADE
) ENGINE=InnoDB DEFAULT CHARSET=utf8;
/*!40101 SET character_set_client = @saved_cs_client */;

--
-- Dumping data for table `product_pack_unit`
--

LOCK TABLES `product_pack_unit` WRITE;
/*!40000 ALTER TABLE `product_pack_unit` DISABLE KEYS */;
/*!40000 ALTER TABLE `product_pack_unit` ENABLE KEYS */;
UNLOCK TABLES;

--
-- Table structure for table `project`
--

DROP TABLE IF EXISTS `project`;
/*!40101 SET @saved_cs_client     = @@character_set_client */;
/*!50503 SET character_set_client = utf8mb4 */;
CREATE TABLE `project` (
  `id` int(11) NOT NULL AUTO_INCREMENT,
  `name` varchar(255) DEFAULT NULL,
  `address` varchar(255) DEFAULT NULL,
  `description` text,
  `state` int(11) NOT NULL DEFAULT '1',
  PRIMARY KEY (`id`)
) ENGINE=InnoDB AUTO_INCREMENT=20 DEFAULT CHARSET=utf8;
/*!40101 SET character_set_client = @saved_cs_client */;

--
-- Dumping data for table `project`
--

LOCK TABLES `project` WRITE;
/*!40000 ALTER TABLE `project` DISABLE KEYS */;
INSERT INTO `project` (`id`, `name`, `address`, `description`, `state`) VALUES (6,'   1  2',',  123','<p>   ,      ,    .</p>',1),(11,' ',' 45','<p>   </p>',1),(12,'   1  2',',  123','<p>   ,      ,    .</p>',1),(13,' ',' 45','<p>   </p>',1),(14,'   1  2',',  123','<p>   ,      ,    .</p>',1),(15,' ',' 45','<p>   </p>',1),(16,'   1  2',',  123','<p>   ,      ,    .</p>',1),(17,'   1  2',',  123','<p>   ,      ,    .</p>',1),(18,' ',' 45','<p>   </p>',1),(19,'   1  2',',  123','<p>   ,      ,    .</p>',1);
/*!40000 ALTER TABLE `project` ENABLE KEYS */;
UNLOCK TABLES;

--
-- Table structure for table `project_user`
--

DROP TABLE IF EXISTS `project_user`;
/*!40101 SET @saved_cs_client     = @@character_set_client */;
/*!50503 SET character_set_client = utf8mb4 */;
CREATE TABLE `project_user` (
  `project_id` int(11) NOT NULL,
  `user_id` int(11) NOT NULL,
  PRIMARY KEY (`project_id`,`user_id`),
  KEY `idx-project_user-project_id` (`project_id`),
  KEY `idx-project_user-user_id` (`user_id`),
  CONSTRAINT `fk-project_user-project_id` FOREIGN KEY (`project_id`) REFERENCES `project` (`id`) ON DELETE CASCADE,
  CONSTRAINT `fk-project_user-user_id` FOREIGN KEY (`user_id`) REFERENCES `user` (`id`) ON DELETE CASCADE
) ENGINE=InnoDB DEFAULT CHARSET=utf8;
/*!40101 SET character_set_client = @saved_cs_client */;

--
-- Dumping data for table `project_user`
--

LOCK TABLES `project_user` WRITE;
/*!40000 ALTER TABLE `project_user` DISABLE KEYS */;
INSERT INTO `project_user` (`project_id`, `user_id`) VALUES (6,1),(11,1);
/*!40000 ALTER TABLE `project_user` ENABLE KEYS */;
UNLOCK TABLES;

--
-- Table structure for table `project_vacancy`
--

DROP TABLE IF EXISTS `project_vacancy`;
/*!40101 SET @saved_cs_client     = @@character_set_client */;
/*!50503 SET character_set_client = utf8mb4 */;
CREATE TABLE `project_vacancy` (
  `id` int(11) NOT NULL AUTO_INCREMENT,
  `project_id` int(11) DEFAULT NULL,
  `vacancy_id` int(11) DEFAULT NULL,
  `count` int(11) DEFAULT NULL,
  PRIMARY KEY (`id`),
  KEY `x-project_vacancy-project_id` (`project_id`),
  KEY `id-project_vacancy-vacancy_id` (`vacancy_id`),
  CONSTRAINT `fk-project_vacancy_project` FOREIGN KEY (`project_id`) REFERENCES `project` (`id`) ON DELETE CASCADE,
  CONSTRAINT `fk-project_vacancy_vacancy` FOREIGN KEY (`vacancy_id`) REFERENCES `vacancy` (`id`) ON DELETE CASCADE
) ENGINE=InnoDB DEFAULT CHARSET=utf8;
/*!40101 SET character_set_client = @saved_cs_client */;

--
-- Dumping data for table `project_vacancy`
--

LOCK TABLES `project_vacancy` WRITE;
/*!40000 ALTER TABLE `project_vacancy` DISABLE KEYS */;
/*!40000 ALTER TABLE `project_vacancy` ENABLE KEYS */;
UNLOCK TABLES;

--
-- Table structure for table `project_vacancy_old`
--

DROP TABLE IF EXISTS `project_vacancy_old`;
/*!40101 SET @saved_cs_client     = @@character_set_client */;
/*!50503 SET character_set_client = utf8mb4 */;
CREATE TABLE `project_vacancy_old` (
  `project_id` int(11) NOT NULL,
  `vacancy_id` int(11) NOT NULL,
  `count` int(11) DEFAULT '1',
  PRIMARY KEY (`project_id`,`vacancy_id`),
  KEY `idx-project_vacancy-project_id` (`project_id`),
  KEY `idx-project_vacancy-vacancy_id` (`vacancy_id`),
  CONSTRAINT `fk-project_vacancy-project_id` FOREIGN KEY (`project_id`) REFERENCES `project` (`id`) ON DELETE CASCADE,
  CONSTRAINT `fk-project_vacancy-vacancy_id` FOREIGN KEY (`vacancy_id`) REFERENCES `vacancy` (`id`) ON DELETE CASCADE
) ENGINE=InnoDB DEFAULT CHARSET=utf8;
/*!40101 SET character_set_client = @saved_cs_client */;

--
-- Dumping data for table `project_vacancy_old`
--

LOCK TABLES `project_vacancy_old` WRITE;
/*!40000 ALTER TABLE `project_vacancy_old` DISABLE KEYS */;
/*!40000 ALTER TABLE `project_vacancy_old` ENABLE KEYS */;
UNLOCK TABLES;

--
-- Table structure for table `purchase`
--

DROP TABLE IF EXISTS `purchase`;
/*!40101 SET @saved_cs_client     = @@character_set_client */;
/*!50503 SET character_set_client = utf8mb4 */;
CREATE TABLE `purchase` (
  `id` int(11) NOT NULL AUTO_INCREMENT,
  `supplier_id` int(11) NOT NULL,
  `warehouse_id` int(11) NOT NULL,
  `name` varchar(100) NOT NULL,
  `date_create` datetime DEFAULT NULL,
  `date_complete` datetime DEFAULT NULL,
  `state` int(11) NOT NULL,
  PRIMARY KEY (`id`),
  KEY `purchase_supplier_id_fk` (`supplier_id`),
  KEY `purchase_warehouse_id_fk` (`warehouse_id`),
  CONSTRAINT `purchase_supplier_id_fk` FOREIGN KEY (`supplier_id`) REFERENCES `supplier` (`id`) ON DELETE CASCADE ON UPDATE CASCADE,
  CONSTRAINT `purchase_warehouse_id_fk` FOREIGN KEY (`warehouse_id`) REFERENCES `warehouse` (`id`) ON DELETE CASCADE ON UPDATE CASCADE
) ENGINE=InnoDB AUTO_INCREMENT=228 DEFAULT CHARSET=utf8;
/*!40101 SET character_set_client = @saved_cs_client */;

--
-- Dumping data for table `purchase`
--

LOCK TABLES `purchase` WRITE;
/*!40000 ALTER TABLE `purchase` DISABLE KEYS */;
INSERT INTO `purchase` (`id`, `supplier_id`, `warehouse_id`, `name`, `date_create`, `date_complete`, `state`) VALUES (202,8,83,'  ','2020-12-03 18:03:49','2020-12-03 18:05:56',3),(203,6,82,'   ','2020-12-03 18:06:40',NULL,2),(204,8,83,'  ','2020-12-03 18:03:49','2020-12-03 18:05:56',0),(205,6,82,'   ','2020-12-03 18:06:40',NULL,0),(206,10,85,'  ','2020-12-03 18:03:49','2020-12-03 18:05:56',0),(207,9,84,'   ','2020-12-03 18:06:40',NULL,0),(208,10,85,'  ','2020-12-03 18:03:49','2020-12-03 18:05:56',0),(209,9,84,'   ','2020-12-03 18:06:40',NULL,0),(210,8,83,'  ','2020-12-03 18:03:49','2020-12-03 18:05:56',0),(211,6,82,'   ','2020-12-03 18:06:40',NULL,0),(212,12,87,'  ','2020-12-03 18:03:49','2020-12-03 18:05:56',0),(213,11,86,'   ','2020-12-03 18:06:40',NULL,0),(214,12,87,'  ','2020-12-03 18:03:49','2020-12-03 18:05:56',0),(215,11,86,'   ','2020-12-03 18:06:40',NULL,0),(216,12,87,'  ','2020-12-03 18:03:49','2020-12-03 18:05:56',0),(217,11,86,'   ','2020-12-03 18:06:40',NULL,0),(218,8,83,'  ','2020-12-03 18:03:49','2020-12-03 18:05:56',0),(219,6,82,'   ','2020-12-03 18:06:40',NULL,0),(220,16,89,'  ','2020-12-03 18:03:49','2020-12-03 18:05:56',0),(221,15,88,'   ','2020-12-03 18:06:40',NULL,0),(222,16,89,'  ','2020-12-03 18:03:49','2020-12-03 18:05:56',0),(223,15,88,'   ','2020-12-03 18:06:40',NULL,0),(224,16,89,'  ','2020-12-03 18:03:49','2020-12-03 18:05:56',0),(225,15,88,'   ','2020-12-03 18:06:40',NULL,0),(226,16,89,'  ','2020-12-03 18:03:49','2020-12-03 18:05:56',0),(227,15,88,'   ','2020-12-03 18:06:40',NULL,0);
/*!40000 ALTER TABLE `purchase` ENABLE KEYS */;
UNLOCK TABLES;

--
-- Table structure for table `purchase_overhead_cost`
--

DROP TABLE IF EXISTS `purchase_overhead_cost`;
/*!40101 SET @saved_cs_client     = @@character_set_client */;
/*!50503 SET character_set_client = utf8mb4 */;
CREATE TABLE `purchase_overhead_cost` (
  `id` int(11) NOT NULL AUTO_INCREMENT,
  `purchase_id` int(11) NOT NULL,
  `overhead_cost_id` int(11) NOT NULL,
  PRIMARY KEY (`id`),
  KEY `purchase_overhead_cost_purchase_id_fk` (`purchase_id`),
  KEY `purchase_overhead_cost_overhead_cost_id_fk` (`overhead_cost_id`),
  CONSTRAINT `purchase_overhead_cost_overhead_cost_id_fk` FOREIGN KEY (`overhead_cost_id`) REFERENCES `overhead_cost` (`id`) ON DELETE CASCADE ON UPDATE CASCADE,
  CONSTRAINT `purchase_overhead_cost_purchase_id_fk` FOREIGN KEY (`purchase_id`) REFERENCES `purchase` (`id`) ON DELETE CASCADE ON UPDATE CASCADE
) ENGINE=InnoDB DEFAULT CHARSET=utf8;
/*!40101 SET character_set_client = @saved_cs_client */;

--
-- Dumping data for table `purchase_overhead_cost`
--

LOCK TABLES `purchase_overhead_cost` WRITE;
/*!40000 ALTER TABLE `purchase_overhead_cost` DISABLE KEYS */;
/*!40000 ALTER TABLE `purchase_overhead_cost` ENABLE KEYS */;
UNLOCK TABLES;

--
-- Table structure for table `purchase_product`
--

DROP TABLE IF EXISTS `purchase_product`;
/*!40101 SET @saved_cs_client     = @@character_set_client */;
/*!50503 SET character_set_client = utf8mb4 */;
CREATE TABLE `purchase_product` (
  `id` int(11) NOT NULL AUTO_INCREMENT,
  `product_id` int(11) NOT NULL,
  `pack_unit_id` int(11) DEFAULT NULL,
  `purchase_id` int(11) NOT NULL,
  `quantity` int(11) NOT NULL,
  `cost` double(10,2) NOT NULL,
  `tax_rate_id` double(10,2) DEFAULT NULL,
  `overhead_cost_id` int(11) DEFAULT NULL,
  `prepayment` double(10,2) DEFAULT NULL,
  `currency_id` int(11) NOT NULL,
  PRIMARY KEY (`id`),
  KEY `purchase_product_currency_id_fk` (`currency_id`),
  KEY `purchase_product_pack_unit_id_fk` (`pack_unit_id`),
  KEY `purchase_product_product_id_fk` (`product_id`),
  KEY `purchase_product_purchase_id_fk` (`purchase_id`),
  KEY `purchase_product_overhead_cost_id_fk` (`overhead_cost_id`),
  CONSTRAINT `purchase_product_currency_id_fk` FOREIGN KEY (`currency_id`) REFERENCES `currency` (`id`) ON DELETE CASCADE ON UPDATE CASCADE,
  CONSTRAINT `purchase_product_overhead_cost_id_fk` FOREIGN KEY (`overhead_cost_id`) REFERENCES `overhead_cost` (`id`) ON DELETE CASCADE ON UPDATE CASCADE,
  CONSTRAINT `purchase_product_pack_unit_id_fk` FOREIGN KEY (`pack_unit_id`) REFERENCES `pack_unit` (`id`) ON DELETE CASCADE ON UPDATE CASCADE,
  CONSTRAINT `purchase_product_product_id_fk` FOREIGN KEY (`product_id`) REFERENCES `product` (`id`) ON DELETE CASCADE ON UPDATE CASCADE,
  CONSTRAINT `purchase_product_purchase_id_fk` FOREIGN KEY (`purchase_id`) REFERENCES `purchase` (`id`) ON DELETE CASCADE ON UPDATE CASCADE
) ENGINE=InnoDB AUTO_INCREMENT=15 DEFAULT CHARSET=utf8;
/*!40101 SET character_set_client = @saved_cs_client */;

--
-- Dumping data for table `purchase_product`
--

LOCK TABLES `purchase_product` WRITE;
/*!40000 ALTER TABLE `purchase_product` DISABLE KEYS */;
INSERT INTO `purchase_product` (`id`, `product_id`, `pack_unit_id`, `purchase_id`, `quantity`, `cost`, `tax_rate_id`, `overhead_cost_id`, `prepayment`, `currency_id`) VALUES (9,249,NULL,202,100,5000.00,5.00,705,NULL,104),(10,246,NULL,203,5,6000.00,NULL,707,NULL,104),(13,252,NULL,203,3,200.00,NULL,710,NULL,6),(14,248,NULL,203,3,250.00,NULL,711,NULL,6);
/*!40000 ALTER TABLE `purchase_product` ENABLE KEYS */;
UNLOCK TABLES;

--
-- Table structure for table `regularity`
--

DROP TABLE IF EXISTS `regularity`;
/*!40101 SET @saved_cs_client     = @@character_set_client */;
/*!50503 SET character_set_client = utf8mb4 */;
CREATE TABLE `regularity` (
  `id` int(11) NOT NULL AUTO_INCREMENT,
  `name` varchar(55) COLLATE utf8_unicode_ci NOT NULL,
  `user_id` int(11) NOT NULL,
  `order` int(11) DEFAULT NULL,
  `title` varchar(255) COLLATE utf8_unicode_ci DEFAULT NULL,
  `icon` varchar(55) COLLATE utf8_unicode_ci DEFAULT NULL,
  `picture` varchar(100) COLLATE utf8_unicode_ci DEFAULT NULL,
  `access` tinyint(1) DEFAULT '0',
  PRIMARY KEY (`id`),
  KEY `regularity_ibfk_1` (`user_id`),
  CONSTRAINT `regularity_ibfk_1` FOREIGN KEY (`user_id`) REFERENCES `user` (`id`) ON DELETE CASCADE ON UPDATE CASCADE
) ENGINE=InnoDB AUTO_INCREMENT=177 DEFAULT CHARSET=utf8 COLLATE=utf8_unicode_ci;
/*!40101 SET character_set_client = @saved_cs_client */;

--
-- Dumping data for table `regularity`
--

LOCK TABLES `regularity` WRITE;
/*!40000 ALTER TABLE `regularity` DISABLE KEYS */;
INSERT INTO `regularity` (`id`, `name`, `user_id`, `order`, `title`, `icon`, `picture`, `access`) VALUES (34,' ',1,1,'<p>     ,         .        ,      . </p>','',NULL,1),(153,'',1,2,'','','/regularity_images/ecommerce-3530785.jpg',1),(154,' ',1,3,'','','/regularity_images/ikea-2714998_1920.jpg',1),(156,'',1,5,'','','/regularity_images/basketball-108622_1920.jpg',1),(157,'',1,6,'','','/regularity_images/paper-3213924_1280.jpg',1),(158,' ',1,7,'','','/regularity_images/person-731479_1920.jpg',1),(159,' ',128,1,'<p>     ,         .        ,      . </p>','',NULL,1),(160,'',128,2,'','',NULL,1),(161,' ',128,3,'','',NULL,1),(162,'',128,5,'','',NULL,1),(163,'',128,6,'','',NULL,1),(164,' ',128,7,'','',NULL,1),(165,' ',129,1,'<p>     ,         .        ,      . </p>','',NULL,1),(166,'',129,2,'','',NULL,1),(167,' ',129,3,'','',NULL,1),(168,'',129,5,'','',NULL,1),(169,'',129,6,'','',NULL,1),(170,' ',129,7,'','',NULL,1),(171,' ',130,1,'<p>     ,         .        ,      . </p>','',NULL,1),(172,'',130,2,'','',NULL,1),(173,' ',130,3,'','',NULL,1),(174,'',130,5,'','',NULL,1),(175,'',130,6,'','',NULL,1),(176,' ',130,7,'','',NULL,1);
/*!40000 ALTER TABLE `regularity` ENABLE KEYS */;
UNLOCK TABLES;

--
-- Table structure for table `request`
--

DROP TABLE IF EXISTS `request`;
/*!40101 SET @saved_cs_client     = @@character_set_client */;
/*!50503 SET character_set_client = utf8mb4 */;
CREATE TABLE `request` (
  `id` int(11) NOT NULL AUTO_INCREMENT,
  `text` varchar(255) DEFAULT NULL,
  `is_manager` tinyint(1) NOT NULL DEFAULT '0',
  PRIMARY KEY (`id`)
) ENGINE=InnoDB AUTO_INCREMENT=25 DEFAULT CHARSET=utf8;
/*!40101 SET character_set_client = @saved_cs_client */;

--
-- Dumping data for table `request`
--

LOCK TABLES `request` WRITE;
/*!40000 ALTER TABLE `request` DISABLE KEYS */;
INSERT INTO `request` (`id`, `text`, `is_manager`) VALUES (1,' ,      ,      , ? :    \" \",  ?',1),(2,'    ?',1),(3,'    ?',1),(4,' ,       \" \", ?',1),(5,'     :  ,  ?',1),(6,'   ?',0),(7,' ,      ,      , ? :    \" \",  ?',1),(8,'    ?',1),(9,'    ?',1),(10,' ,       \" \", ?',1),(11,'     :  ,  ?',1),(12,'   ?',0),(13,' ,      ,      , ? :    \" \",  ?',1),(14,'    ?',1),(15,'    ?',1),(16,' ,       \" \", ?',1),(17,'     :  ,  ?',1),(18,'   ?',0),(19,' ,      ,      , ? :    \" \",  ?',1),(20,'    ?',1),(21,'    ?',1),(22,' ,       \" \", ?',1),(23,'     :  ,  ?',1),(24,'   ?',0);
/*!40000 ALTER TABLE `request` ENABLE KEYS */;
UNLOCK TABLES;

--
-- Table structure for table `request_strategy`
--

DROP TABLE IF EXISTS `request_strategy`;
/*!40101 SET @saved_cs_client     = @@character_set_client */;
/*!50503 SET character_set_client = utf8mb4 */;
CREATE TABLE `request_strategy` (
  `id` int(11) NOT NULL AUTO_INCREMENT,
  `strategy_id` int(11) DEFAULT NULL,
  `request_id` int(11) DEFAULT NULL,
  PRIMARY KEY (`id`),
  KEY `fk-strategy-id` (`strategy_id`),
  KEY `fk-request-id` (`request_id`),
  CONSTRAINT `fk-request-id` FOREIGN KEY (`request_id`) REFERENCES `request` (`id`) ON DELETE CASCADE,
  CONSTRAINT `fk-strategy-id` FOREIGN KEY (`strategy_id`) REFERENCES `strategy` (`id`) ON DELETE CASCADE
) ENGINE=InnoDB AUTO_INCREMENT=25 DEFAULT CHARSET=utf8;
/*!40101 SET character_set_client = @saved_cs_client */;

--
-- Dumping data for table `request_strategy`
--

LOCK TABLES `request_strategy` WRITE;
/*!40000 ALTER TABLE `request_strategy` DISABLE KEYS */;
INSERT INTO `request_strategy` (`id`, `strategy_id`, `request_id`) VALUES (1,1,1),(2,1,2),(3,1,3),(4,2,4),(5,2,5),(6,2,6),(7,3,7),(8,3,8),(9,3,9),(10,4,10),(11,4,11),(12,4,12),(13,5,13),(14,5,14),(15,5,15),(16,6,16),(17,6,17),(18,6,18),(19,8,19),(20,8,20),(21,8,21),(22,9,22),(23,9,23),(24,9,24);
/*!40000 ALTER TABLE `request_strategy` ENABLE KEYS */;
UNLOCK TABLES;

--
-- Table structure for table `request_strategy_old`
--

DROP TABLE IF EXISTS `request_strategy_old`;
/*!40101 SET @saved_cs_client     = @@character_set_client */;
/*!50503 SET character_set_client = utf8mb4 */;
CREATE TABLE `request_strategy_old` (
  `request_id` int(11) NOT NULL,
  `strategy_id` int(11) NOT NULL,
  PRIMARY KEY (`request_id`,`strategy_id`),
  KEY `idx-request_strategy-request_id` (`request_id`),
  KEY `idx-request_strategy-strategy_id` (`strategy_id`),
  CONSTRAINT `fk-request_strategy-request_id` FOREIGN KEY (`request_id`) REFERENCES `request` (`id`) ON DELETE CASCADE,
  CONSTRAINT `fk-request_strategy-strategy_id` FOREIGN KEY (`strategy_id`) REFERENCES `strategy` (`id`) ON DELETE CASCADE
) ENGINE=InnoDB DEFAULT CHARSET=utf8;
/*!40101 SET character_set_client = @saved_cs_client */;

--
-- Dumping data for table `request_strategy_old`
--

LOCK TABLES `request_strategy_old` WRITE;
/*!40000 ALTER TABLE `request_strategy_old` DISABLE KEYS */;
/*!40000 ALTER TABLE `request_strategy_old` ENABLE KEYS */;
UNLOCK TABLES;

--
-- Table structure for table `selling`
--

DROP TABLE IF EXISTS `selling`;
/*!40101 SET @saved_cs_client     = @@character_set_client */;
/*!50503 SET character_set_client = utf8mb4 */;
CREATE TABLE `selling` (
  `id` int(11) NOT NULL AUTO_INCREMENT,
  `customer_id` int(11) NOT NULL,
  `warehouse_id` int(11) NOT NULL,
  `state_id` int(11) DEFAULT NULL,
  `name` varchar(100) DEFAULT NULL,
  `date_create` datetime DEFAULT NULL,
  `date_complete` datetime DEFAULT NULL,
  `dialog` text,
  `next_step` text,
  `selling_token` varchar(100) DEFAULT NULL,
  PRIMARY KEY (`id`),
  KEY `selling_ibfk_1` (`state_id`),
  KEY `selling_customer_id_fk` (`customer_id`),
  KEY `selling_warehouse_id_fk` (`warehouse_id`),
  CONSTRAINT `selling_customer_id_fk` FOREIGN KEY (`customer_id`) REFERENCES `customer` (`id`) ON DELETE CASCADE ON UPDATE CASCADE,
  CONSTRAINT `selling_ibfk_1` FOREIGN KEY (`state_id`) REFERENCES `state` (`id`) ON DELETE SET NULL ON UPDATE CASCADE,
  CONSTRAINT `selling_warehouse_id_fk` FOREIGN KEY (`warehouse_id`) REFERENCES `warehouse` (`id`) ON DELETE CASCADE ON UPDATE CASCADE
) ENGINE=InnoDB AUTO_INCREMENT=13 DEFAULT CHARSET=utf8;
/*!40101 SET character_set_client = @saved_cs_client */;

--
-- Dumping data for table `selling`
--

LOCK TABLES `selling` WRITE;
/*!40000 ALTER TABLE `selling` DISABLE KEYS */;
INSERT INTO `selling` (`id`, `customer_id`, `warehouse_id`, `state_id`, `name`, `date_create`, `date_complete`, `dialog`, `next_step`, `selling_token`) VALUES (1,143,83,6,'1111','2020-12-03 18:59:59','2020-12-03 17:04:31',NULL,NULL,'OBKVs8PydaOBWQ3w_AFr9xdAtj1eQfW7'),(2,144,83,7,'2','2020-12-03 19:05:08','2020-12-03 17:08:38',NULL,NULL,'ZJx25OwTgWxhd9QAQVW80WaZjwInO7Dq'),(3,143,82,2,'3','2020-12-03 19:10:54',NULL,'03.12.2020 17:55:58<br/><div style=\"background: #c5ddfc;\" class=\"alert alert-primary\" role=\"alert\">: <p>\n                                        \n                                           ?                                        \n                                    </p></div><div style=\"background: #c5ddfc;\" class=\"alert alert-primary\" role=\"alert\">: <p>   ,   (   60   )</p></div><div style=\"background: #c5ddfc;\" class=\"alert alert-primary\" role=\"alert\">: <p>\n                                        \n                                         ,       \" \", ?                                        \n                                    </p></div><div style=\"background: #c5ddfc;\" class=\"alert alert-primary\" role=\"alert\">: <p></p></div><div style=\"background: #c5ddfc;\" class=\"alert alert-primary\" role=\"alert\">: <p>\n                                        \n                                             :  ,  ?                                        \n                                    </p></div><div style=\"background: #c5ddfc;\" class=\"alert alert-primary\" role=\"alert\">: <p></p></div><br/><div style=\"background: mediumseagreen;\" class=\"alert alert-primary\" role=\"alert\"><p> ,  51</p></div><br/><div style=\"background: yellowgreen;\" class=\"alert alert-primary\" role=\"alert\"> </div>','<div style=\"background: yellowgreen;\" class=\"alert alert-primary\" role=\"alert\"> </div>','NkngJ7yQIOd4SD6EUoZ9Qytn-Qbd1qCg'),(4,145,85,14,'1111','2020-12-03 18:59:59','2020-12-03 17:04:31',NULL,NULL,'OBKVs8PydaOBWQ3w_AFr9xdAtj1eQfW7'),(5,146,85,15,'2','2020-12-03 19:05:08','2020-12-03 17:08:38',NULL,NULL,'ZJx25OwTgWxhd9QAQVW80WaZjwInO7Dq'),(6,145,84,11,'3','2020-12-03 19:10:54',NULL,'03.12.2020 17:55:58<br/><div style=\"background: #c5ddfc;\" class=\"alert alert-primary\" role=\"alert\">: <p>\n                                        \n                                           ?                                        \n                                    </p></div><div style=\"background: #c5ddfc;\" class=\"alert alert-primary\" role=\"alert\">: <p>   ,   (   60   )</p></div><div style=\"background: #c5ddfc;\" class=\"alert alert-primary\" role=\"alert\">: <p>\n                                        \n                                         ,       \" \", ?                                        \n                                    </p></div><div style=\"background: #c5ddfc;\" class=\"alert alert-primary\" role=\"alert\">: <p></p></div><div style=\"background: #c5ddfc;\" class=\"alert alert-primary\" role=\"alert\">: <p>\n                                        \n                                             :  ,  ?                                        \n                                    </p></div><div style=\"background: #c5ddfc;\" class=\"alert alert-primary\" role=\"alert\">: <p></p></div><br/><div style=\"background: mediumseagreen;\" class=\"alert alert-primary\" role=\"alert\"><p> ,  51</p></div><br/><div style=\"background: yellowgreen;\" class=\"alert alert-primary\" role=\"alert\"> </div>','<div style=\"background: yellowgreen;\" class=\"alert alert-primary\" role=\"alert\"> </div>','NkngJ7yQIOd4SD6EUoZ9Qytn-Qbd1qCg'),(7,147,87,22,'1111','2020-12-03 18:59:59','2020-12-03 17:04:31',NULL,NULL,'OBKVs8PydaOBWQ3w_AFr9xdAtj1eQfW7'),(8,148,87,23,'2','2020-12-03 19:05:08','2020-12-03 17:08:38',NULL,NULL,'ZJx25OwTgWxhd9QAQVW80WaZjwInO7Dq'),(9,147,86,19,'3','2020-12-03 19:10:54',NULL,'03.12.2020 17:55:58<br/><div style=\"background: #c5ddfc;\" class=\"alert alert-primary\" role=\"alert\">: <p>\n                                        \n                                           ?                                        \n                                    </p></div><div style=\"background: #c5ddfc;\" class=\"alert alert-primary\" role=\"alert\">: <p>   ,   (   60   )</p></div><div style=\"background: #c5ddfc;\" class=\"alert alert-primary\" role=\"alert\">: <p>\n                                        \n                                         ,       \" \", ?                                        \n                                    </p></div><div style=\"background: #c5ddfc;\" class=\"alert alert-primary\" role=\"alert\">: <p></p></div><div style=\"background: #c5ddfc;\" class=\"alert alert-primary\" role=\"alert\">: <p>\n                                        \n                                             :  ,  ?                                        \n                                    </p></div><div style=\"background: #c5ddfc;\" class=\"alert alert-primary\" role=\"alert\">: <p></p></div><br/><div style=\"background: mediumseagreen;\" class=\"alert alert-primary\" role=\"alert\"><p> ,  51</p></div><br/><div style=\"background: yellowgreen;\" class=\"alert alert-primary\" role=\"alert\"> </div>','<div style=\"background: yellowgreen;\" class=\"alert alert-primary\" role=\"alert\"> </div>','NkngJ7yQIOd4SD6EUoZ9Qytn-Qbd1qCg'),(10,149,89,30,'1111','2020-12-03 18:59:59','2020-12-03 17:04:31',NULL,NULL,'OBKVs8PydaOBWQ3w_AFr9xdAtj1eQfW7'),(11,150,89,31,'2','2020-12-03 19:05:08','2020-12-03 17:08:38',NULL,NULL,'ZJx25OwTgWxhd9QAQVW80WaZjwInO7Dq'),(12,149,88,27,'3','2020-12-03 19:10:54',NULL,'03.12.2020 17:55:58<br/><div style=\"background: #c5ddfc;\" class=\"alert alert-primary\" role=\"alert\">: <p>\n                                        \n                                           ?                                        \n                                    </p></div><div style=\"background: #c5ddfc;\" class=\"alert alert-primary\" role=\"alert\">: <p>   ,   (   60   )</p></div><div style=\"background: #c5ddfc;\" class=\"alert alert-primary\" role=\"alert\">: <p>\n                                        \n                                         ,       \" \", ?                                        \n                                    </p></div><div style=\"background: #c5ddfc;\" class=\"alert alert-primary\" role=\"alert\">: <p></p></div><div style=\"background: #c5ddfc;\" class=\"alert alert-primary\" role=\"alert\">: <p>\n                                        \n                                             :  ,  ?                                        \n                                    </p></div><div style=\"background: #c5ddfc;\" class=\"alert alert-primary\" role=\"alert\">: <p></p></div><br/><div style=\"background: mediumseagreen;\" class=\"alert alert-primary\" role=\"alert\"><p> ,  51</p></div><br/><div style=\"background: yellowgreen;\" class=\"alert alert-primary\" role=\"alert\"> </div>','<div style=\"background: yellowgreen;\" class=\"alert alert-primary\" role=\"alert\"> </div>','NkngJ7yQIOd4SD6EUoZ9Qytn-Qbd1qCg');
/*!40000 ALTER TABLE `selling` ENABLE KEYS */;
UNLOCK TABLES;

--
-- Table structure for table `selling_product`
--

DROP TABLE IF EXISTS `selling_product`;
/*!40101 SET @saved_cs_client     = @@character_set_client */;
/*!50503 SET character_set_client = utf8mb4 */;
CREATE TABLE `selling_product` (
  `id` int(11) NOT NULL AUTO_INCREMENT,
  `product_id` int(11) NOT NULL,
  `selling_id` int(11) NOT NULL,
  `quantity` int(11) NOT NULL,
  `cost` double(10,2) DEFAULT NULL,
  `cost_type` int(11) DEFAULT NULL,
  `overhead_cost_id` int(11) DEFAULT NULL,
  `currency_id` int(11) NOT NULL,
  `pack_unit_id` int(11) DEFAULT NULL,
  PRIMARY KEY (`id`),
  KEY `selling_product_currency_id_fk` (`currency_id`),
  KEY `selling_product_pack_unit_id_fk` (`pack_unit_id`),
  KEY `selling_product_product_id_fk` (`product_id`),
  KEY `selling_product_selling_id_fk` (`selling_id`),
  KEY `selling_product_overhead_cost_id_fk` (`overhead_cost_id`),
  CONSTRAINT `selling_product_currency_id_fk` FOREIGN KEY (`currency_id`) REFERENCES `currency` (`id`) ON DELETE CASCADE ON UPDATE CASCADE,
  CONSTRAINT `selling_product_overhead_cost_id_fk` FOREIGN KEY (`overhead_cost_id`) REFERENCES `overhead_cost` (`id`) ON DELETE CASCADE ON UPDATE CASCADE,
  CONSTRAINT `selling_product_pack_unit_id_fk` FOREIGN KEY (`pack_unit_id`) REFERENCES `pack_unit` (`id`) ON DELETE CASCADE ON UPDATE CASCADE,
  CONSTRAINT `selling_product_product_id_fk` FOREIGN KEY (`product_id`) REFERENCES `product` (`id`) ON DELETE CASCADE ON UPDATE CASCADE,
  CONSTRAINT `selling_product_selling_id_fk` FOREIGN KEY (`selling_id`) REFERENCES `selling` (`id`) ON DELETE CASCADE ON UPDATE CASCADE
) ENGINE=InnoDB AUTO_INCREMENT=4 DEFAULT CHARSET=utf8;
/*!40101 SET character_set_client = @saved_cs_client */;

--
-- Dumping data for table `selling_product`
--

LOCK TABLES `selling_product` WRITE;
/*!40000 ALTER TABLE `selling_product` DISABLE KEYS */;
INSERT INTO `selling_product` (`id`, `product_id`, `selling_id`, `quantity`, `cost`, `cost_type`, `overhead_cost_id`, `currency_id`, `pack_unit_id`) VALUES (2,249,1,1,6825.00,0,NULL,104,NULL),(3,249,2,2,6825.00,0,NULL,104,NULL);
/*!40000 ALTER TABLE `selling_product` ENABLE KEYS */;
UNLOCK TABLES;

--
-- Table structure for table `state`
--

DROP TABLE IF EXISTS `state`;
/*!40101 SET @saved_cs_client     = @@character_set_client */;
/*!50503 SET character_set_client = utf8mb4 */;
CREATE TABLE `state` (
  `id` int(11) NOT NULL AUTO_INCREMENT,
  `name` varchar(255) COLLATE utf8_unicode_ci NOT NULL,
  `user_id` int(11) DEFAULT NULL,
  `order` int(11) DEFAULT NULL,
  `description` varchar(6500) COLLATE utf8_unicode_ci DEFAULT NULL,
  PRIMARY KEY (`id`),
  KEY `state_ibfk_1` (`user_id`),
  CONSTRAINT `state_ibfk_1` FOREIGN KEY (`user_id`) REFERENCES `user` (`id`) ON DELETE SET NULL ON UPDATE CASCADE
) ENGINE=InnoDB AUTO_INCREMENT=34 DEFAULT CHARSET=utf8 COLLATE=utf8_unicode_ci;
/*!40101 SET character_set_client = @saved_cs_client */;

--
-- Dumping data for table `state`
--

LOCK TABLES `state` WRITE;
/*!40000 ALTER TABLE `state` DISABLE KEYS */;
INSERT INTO `state` (`id`, `name`, `user_id`, `order`, `description`) VALUES (1,' ',1,1,'<p><strong>   </strong>   =(.  <strong></strong> ! </p>'),(2,'',1,2,'<p>      \\</p>'),(4,' ',1,3,'       .    -     ,    . \n\n'),(5,' ',1,4,'<p>          </p>'),(6,' ',1,5,'<p>       </p>'),(7,' ',1,6,'<p>    ,   ,      .</p>'),(8,'',1,7,'<p>      14   .</p>'),(9,'',1,8,'<p>       14   .  </p>'),(10,' ',128,1,'<p><strong>   </strong>   =(.  <strong></strong> ! </p>'),(11,'',128,2,'<p>      \\</p>'),(12,' ',128,3,'       .    -     ,    . \n\n'),(13,' ',128,4,'<p>          </p>'),(14,' ',128,5,'<p>       </p>'),(15,' ',128,6,'<p>    ,   ,      .</p>'),(16,'',128,7,'<p>      14   .</p>'),(17,'',128,8,'<p>       14   .  </p>'),(18,' ',129,1,'<p><strong>   </strong>   =(.  <strong></strong> ! </p>'),(19,'',129,2,'<p>      \\</p>'),(20,' ',129,3,'       .    -     ,    . \n\n'),(21,' ',129,4,'<p>          </p>'),(22,' ',129,5,'<p>       </p>'),(23,' ',129,6,'<p>    ,   ,      .</p>'),(24,'',129,7,'<p>      14   .</p>'),(25,'',129,8,'<p>       14   .  </p>'),(26,' ',130,1,'<p><strong>   </strong>   =(.  <strong></strong> ! </p>'),(27,'',130,2,'<p>      \\</p>'),(28,' ',130,3,'       .    -     ,    . \n\n'),(29,' ',130,4,'<p>          </p>'),(30,' ',130,5,'<p>       </p>'),(31,' ',130,6,'<p>    ,   ,      .</p>'),(32,'',130,7,'<p>      14   .</p>'),(33,'',130,8,'<p>       14   .  </p>');
/*!40000 ALTER TABLE `state` ENABLE KEYS */;
UNLOCK TABLES;

--
-- Table structure for table `state_to_state`
--

DROP TABLE IF EXISTS `state_to_state`;
/*!40101 SET @saved_cs_client     = @@character_set_client */;
/*!50503 SET character_set_client = utf8mb4 */;
CREATE TABLE `state_to_state` (
  `id` int(11) NOT NULL AUTO_INCREMENT,
  `state_id` int(11) NOT NULL,
  `to_state_id` int(11) NOT NULL,
  PRIMARY KEY (`id`),
  KEY `state_to_state_ibfk_1` (`state_id`),
  KEY `state_to_state_ibfk_2` (`to_state_id`),
  CONSTRAINT `state_to_state_ibfk_1` FOREIGN KEY (`state_id`) REFERENCES `state` (`id`) ON DELETE CASCADE ON UPDATE CASCADE,
  CONSTRAINT `state_to_state_ibfk_2` FOREIGN KEY (`to_state_id`) REFERENCES `state` (`id`) ON DELETE CASCADE ON UPDATE CASCADE
) ENGINE=InnoDB AUTO_INCREMENT=567 DEFAULT CHARSET=utf8 COLLATE=utf8_unicode_ci;
/*!40101 SET character_set_client = @saved_cs_client */;

--
-- Dumping data for table `state_to_state`
--

LOCK TABLES `state_to_state` WRITE;
/*!40000 ALTER TABLE `state_to_state` DISABLE KEYS */;
INSERT INTO `state_to_state` (`id`, `state_id`, `to_state_id`) VALUES (1,1,5),(2,1,6),(5,1,2),(6,1,4),(7,2,7),(8,2,1),(9,5,6),(15,2,8),(23,4,8),(25,6,7),(506,8,5),(518,9,7),(519,9,6),(520,7,8),(521,7,9),(522,10,13),(523,10,14),(524,10,11),(525,10,12),(526,11,15),(527,11,10),(528,13,14),(529,11,16),(530,12,16),(531,14,15),(532,16,13),(533,17,15),(534,17,14),(535,15,16),(536,15,17),(537,18,21),(538,18,22),(539,18,19),(540,18,20),(541,19,23),(542,19,18),(543,21,22),(544,19,24),(545,20,24),(546,22,23),(547,24,21),(548,25,23),(549,25,22),(550,23,24),(551,23,25),(552,26,29),(553,26,30),(554,26,27),(555,26,28),(556,27,31),(557,27,26),(558,29,30),(559,27,32),(560,28,32),(561,30,31),(562,32,29),(563,33,31),(564,33,30),(565,31,32),(566,31,33);
/*!40000 ALTER TABLE `state_to_state` ENABLE KEYS */;
UNLOCK TABLES;

--
-- Table structure for table `strategy`
--

DROP TABLE IF EXISTS `strategy`;
/*!40101 SET @saved_cs_client     = @@character_set_client */;
/*!50503 SET character_set_client = utf8mb4 */;
CREATE TABLE `strategy` (
  `id` int(11) NOT NULL AUTO_INCREMENT,
  `name` varchar(255) DEFAULT NULL,
  `description` varchar(255) DEFAULT NULL,
  PRIMARY KEY (`id`)
) ENGINE=InnoDB AUTO_INCREMENT=12 DEFAULT CHARSET=utf8;
/*!40101 SET character_set_client = @saved_cs_client */;

--
-- Dumping data for table `strategy`
--

LOCK TABLES `strategy` WRITE;
/*!40000 ALTER TABLE `strategy` DISABLE KEYS */;
INSERT INTO `strategy` (`id`, `name`, `description`) VALUES (1,'     ','     '),(2,' ','      ,     .'),(3,'     ','     '),(4,' ','      ,     .'),(5,'     ','     '),(6,' ','      ,     .'),(7,'     ','     '),(8,'     ','     '),(9,' ','      ,     .'),(10,'     ','     '),(11,'     ','     ');
/*!40000 ALTER TABLE `strategy` ENABLE KEYS */;
UNLOCK TABLES;

--
-- Table structure for table `supplier`
--

DROP TABLE IF EXISTS `supplier`;
/*!40101 SET @saved_cs_client     = @@character_set_client */;
/*!50503 SET character_set_client = utf8mb4 */;
CREATE TABLE `supplier` (
  `id` int(11) NOT NULL AUTO_INCREMENT,
  `name` varchar(100) NOT NULL,
  `firm` varchar(100) DEFAULT NULL,
  `contact_name` varchar(100) DEFAULT NULL,
  `country_id` int(11) DEFAULT NULL,
  `address` varchar(32) DEFAULT NULL,
  `email` varchar(32) DEFAULT NULL,
  `tax_rate` double(10,2) DEFAULT NULL,
  PRIMARY KEY (`id`)
) ENGINE=InnoDB AUTO_INCREMENT=19 DEFAULT CHARSET=utf8;
/*!40101 SET character_set_client = @saved_cs_client */;

--
-- Dumping data for table `supplier`
--

LOCK TABLES `supplier` WRITE;
/*!40000 ALTER TABLE `supplier` DISABLE KEYS */;
INSERT INTO `supplier` (`id`, `name`, `firm`, `contact_name`, `country_id`, `address`, `email`, `tax_rate`) VALUES (6,'  ',' ',' ',245,',  21-','olpmaster@gmail.com',10.00),(8,' - ','',' ',260,'','olijenius@gmail.com',10.00),(9,'  ',' ',' ',245,',  21-','olpmaster@gmail.com',10.00),(10,' - ','',' ',260,'','olijenius@gmail.com',10.00),(11,'  ',' ',' ',245,',  21-','olpmaster@gmail.com',10.00),(12,' - ','',' ',260,'','olijenius@gmail.com',10.00),(13,'  ',' ',' ',245,',  21-','olpmaster@gmail.com',10.00),(14,' - ','',' ',260,'','olijenius@gmail.com',10.00),(15,'  ',' ',' ',245,',  21-','olpmaster@gmail.com',10.00),(16,' - ','',' ',260,'','olijenius@gmail.com',10.00),(17,'  ',' ',' ',245,',  21-','olpmaster@gmail.com',10.00),(18,' - ','',' ',260,'','olijenius@gmail.com',10.00);
/*!40000 ALTER TABLE `supplier` ENABLE KEYS */;
UNLOCK TABLES;

--
-- Table structure for table `system_event`
--

DROP TABLE IF EXISTS `system_event`;
/*!40101 SET @saved_cs_client     = @@character_set_client */;
/*!50503 SET character_set_client = utf8mb4 */;
CREATE TABLE `system_event` (
  `id` int(11) NOT NULL AUTO_INCREMENT,
  `date_time` datetime NOT NULL,
  `application` varchar(45) NOT NULL DEFAULT ' ',
  `module` varchar(45) NOT NULL,
  `data` varchar(250) NOT NULL,
  `user_id` int(11) NOT NULL DEFAULT '1',
  `class_name` varchar(100) NOT NULL,
  `request_uri` varchar(500) NOT NULL,
  `sender_id` int(11) NOT NULL,
  PRIMARY KEY (`id`),
  KEY `fk_system_event_1_idx` (`user_id`)
) ENGINE=InnoDB AUTO_INCREMENT=17990 DEFAULT CHARSET=utf8;
/*!40101 SET character_set_client = @saved_cs_client */;

--
-- Dumping data for table `system_event`
--

LOCK TABLES `system_event` WRITE;
/*!40000 ALTER TABLE `system_event` DISABLE KEYS */;
INSERT INTO `system_event` (`id`, `date_time`, `application`, `module`, `data`, `user_id`, `class_name`, `request_uri`, `sender_id`) VALUES (455,'2020-05-29 11:15:58','CRM','','Customer Updated: \"  !\" by user 1',1,'Customer','/customer/customer/update?id=152',152),(456,'2020-05-29 11:16:31','HRM','','Project Deleted: \"\" by user 1',1,'Project','/project/project/delete?id=79',79),(457,'2020-05-29 11:17:19','CRM','','Selling Created: \"\" by user 1',1,'Selling','/selling/form/save',351),(458,'2020-05-29 11:17:20','CRM','','Selling Updated: \"\" by user 1',1,'Selling','/selling/form/save',351),(459,'2020-05-29 11:17:58','CRM','','Selling Updated: \"\" by user 1',1,'Selling','/selling/talk/comment-history',351),(460,'2020-05-29 11:18:01','CRM','','  ',1,'Selling','/selling/form/test?id=351&state_id=6',351),(461,'2020-05-29 11:18:01','CRM','','Selling Updated: \"\" by user 1',1,'Selling','/selling/form/test?id=351&state_id=6',351),(462,'2020-05-29 11:20:02','ERP','','WarehouseProduct Created: \"   \" by user 1',1,'WarehouseProduct','/warehouse/warehouse-product/create?warehouse_id=28',25),(463,'2020-05-29 11:20:08','ERP','','WarehouseProduct Deleted: \"   \" by user 1',1,'WarehouseProduct','/warehouse/warehouse-product/delete?id=25',25),(464,'2020-05-29 11:24:27','ERP','','WarehouseProduct Created: \" Red Lable_new\" by user 1',1,'WarehouseProduct','/warehouse/warehouse-product/create?warehouse_id=28',26),(465,'2020-05-29 11:24:36','ERP','','WarehouseProduct Deleted: \" Red Lable_new\" by user 1',1,'WarehouseProduct','/warehouse/warehouse-product/delete?id=26',26),(470,'2020-05-29 12:40:37','ERP','','Supplier Created: \"\" by user 1',1,'Supplier','/supplier/supplier/create',9),(471,'2020-05-29 12:41:25','ERP','','Product Created: \"   \" by user 1',1,'Product','/product/product/create',96),(472,'2020-05-29 12:41:53','CRM','','Customer Deleted: \"  !\" by user 1',1,'Customer','/customer/customer/delete?id=154',154),(473,'2020-05-29 12:41:59','CRM','','Customer Deleted: \"Yii 2 -   .\" by user 1',1,'Customer','/customer/customer/delete?id=155',155),(522,'2020-06-03 10:35:29','ERP','','WarehouseProduct Created: \"   \" by user 1',1,'WarehouseProduct','/warehouse/warehouse-product/create?warehouse_id=1',2),(525,'2020-06-04 12:45:26','ERP','','WarehouseProduct Created: \"  50\" by user 1',1,'WarehouseProduct','/warehouse/warehouse-product/create?warehouse_id=1',3),(539,'2020-06-05 13:48:45','HRM','','Vacancy Created: \"  \" by user 1',1,'Vacancy','/vacancy/vacancy/create',85),(540,'2020-06-07 16:11:58','CRM','','  ',1,'Selling','/selling/form/test?id=164&state_id=8',164),(541,'2020-06-07 16:11:58','CRM','','Selling Updated: \"\" by user 1',1,'Selling','/selling/form/test?id=164&state_id=8',164),(549,'2020-06-09 10:57:43','HRM','','Worker Created: \"Duiia\" by user 1',1,'Worker','/worker/worker/create',121),(550,'2020-06-09 10:57:43','HRM','','WorkerVacancy Created: \"\" by user 1',1,'WorkerVacancy','/worker/worker/create',180),(556,'2020-06-09 11:35:39','CRM','','Request Created: \"\" by user 1',1,'Request','/selling/request/create',48),(557,'2020-06-09 12:11:56','CRM','','Request Updated: \"\" by user 1',1,'Request','/selling/request/update?id=35',35),(558,'2020-06-09 12:12:33','CRM','','Request Deleted: \"\" by user 1',1,'Request','/selling/request/delete?id=48',48),(559,'2020-06-09 12:22:55','HRM','','Project Created: \"Yoyoidlkdm\" by user 1',1,'Project','/project/project/create',80),(560,'2020-06-09 12:25:12','HRM','','Vacancy Updated: \" \" by user 1',1,'Vacancy','/vacancy/vacancy/update?id=1',1),(561,'2020-06-09 12:27:32','CRM','','Customer Updated: \" \" by user 1',1,'Customer','/customer/customer/update?id=27',27),(562,'2020-06-09 12:41:15','HRM','','Vacancy Updated: \" \" by user 1',1,'Vacancy','/vacancy/vacancy/update?id=3',3),(564,'2020-06-09 13:32:54','ERP','','Transit Created: \"UIU LSCK\" by user 1',1,'Transit','/transit/transit/create',4),(584,'2020-07-02 08:51:57','ERP','','Category Created: \"wregrdhf\" by user 1',1,'Category','/product/category/create',45),(585,'2020-07-02 08:53:21','ERP','','Category Created: \"wdwafesgfbnm\" by user 1',1,'Category','/product/category/create',46),(586,'2020-07-02 08:53:39','ERP','','Product Created: \"qdhtf\" by user 1',1,'Product','/product/product/create',130),(587,'2020-07-02 08:53:53','ERP','','Product Created: \"qdhtf\" by user 1',1,'Product','/product/product/create',131),(588,'2020-07-02 08:53:53','ERP','','FieldProductValue Created: \"qdhtf\" by user 1',1,'FieldProductValue','/product/product/create',246),(589,'2020-07-02 08:53:53','ERP','','FieldProductValue Created: \"qdhtf\" by user 1',1,'FieldProductValue','/product/product/create',247),(590,'2020-07-02 08:53:54','ERP','','FieldProductValue Created: \"qdhtf\" by user 1',1,'FieldProductValue','/product/product/create',248),(591,'2020-07-02 08:53:54','ERP','','FieldProductValue Created: \"qdhtf\" by user 1',1,'FieldProductValue','/product/product/create',249),(592,'2020-07-02 08:53:54','ERP','','FieldProductValue Created: \"qdhtf\" by user 1',1,'FieldProductValue','/product/product/create',250),(593,'2020-07-02 08:53:54','ERP','','FieldProductValue Created: \"qdhtf\" by user 1',1,'FieldProductValue','/product/product/create',251),(594,'2020-07-07 08:34:13','BOSS','','User Updated: \"\" by user 1',1,'User','/core/user/update?id=7',7),(614,'2020-07-08 11:08:51','ERP','','Category Deleted: \"ewafc\" by user 1',1,'Category','/product/category/delete?id=37',37),(615,'2020-07-08 11:09:02','ERP','','Category Deleted: \"eqwgrhctf\" by user 1',1,'Category','/product/category/delete?id=31',31),(616,'2020-07-08 11:09:08','ERP','','Category Deleted: \"nthawfv\" by user 1',1,'Category','/product/category/delete?id=30',30),(617,'2020-07-08 11:09:14','ERP','','Category Deleted: \"TEST\" by user 1',1,'Category','/product/category/delete?id=29',29),(618,'2020-07-08 11:09:21','ERP','','Category Deleted: \"qwfasdgbfn\" by user 1',1,'Category','/product/category/delete?id=39',39),(619,'2020-07-08 11:09:31','ERP','','Category Deleted: \"dwscz\" by user 1',1,'Category','/product/category/delete?id=42',42),(620,'2020-07-08 11:09:39','ERP','','Category Deleted: \"wdwafesgfbnm\" by user 1',1,'Category','/product/category/delete?id=46',46),(621,'2020-07-08 11:09:44','ERP','','Category Deleted: \"dwscz\" by user 1',1,'Category','/product/category/delete?id=43',43),(622,'2020-07-08 11:09:49','ERP','','Category Deleted: \"awdfesvdf\" by user 1',1,'Category','/product/category/delete?id=44',44),(623,'2020-07-08 11:09:55','ERP','','Category Deleted: \"2141eqw\" by user 1',1,'Category','/product/category/delete?id=41',41),(624,'2020-07-08 11:10:01','ERP','','Category Deleted: \"wregrdhf\" by user 1',1,'Category','/product/category/delete?id=45',45),(625,'2020-07-08 11:10:08','ERP','','Category Deleted: \"ntcn\" by user 1',1,'Category','/product/category/delete?id=33',33),(626,'2020-07-08 11:10:16','ERP','','Category Deleted: \" \" by user 1',1,'Category','/product/category/delete?id=17',17),(627,'2020-07-08 11:10:30','ERP','','Category Updated: \" 4\" by user 1',1,'Category','/product/category/update?id=28',28),(628,'2020-07-08 11:10:42','ERP','','Category Updated: \"\" by user 1',1,'Category','/product/category/update?id=27',27),(634,'2020-07-08 11:16:01','ERP','','Category Created: \"\" by user 1',1,'Category','/product/category/create',48),(635,'2020-07-08 11:16:14','ERP','','Category Updated: \"1\" by user 1',1,'Category','/product/category/update?id=38',38),(636,'2020-07-08 11:16:38','ERP','','Category Created: \"\" by user 1',1,'Category','/product/category/create',49),(640,'2020-07-08 11:18:34','ERP','','Category Created: \"\" by user 1',1,'Category','/product/category/create',51),(661,'2020-07-08 11:37:50','CRM','','Selling Created: \"\" by user 1',1,'Selling','/selling/form/save',366),(662,'2020-07-08 11:37:50','CRM','','Selling Updated: \"366\" by user 1',1,'Selling','/selling/form/save',366),(683,'2020-07-10 18:42:38','BOSS','','Regularity Created: \"\" by user 1',1,'Regularity','/core/regularity/create',30),(684,'2020-07-10 18:44:27','BOSS','','Item Created: \"    \" by user 1',1,'Item','/core/item/create?regularity_id=30',47),(685,'2020-07-10 18:49:10','ERP','','Category Created: \"\" by user 1',1,'Category','/product/category/create',52),(686,'2020-07-10 18:50:21','ERP','','Field Created: \" \" by user 1',1,'Field','/product/category/update?id=52',125),(687,'2020-07-10 18:51:27','ERP','','Field Created: \"\" by user 1',1,'Field','/product/category/update?id=52',126),(688,'2020-07-10 18:51:27','ERP','','FieldValue Created: \" 1\" by user 1',1,'FieldValue','/product/category/update?id=52',188),(689,'2020-07-10 18:51:27','ERP','','FieldValue Created: \" 2 \" by user 1',1,'FieldValue','/product/category/update?id=52',189),(690,'2020-07-10 18:51:27','ERP','','FieldValue Created: \" 3\" by user 1',1,'FieldValue','/product/category/update?id=52',190),(691,'2020-07-10 18:51:43','ERP','','Field Created: \"\" by user 1',1,'Field','/product/category/update?id=52',127),(692,'2020-07-10 18:53:49','ERP','','Field Created: \"  \" by user 1',1,'Field','/product/category/update?id=38',128),(693,'2020-07-10 18:53:49','ERP','','FieldValue Created: \"\" by user 1',1,'FieldValue','/product/category/update?id=38',191),(694,'2020-07-10 18:53:50','ERP','','FieldValue Created: \"\" by user 1',1,'FieldValue','/product/category/update?id=38',192),(695,'2020-07-10 18:53:50','ERP','','FieldValue Created: \"\" by user 1',1,'FieldValue','/product/category/update?id=38',193),(696,'2020-07-10 18:56:05','ERP','','Product Created: \"\" by user 1',1,'Product','/product/product/create',133),(697,'2020-07-10 18:56:05','ERP','','FieldProductValue Created: \"\" by user 1',1,'FieldProductValue','/product/product/create',266),(698,'2020-07-10 18:56:05','ERP','','FieldProductValue Created: \"\" by user 1',1,'FieldProductValue','/product/product/create',267),(699,'2020-07-10 18:56:05','ERP','','FieldProductValue Created: \"\" by user 1',1,'FieldProductValue','/product/product/create',268),(700,'2020-07-10 19:01:55','CRM','','Selling Created: \"\" by user 1',1,'Selling','/selling/form/save',367),(701,'2020-07-10 19:01:56','CRM','','Selling Updated: \"367\" by user 1',1,'Selling','/selling/form/save',367),(702,'2020-07-10 19:01:59','CRM','','Selling Updated: \"367\" by user 1',1,'Selling','/selling/form/save?id=367',367),(703,'2020-07-10 19:01:59','CRM','','Selling Updated: \"367367\" by user 1',1,'Selling','/selling/form/save?id=367',367),(704,'2020-07-10 19:06:12','CRM','','Customer Created: \"   \" by user 1',1,'Customer','/selling/freelancehunt/bid-form?url=https://freelancehunt.com/project/servis-po-predostavleniyu-parsinga/715596.html',245),(705,'2020-07-10 19:06:12','CRM','','Selling Created: \"\" by user 1',1,'Selling','/selling/freelancehunt/bid-form?url=https://freelancehunt.com/project/servis-po-predostavleniyu-parsinga/715596.html',368),(706,'2020-07-10 19:07:04','CRM','','  ',1,'Selling','/selling/form/test?id=368&state_id=5',368),(707,'2020-07-10 19:07:04','CRM','','Selling Updated: \"\" by user 1',1,'Selling','/selling/form/test?id=368&state_id=5',368),(708,'2020-07-10 19:08:11','CRM','','Selling Updated: \"\" by user 1',1,'Selling','/selling/form/test?id=368&state_id=5',368),(709,'2020-07-11 21:04:08','BOSS','','Item Updated: \" \" by user 1',1,'Item','/core/item/update?id=17',17),(710,'2020-07-12 12:05:46','BOSS','',' ',1,'Login','/signup/zaglushka',1),(711,'2020-07-12 12:07:15','CRM','','Selling Created: \"\" by user 1',1,'Selling','/selling/form/save',369),(712,'2020-07-12 12:07:15','CRM','','Selling Updated: \"\" by user 1',1,'Selling','/selling/form/save',369),(713,'2020-07-12 12:07:52','CRM','','Selling Updated: \"\" by user 1',1,'Selling','/selling/form/save?id=369',369),(714,'2020-07-12 12:07:52','CRM','','Selling Updated: \"\" by user 1',1,'Selling','/selling/form/save?id=369',369),(715,'2020-07-12 12:08:03','CRM','','  ',1,'Selling','/selling/form/test?id=369&state_id=6',369),(716,'2020-07-12 12:08:03','CRM','','Selling Updated: \"\" by user 1',1,'Selling','/selling/form/test?id=369&state_id=6',369),(730,'2020-07-12 12:42:31','CRM','','Selling Updated: \"\" by user 1',1,'Selling','/selling/talk/comment-history',369),(731,'2020-07-12 12:42:31','CRM','','Selling Updated: \"\" by user 1',1,'Selling','/selling/talk/comment-history',369),(734,'2020-07-12 12:42:36','CRM','','Selling Updated: \"\" by user 1',1,'Selling','/selling/talk/comment-history',369),(735,'2020-07-12 12:42:36','CRM','','Selling Updated: \"\" by user 1',1,'Selling','/selling/talk/comment-history',369),(738,'2020-07-12 12:42:41','CRM','','Selling Updated: \"\" by user 1',1,'Selling','/selling/talk/comment-history',369),(739,'2020-07-12 12:42:41','CRM','','Selling Updated: \"\" by user 1',1,'Selling','/selling/talk/comment-history',369),(742,'2020-07-12 12:42:46','CRM','','Selling Updated: \"\" by user 1',1,'Selling','/selling/talk/comment-history',369),(743,'2020-07-12 12:42:46','CRM','','Selling Updated: \"\" by user 1',1,'Selling','/selling/talk/comment-history',369),(746,'2020-07-12 12:42:51','CRM','','Selling Updated: \"\" by user 1',1,'Selling','/selling/talk/comment-history',369),(747,'2020-07-12 12:42:52','CRM','','Selling Updated: \"\" by user 1',1,'Selling','/selling/talk/comment-history',369),(750,'2020-07-12 12:42:56','CRM','','Selling Updated: \"\" by user 1',1,'Selling','/selling/talk/comment-history',369),(751,'2020-07-12 12:42:57','CRM','','Selling Updated: \"\" by user 1',1,'Selling','/selling/talk/comment-history',369),(754,'2020-07-12 12:43:01','CRM','','Selling Updated: \"\" by user 1',1,'Selling','/selling/talk/comment-history',369),(755,'2020-07-12 12:43:02','CRM','','Selling Updated: \"\" by user 1',1,'Selling','/selling/talk/comment-history',369),(758,'2020-07-12 12:43:07','CRM','','Selling Updated: \"\" by user 1',1,'Selling','/selling/talk/comment-history',369),(759,'2020-07-12 12:43:07','CRM','','Selling Updated: \"\" by user 1',1,'Selling','/selling/talk/comment-history',369),(762,'2020-07-12 12:43:12','CRM','','Selling Updated: \"\" by user 1',1,'Selling','/selling/talk/comment-history',369),(763,'2020-07-12 12:43:12','CRM','','Selling Updated: \"\" by user 1',1,'Selling','/selling/talk/comment-history',369),(766,'2020-07-12 12:43:17','CRM','','Selling Updated: \"\" by user 1',1,'Selling','/selling/talk/comment-history',369),(767,'2020-07-12 12:43:17','CRM','','Selling Updated: \"\" by user 1',1,'Selling','/selling/talk/comment-history',369),(770,'2020-07-12 12:43:22','CRM','','Selling Updated: \"\" by user 1',1,'Selling','/selling/talk/comment-history',369),(771,'2020-07-12 12:43:22','CRM','','Selling Updated: \"\" by user 1',1,'Selling','/selling/talk/comment-history',369),(774,'2020-07-12 12:43:27','CRM','','Selling Updated: \"\" by user 1',1,'Selling','/selling/talk/comment-history',369),(775,'2020-07-12 12:43:27','CRM','','Selling Updated: \"\" by user 1',1,'Selling','/selling/talk/comment-history',369),(778,'2020-07-12 12:43:31','CRM','','Selling Updated: \"\" by user 1',1,'Selling','/selling/talk/comment-history',369),(779,'2020-07-12 12:43:32','CRM','','Selling Updated: \"\" by user 1',1,'Selling','/selling/talk/comment-history',369),(782,'2020-07-12 12:43:36','CRM','','Selling Updated: \"\" by user 1',1,'Selling','/selling/talk/comment-history',369),(783,'2020-07-12 12:43:37','CRM','','Selling Updated: \"\" by user 1',1,'Selling','/selling/talk/comment-history',369),(786,'2020-07-12 12:43:41','CRM','','Selling Updated: \"\" by user 1',1,'Selling','/selling/talk/comment-history',369),(787,'2020-07-12 12:43:41','CRM','','Selling Updated: \"\" by user 1',1,'Selling','/selling/talk/comment-history',369),(790,'2020-07-12 12:43:47','CRM','','Selling Updated: \"\" by user 1',1,'Selling','/selling/talk/comment-history',369),(791,'2020-07-12 12:43:47','CRM','','Selling Updated: \"\" by user 1',1,'Selling','/selling/talk/comment-history',369),(794,'2020-07-12 12:43:52','CRM','','Selling Updated: \"\" by user 1',1,'Selling','/selling/talk/comment-history',369),(795,'2020-07-12 12:43:52','CRM','','Selling Updated: \"\" by user 1',1,'Selling','/selling/talk/comment-history',369),(798,'2020-07-12 12:43:57','CRM','','Selling Updated: \"\" by user 1',1,'Selling','/selling/talk/comment-history',369),(799,'2020-07-12 12:43:57','CRM','','Selling Updated: \"\" by user 1',1,'Selling','/selling/talk/comment-history',369),(802,'2020-07-12 12:44:02','CRM','','Selling Updated: \"\" by user 1',1,'Selling','/selling/talk/comment-history',369),(803,'2020-07-12 12:44:02','CRM','','Selling Updated: \"\" by user 1',1,'Selling','/selling/talk/comment-history',369),(806,'2020-07-12 12:44:07','CRM','','Selling Updated: \"\" by user 1',1,'Selling','/selling/talk/comment-history',369),(807,'2020-07-12 12:44:07','CRM','','Selling Updated: \"\" by user 1',1,'Selling','/selling/talk/comment-history',369),(810,'2020-07-12 12:44:12','CRM','','Selling Updated: \"\" by user 1',1,'Selling','/selling/talk/comment-history',369),(811,'2020-07-12 12:44:12','CRM','','Selling Updated: \"\" by user 1',1,'Selling','/selling/talk/comment-history',369),(814,'2020-07-12 12:44:17','CRM','','Selling Updated: \"\" by user 1',1,'Selling','/selling/talk/comment-history',369),(815,'2020-07-12 12:44:18','CRM','','Selling Updated: \"\" by user 1',1,'Selling','/selling/talk/comment-history',369),(818,'2020-07-12 12:44:23','CRM','','Selling Updated: \"\" by user 1',1,'Selling','/selling/talk/comment-history',369),(819,'2020-07-12 12:44:23','CRM','','Selling Updated: \"\" by user 1',1,'Selling','/selling/talk/comment-history',369),(822,'2020-07-12 12:44:28','CRM','','Selling Updated: \"\" by user 1',1,'Selling','/selling/talk/comment-history',369),(823,'2020-07-12 12:44:28','CRM','','Selling Updated: \"\" by user 1',1,'Selling','/selling/talk/comment-history',369),(825,'2020-07-12 12:44:31','CRM','','Selling Updated: \"\" by user 1',1,'Selling','/selling/talk/comment-history',369),(827,'2020-07-12 12:44:33','CRM','','Selling Updated: \"\" by user 1',1,'Selling','/selling/talk/comment-history',369),(830,'2020-07-12 12:44:39','CRM','','Selling Updated: \"\" by user 1',1,'Selling','/selling/talk/comment-history',369),(831,'2020-07-12 12:44:39','CRM','','Selling Updated: \"\" by user 1',1,'Selling','/selling/talk/comment-history',369),(834,'2020-07-12 12:44:44','CRM','','Selling Updated: \"\" by user 1',1,'Selling','/selling/talk/comment-history',369),(835,'2020-07-12 12:44:45','CRM','','Selling Updated: \"\" by user 1',1,'Selling','/selling/talk/comment-history',369),(838,'2020-07-12 12:44:49','CRM','','Selling Updated: \"\" by user 1',1,'Selling','/selling/talk/comment-history',369),(839,'2020-07-12 12:44:50','CRM','','Selling Updated: \"\" by user 1',1,'Selling','/selling/talk/comment-history',369),(842,'2020-07-12 12:44:54','CRM','','Selling Updated: \"\" by user 1',1,'Selling','/selling/talk/comment-history',369),(843,'2020-07-12 12:44:55','CRM','','Selling Updated: \"\" by user 1',1,'Selling','/selling/talk/comment-history',369),(846,'2020-07-12 12:44:59','CRM','','Selling Updated: \"\" by user 1',1,'Selling','/selling/talk/comment-history',369),(847,'2020-07-12 12:45:00','CRM','','Selling Updated: \"\" by user 1',1,'Selling','/selling/talk/comment-history',369),(850,'2020-07-12 12:45:05','CRM','','Selling Updated: \"\" by user 1',1,'Selling','/selling/talk/comment-history',369),(851,'2020-07-12 12:45:05','CRM','','Selling Updated: \"\" by user 1',1,'Selling','/selling/talk/comment-history',369),(854,'2020-07-12 12:45:11','CRM','','Selling Updated: \"\" by user 1',1,'Selling','/selling/talk/comment-history',369),(855,'2020-07-12 12:45:12','CRM','','Selling Updated: \"\" by user 1',1,'Selling','/selling/talk/comment-history',369),(858,'2020-07-12 12:45:17','CRM','','Selling Updated: \"\" by user 1',1,'Selling','/selling/talk/comment-history',369),(859,'2020-07-12 12:45:17','CRM','','Selling Updated: \"\" by user 1',1,'Selling','/selling/talk/comment-history',369),(862,'2020-07-12 12:45:22','CRM','','Selling Updated: \"\" by user 1',1,'Selling','/selling/talk/comment-history',369),(863,'2020-07-12 12:45:22','CRM','','Selling Updated: \"\" by user 1',1,'Selling','/selling/talk/comment-history',369),(866,'2020-07-12 12:45:27','CRM','','Selling Updated: \"\" by user 1',1,'Selling','/selling/talk/comment-history',369),(867,'2020-07-12 12:45:27','CRM','','Selling Updated: \"\" by user 1',1,'Selling','/selling/talk/comment-history',369),(870,'2020-07-12 12:45:32','CRM','','Selling Updated: \"\" by user 1',1,'Selling','/selling/talk/comment-history',369),(871,'2020-07-12 12:45:33','CRM','','Selling Updated: \"\" by user 1',1,'Selling','/selling/talk/comment-history',369),(874,'2020-07-12 12:45:39','CRM','','Selling Updated: \"\" by user 1',1,'Selling','/selling/talk/comment-history',369),(875,'2020-07-12 12:45:40','CRM','','Selling Updated: \"\" by user 1',1,'Selling','/selling/talk/comment-history',369),(878,'2020-07-12 12:45:45','CRM','','Selling Updated: \"\" by user 1',1,'Selling','/selling/talk/comment-history',369),(879,'2020-07-12 12:45:45','CRM','','Selling Updated: \"\" by user 1',1,'Selling','/selling/talk/comment-history',369),(882,'2020-07-12 12:45:51','CRM','','Selling Updated: \"\" by user 1',1,'Selling','/selling/talk/comment-history',369),(883,'2020-07-12 12:45:52','CRM','','Selling Updated: \"\" by user 1',1,'Selling','/selling/talk/comment-history',369),(886,'2020-07-12 12:45:57','CRM','','Selling Updated: \"\" by user 1',1,'Selling','/selling/talk/comment-history',369),(887,'2020-07-12 12:45:58','CRM','','Selling Updated: \"\" by user 1',1,'Selling','/selling/talk/comment-history',369),(890,'2020-07-12 12:46:03','CRM','','Selling Updated: \"\" by user 1',1,'Selling','/selling/talk/comment-history',369),(891,'2020-07-12 12:46:03','CRM','','Selling Updated: \"\" by user 1',1,'Selling','/selling/talk/comment-history',369),(892,'2020-07-12 12:46:04','CRM','','Selling Updated: \"\" by user 1',1,'Selling','/selling/talk/comment-history',369),(894,'2020-07-12 12:46:06','CRM','','Selling Updated: \"\" by user 1',1,'Selling','/selling/talk/comment-history',369),(895,'2020-07-12 12:46:07','CRM','','Selling Updated: \"\" by user 1',1,'Selling','/selling/talk/comment-history',369),(897,'2020-07-12 12:46:09','CRM','','Selling Updated: \"\" by user 1',1,'Selling','/selling/talk/comment-history',369),(899,'2020-07-12 12:46:12','CRM','','Selling Updated: \"\" by user 1',1,'Selling','/selling/talk/comment-history',369),(900,'2020-07-12 12:46:12','CRM','','Selling Updated: \"\" by user 1',1,'Selling','/selling/talk/comment-history',369),(901,'2020-07-12 12:46:13','CRM','','Selling Updated: \"\" by user 1',1,'Selling','/selling/talk/comment-history',369),(902,'2020-07-12 12:46:13','CRM','','Selling Updated: \"\" by user 1',1,'Selling','/selling/talk/comment-history',369),(903,'2020-07-12 12:46:14','CRM','','Selling Updated: \"\" by user 1',1,'Selling','/selling/talk/comment-history',369),(904,'2020-07-12 12:46:14','CRM','','Selling Updated: \"\" by user 1',1,'Selling','/selling/talk/comment-history',369),(905,'2020-07-12 12:46:14','CRM','','Selling Updated: \"\" by user 1',1,'Selling','/selling/talk/comment-history',369),(906,'2020-07-12 12:46:15','CRM','','Selling Updated: \"\" by user 1',1,'Selling','/selling/talk/comment-history',369),(907,'2020-07-12 12:46:15','CRM','','Selling Updated: \"\" by user 1',1,'Selling','/selling/talk/comment-history',369),(908,'2020-07-12 12:46:16','CRM','','Selling Updated: \"\" by user 1',1,'Selling','/selling/talk/comment-history',369),(909,'2020-07-12 12:46:16','CRM','','Selling Updated: \"\" by user 1',1,'Selling','/selling/talk/comment-history',369),(910,'2020-07-12 12:46:17','CRM','','Selling Updated: \"\" by user 1',1,'Selling','/selling/talk/comment-history',369),(911,'2020-07-12 12:46:18','CRM','','Selling Updated: \"\" by user 1',1,'Selling','/selling/talk/comment-history',369),(912,'2020-07-12 12:46:18','CRM','','Selling Updated: \"\" by user 1',1,'Selling','/selling/talk/comment-history',369),(913,'2020-07-12 12:46:18','CRM','','Selling Updated: \"\" by user 1',1,'Selling','/selling/talk/comment-history',369),(914,'2020-07-12 12:46:19','CRM','','Selling Updated: \"\" by user 1',1,'Selling','/selling/talk/comment-history',369),(915,'2020-07-12 12:46:19','CRM','','Selling Updated: \"\" by user 1',1,'Selling','/selling/talk/comment-history',369),(916,'2020-07-12 12:46:20','CRM','','Selling Updated: \"\" by user 1',1,'Selling','/selling/talk/comment-history',369),(917,'2020-07-12 12:46:20','CRM','','Selling Updated: \"\" by user 1',1,'Selling','/selling/talk/comment-history',369),(918,'2020-07-12 12:46:21','CRM','','Selling Updated: \"\" by user 1',1,'Selling','/selling/talk/comment-history',369),(920,'2020-07-12 12:46:23','CRM','','Selling Updated: \"\" by user 1',1,'Selling','/selling/talk/comment-history',369),(922,'2020-07-12 12:46:27','CRM','','Selling Updated: \"\" by user 1',1,'Selling','/selling/talk/comment-history',369),(924,'2020-07-12 12:46:31','CRM','','Selling Updated: \"\" by user 1',1,'Selling','/selling/talk/comment-history',369),(926,'2020-07-12 12:46:36','CRM','','Selling Updated: \"\" by user 1',1,'Selling','/selling/talk/comment-history',369),(928,'2020-07-12 12:46:39','CRM','','Selling Updated: \"\" by user 1',1,'Selling','/selling/talk/comment-history',369),(930,'2020-07-12 12:46:43','CRM','','Selling Updated: \"\" by user 1',1,'Selling','/selling/talk/comment-history',369),(932,'2020-07-12 12:46:47','CRM','','Selling Updated: \"\" by user 1',1,'Selling','/selling/talk/comment-history',369),(934,'2020-07-12 12:46:51','CRM','','Selling Updated: \"\" by user 1',1,'Selling','/selling/talk/comment-history',369),(936,'2020-07-12 12:46:56','CRM','','Selling Updated: \"\" by user 1',1,'Selling','/selling/talk/comment-history',369),(938,'2020-07-12 12:47:00','CRM','','Selling Updated: \"\" by user 1',1,'Selling','/selling/talk/comment-history',369),(940,'2020-07-12 12:47:03','CRM','','Selling Updated: \"\" by user 1',1,'Selling','/selling/talk/comment-history',369),(942,'2020-07-12 12:47:07','CRM','','Selling Updated: \"\" by user 1',1,'Selling','/selling/talk/comment-history',369),(944,'2020-07-12 12:47:12','CRM','','Selling Updated: \"\" by user 1',1,'Selling','/selling/talk/comment-history',369),(946,'2020-07-12 12:47:15','CRM','','Selling Updated: \"\" by user 1',1,'Selling','/selling/talk/comment-history',369),(948,'2020-07-12 12:47:19','CRM','','Selling Updated: \"\" by user 1',1,'Selling','/selling/talk/comment-history',369),(950,'2020-07-12 12:47:23','CRM','','Selling Updated: \"\" by user 1',1,'Selling','/selling/talk/comment-history',369),(952,'2020-07-12 12:47:27','CRM','','Selling Updated: \"\" by user 1',1,'Selling','/selling/talk/comment-history',369),(954,'2020-07-12 12:47:31','CRM','','Selling Updated: \"\" by user 1',1,'Selling','/selling/talk/comment-history',369),(956,'2020-07-12 12:47:35','CRM','','Selling Updated: \"\" by user 1',1,'Selling','/selling/talk/comment-history',369),(958,'2020-07-12 12:47:39','CRM','','Selling Updated: \"\" by user 1',1,'Selling','/selling/talk/comment-history',369),(960,'2020-07-12 12:47:43','CRM','','Selling Updated: \"\" by user 1',1,'Selling','/selling/talk/comment-history',369),(962,'2020-07-12 12:47:47','CRM','','Selling Updated: \"\" by user 1',1,'Selling','/selling/talk/comment-history',369),(964,'2020-07-12 12:47:51','CRM','','Selling Updated: \"\" by user 1',1,'Selling','/selling/talk/comment-history',369),(966,'2020-07-12 12:47:55','CRM','','Selling Updated: \"\" by user 1',1,'Selling','/selling/talk/comment-history',369),(968,'2020-07-12 12:48:00','CRM','','Selling Updated: \"\" by user 1',1,'Selling','/selling/talk/comment-history',369),(970,'2020-07-12 12:48:03','CRM','','Selling Updated: \"\" by user 1',1,'Selling','/selling/talk/comment-history',369),(972,'2020-07-12 12:48:07','CRM','','Selling Updated: \"\" by user 1',1,'Selling','/selling/talk/comment-history',369),(974,'2020-07-12 12:48:11','CRM','','Selling Updated: \"\" by user 1',1,'Selling','/selling/talk/comment-history',369),(976,'2020-07-12 12:48:15','CRM','','Selling Created: \"\" by user 1',1,'Selling','/selling/form/save',374),(977,'2020-07-12 12:48:15','CRM','','Selling Updated: \"374\" by user 1',1,'Selling','/selling/form/save',374),(978,'2020-07-12 12:48:15','CRM','','Selling Updated: \"\" by user 1',1,'Selling','/selling/talk/comment-history',369),(980,'2020-07-12 12:48:19','CRM','','Selling Updated: \"\" by user 1',1,'Selling','/selling/talk/comment-history',369),(982,'2020-07-12 12:48:23','CRM','','Selling Updated: \"\" by user 1',1,'Selling','/selling/talk/comment-history',369),(984,'2020-07-12 12:48:28','CRM','','Selling Updated: \"\" by user 1',1,'Selling','/selling/talk/comment-history',369),(986,'2020-07-12 12:48:31','CRM','','Selling Updated: \"\" by user 1',1,'Selling','/selling/talk/comment-history',369),(988,'2020-07-12 12:48:35','CRM','','Selling Updated: \"\" by user 1',1,'Selling','/selling/talk/comment-history',369),(990,'2020-07-12 12:48:39','CRM','','Selling Updated: \"\" by user 1',1,'Selling','/selling/talk/comment-history',369),(992,'2020-07-12 12:48:43','CRM','','Selling Updated: \"\" by user 1',1,'Selling','/selling/talk/comment-history',369),(994,'2020-07-12 12:48:47','CRM','','Selling Updated: \"\" by user 1',1,'Selling','/selling/talk/comment-history',369),(996,'2020-07-12 12:48:51','CRM','','Selling Updated: \"\" by user 1',1,'Selling','/selling/talk/comment-history',369),(998,'2020-07-12 12:48:55','CRM','','Selling Updated: \"\" by user 1',1,'Selling','/selling/talk/comment-history',369),(1000,'2020-07-12 12:48:59','CRM','','Selling Updated: \"\" by user 1',1,'Selling','/selling/talk/comment-history',369),(1002,'2020-07-12 12:49:03','CRM','','Selling Updated: \"\" by user 1',1,'Selling','/selling/talk/comment-history',369),(1004,'2020-07-12 12:49:07','CRM','','Selling Updated: \"\" by user 1',1,'Selling','/selling/talk/comment-history',369),(1006,'2020-07-12 12:49:11','CRM','','Selling Updated: \"\" by user 1',1,'Selling','/selling/talk/comment-history',369),(1008,'2020-07-12 12:49:15','CRM','','Selling Updated: \"\" by user 1',1,'Selling','/selling/talk/comment-history',369),(1010,'2020-07-12 12:49:19','CRM','','Selling Updated: \"\" by user 1',1,'Selling','/selling/talk/comment-history',369),(1012,'2020-07-12 12:49:23','CRM','','Selling Updated: \"\" by user 1',1,'Selling','/selling/talk/comment-history',369),(1014,'2020-07-12 12:49:27','CRM','','Selling Updated: \"\" by user 1',1,'Selling','/selling/talk/comment-history',369),(1016,'2020-07-12 12:49:31','CRM','','Selling Updated: \"\" by user 1',1,'Selling','/selling/talk/comment-history',369),(1018,'2020-07-12 12:49:35','CRM','','Selling Updated: \"\" by user 1',1,'Selling','/selling/talk/comment-history',369),(1020,'2020-07-12 12:49:39','CRM','','Selling Updated: \"\" by user 1',1,'Selling','/selling/talk/comment-history',369),(1022,'2020-07-12 12:49:43','CRM','','Selling Updated: \"\" by user 1',1,'Selling','/selling/talk/comment-history',369),(1024,'2020-07-12 12:49:47','CRM','','Selling Updated: \"\" by user 1',1,'Selling','/selling/talk/comment-history',369),(1026,'2020-07-12 12:49:51','CRM','','Selling Updated: \"\" by user 1',1,'Selling','/selling/talk/comment-history',369),(1028,'2020-07-12 12:49:55','CRM','','Selling Updated: \"\" by user 1',1,'Selling','/selling/talk/comment-history',369),(1030,'2020-07-12 12:49:59','CRM','','Selling Updated: \"\" by user 1',1,'Selling','/selling/talk/comment-history',369),(1032,'2020-07-12 12:50:03','CRM','','Selling Updated: \"\" by user 1',1,'Selling','/selling/talk/comment-history',369),(1034,'2020-07-12 12:50:07','CRM','','Selling Updated: \"\" by user 1',1,'Selling','/selling/talk/comment-history',369),(1036,'2020-07-12 12:50:11','CRM','','Selling Updated: \"\" by user 1',1,'Selling','/selling/talk/comment-history',369),(1038,'2020-07-12 12:50:15','CRM','','Selling Updated: \"\" by user 1',1,'Selling','/selling/talk/comment-history',369),(1040,'2020-07-12 12:50:19','CRM','','Selling Updated: \"\" by user 1',1,'Selling','/selling/talk/comment-history',369),(1042,'2020-07-12 12:50:23','CRM','','Selling Updated: \"\" by user 1',1,'Selling','/selling/talk/comment-history',369),(1044,'2020-07-12 12:50:27','CRM','','Selling Updated: \"\" by user 1',1,'Selling','/selling/talk/comment-history',369),(1046,'2020-07-12 12:50:31','CRM','','Selling Updated: \"\" by user 1',1,'Selling','/selling/talk/comment-history',369),(1048,'2020-07-12 12:50:35','CRM','','Selling Updated: \"\" by user 1',1,'Selling','/selling/talk/comment-history',369),(1050,'2020-07-12 12:50:40','CRM','','Selling Updated: \"\" by user 1',1,'Selling','/selling/talk/comment-history',369),(1052,'2020-07-12 12:50:43','CRM','','Selling Updated: \"\" by user 1',1,'Selling','/selling/talk/comment-history',369),(1054,'2020-07-12 12:50:47','CRM','','Selling Updated: \"\" by user 1',1,'Selling','/selling/talk/comment-history',369),(1056,'2020-07-12 12:50:51','CRM','','Selling Updated: \"\" by user 1',1,'Selling','/selling/talk/comment-history',369),(1058,'2020-07-12 12:50:55','CRM','','Selling Updated: \"\" by user 1',1,'Selling','/selling/talk/comment-history',369),(1060,'2020-07-12 12:50:59','CRM','','Selling Updated: \"\" by user 1',1,'Selling','/selling/talk/comment-history',369),(1062,'2020-07-12 12:51:03','CRM','','Selling Updated: \"\" by user 1',1,'Selling','/selling/talk/comment-history',369),(1064,'2020-07-12 12:51:07','CRM','','Selling Updated: \"\" by user 1',1,'Selling','/selling/talk/comment-history',369),(1066,'2020-07-12 12:51:11','CRM','','Selling Updated: \"\" by user 1',1,'Selling','/selling/talk/comment-history',369),(1068,'2020-07-12 12:51:16','CRM','','Selling Updated: \"\" by user 1',1,'Selling','/selling/talk/comment-history',369),(1070,'2020-07-12 12:51:19','CRM','','Selling Updated: \"\" by user 1',1,'Selling','/selling/talk/comment-history',369),(1072,'2020-07-12 12:51:23','CRM','','Selling Updated: \"\" by user 1',1,'Selling','/selling/talk/comment-history',369),(1074,'2020-07-12 12:51:27','CRM','','Selling Updated: \"\" by user 1',1,'Selling','/selling/talk/comment-history',369),(1076,'2020-07-12 12:51:31','CRM','','Selling Updated: \"\" by user 1',1,'Selling','/selling/talk/comment-history',369),(1078,'2020-07-12 12:51:35','CRM','','Selling Updated: \"\" by user 1',1,'Selling','/selling/talk/comment-history',369),(1080,'2020-07-12 12:51:39','CRM','','Selling Updated: \"\" by user 1',1,'Selling','/selling/talk/comment-history',369),(1082,'2020-07-12 12:51:43','CRM','','Selling Updated: \"\" by user 1',1,'Selling','/selling/talk/comment-history',369),(1084,'2020-07-12 12:51:47','CRM','','Selling Updated: \"\" by user 1',1,'Selling','/selling/talk/comment-history',369),(1086,'2020-07-12 12:51:51','CRM','','Selling Updated: \"\" by user 1',1,'Selling','/selling/talk/comment-history',369),(1088,'2020-07-12 12:51:55','CRM','','Selling Updated: \"\" by user 1',1,'Selling','/selling/talk/comment-history',369),(1090,'2020-07-12 12:51:59','CRM','','Selling Updated: \"\" by user 1',1,'Selling','/selling/talk/comment-history',369),(1092,'2020-07-12 12:52:03','CRM','','Selling Updated: \"\" by user 1',1,'Selling','/selling/talk/comment-history',369),(1094,'2020-07-12 12:52:07','CRM','','Selling Updated: \"\" by user 1',1,'Selling','/selling/talk/comment-history',369),(1096,'2020-07-12 12:52:11','CRM','','Selling Updated: \"\" by user 1',1,'Selling','/selling/talk/comment-history',369),(1098,'2020-07-12 12:52:15','CRM','','Selling Updated: \"\" by user 1',1,'Selling','/selling/talk/comment-history',369),(1100,'2020-07-12 12:52:19','CRM','','Selling Updated: \"\" by user 1',1,'Selling','/selling/talk/comment-history',369),(1102,'2020-07-12 12:52:23','CRM','','Selling Updated: \"\" by user 1',1,'Selling','/selling/talk/comment-history',369),(1104,'2020-07-12 12:52:27','CRM','','Selling Updated: \"\" by user 1',1,'Selling','/selling/talk/comment-history',369),(1106,'2020-07-12 12:52:31','CRM','','Selling Updated: \"\" by user 1',1,'Selling','/selling/talk/comment-history',369),(1108,'2020-07-12 12:52:35','CRM','','Selling Updated: \"\" by user 1',1,'Selling','/selling/talk/comment-history',369),(1110,'2020-07-12 12:52:39','CRM','','Selling Updated: \"\" by user 1',1,'Selling','/selling/talk/comment-history',369),(1112,'2020-07-12 12:52:43','CRM','','Selling Updated: \"\" by user 1',1,'Selling','/selling/talk/comment-history',369),(1114,'2020-07-12 12:52:47','CRM','','Selling Updated: \"\" by user 1',1,'Selling','/selling/talk/comment-history',369),(1116,'2020-07-12 12:52:51','CRM','','Selling Updated: \"\" by user 1',1,'Selling','/selling/talk/comment-history',369),(1118,'2020-07-12 12:52:55','CRM','','Selling Updated: \"\" by user 1',1,'Selling','/selling/talk/comment-history',369),(1120,'2020-07-12 12:52:59','CRM','','Selling Updated: \"\" by user 1',1,'Selling','/selling/talk/comment-history',369),(1122,'2020-07-12 12:53:03','CRM','','Selling Updated: \"\" by user 1',1,'Selling','/selling/talk/comment-history',369),(1124,'2020-07-12 12:53:07','CRM','','Selling Updated: \"\" by user 1',1,'Selling','/selling/talk/comment-history',369),(1126,'2020-07-12 12:53:12','CRM','','Selling Updated: \"\" by user 1',1,'Selling','/selling/talk/comment-history',369),(1128,'2020-07-12 12:53:15','CRM','','Selling Updated: \"\" by user 1',1,'Selling','/selling/talk/comment-history',369),(1130,'2020-07-12 12:53:20','CRM','','Selling Updated: \"\" by user 1',1,'Selling','/selling/talk/comment-history',369),(1132,'2020-07-12 12:53:24','CRM','','Selling Updated: \"\" by user 1',1,'Selling','/selling/talk/comment-history',369),(1134,'2020-07-12 12:53:27','CRM','','Selling Updated: \"\" by user 1',1,'Selling','/selling/talk/comment-history',369),(1136,'2020-07-12 12:53:31','CRM','','Selling Updated: \"\" by user 1',1,'Selling','/selling/talk/comment-history',369),(1138,'2020-07-12 12:53:35','CRM','','Selling Updated: \"\" by user 1',1,'Selling','/selling/talk/comment-history',369),(1140,'2020-07-12 12:53:39','CRM','','Selling Updated: \"\" by user 1',1,'Selling','/selling/talk/comment-history',369),(1142,'2020-07-12 12:53:43','CRM','','Selling Updated: \"\" by user 1',1,'Selling','/selling/talk/comment-history',369),(1144,'2020-07-12 12:53:47','CRM','','Selling Updated: \"\" by user 1',1,'Selling','/selling/talk/comment-history',369),(1146,'2020-07-12 12:53:51','CRM','','Selling Updated: \"\" by user 1',1,'Selling','/selling/talk/comment-history',369),(1148,'2020-07-12 12:53:55','CRM','','Selling Updated: \"\" by user 1',1,'Selling','/selling/talk/comment-history',369),(1150,'2020-07-12 12:53:59','CRM','','Selling Updated: \"\" by user 1',1,'Selling','/selling/talk/comment-history',369),(1152,'2020-07-12 12:54:03','CRM','','Selling Updated: \"\" by user 1',1,'Selling','/selling/talk/comment-history',369),(1154,'2020-07-12 12:54:07','CRM','','Selling Updated: \"\" by user 1',1,'Selling','/selling/talk/comment-history',369),(1156,'2020-07-12 12:54:11','CRM','','Selling Updated: \"\" by user 1',1,'Selling','/selling/talk/comment-history',369),(1158,'2020-07-12 12:54:15','CRM','','Selling Updated: \"\" by user 1',1,'Selling','/selling/talk/comment-history',369),(1160,'2020-07-12 12:54:19','CRM','','Selling Updated: \"\" by user 1',1,'Selling','/selling/talk/comment-history',369),(1162,'2020-07-12 12:54:23','CRM','','Selling Updated: \"\" by user 1',1,'Selling','/selling/talk/comment-history',369),(1164,'2020-07-12 12:54:27','CRM','','Selling Updated: \"\" by user 1',1,'Selling','/selling/talk/comment-history',369),(1166,'2020-07-12 12:54:31','CRM','','Selling Updated: \"\" by user 1',1,'Selling','/selling/talk/comment-history',369),(1168,'2020-07-12 12:54:35','CRM','','Selling Updated: \"\" by user 1',1,'Selling','/selling/talk/comment-history',369),(1170,'2020-07-12 12:54:39','CRM','','Selling Updated: \"\" by user 1',1,'Selling','/selling/talk/comment-history',369),(1172,'2020-07-12 12:54:43','CRM','','Selling Updated: \"\" by user 1',1,'Selling','/selling/talk/comment-history',369),(1174,'2020-07-12 12:54:47','CRM','','Selling Updated: \"\" by user 1',1,'Selling','/selling/talk/comment-history',369),(1176,'2020-07-12 12:54:51','CRM','','Selling Updated: \"\" by user 1',1,'Selling','/selling/talk/comment-history',369),(1178,'2020-07-12 12:54:56','CRM','','Selling Updated: \"\" by user 1',1,'Selling','/selling/talk/comment-history',369),(1180,'2020-07-12 12:54:59','CRM','','Selling Updated: \"\" by user 1',1,'Selling','/selling/talk/comment-history',369),(1182,'2020-07-12 12:55:03','CRM','','Selling Updated: \"\" by user 1',1,'Selling','/selling/talk/comment-history',369),(1184,'2020-07-12 12:55:07','CRM','','Selling Updated: \"\" by user 1',1,'Selling','/selling/talk/comment-history',369),(1186,'2020-07-12 12:55:11','CRM','','Selling Updated: \"\" by user 1',1,'Selling','/selling/talk/comment-history',369),(1188,'2020-07-12 12:55:15','CRM','','Selling Updated: \"\" by user 1',1,'Selling','/selling/talk/comment-history',369),(1190,'2020-07-12 12:55:19','CRM','','Selling Updated: \"\" by user 1',1,'Selling','/selling/talk/comment-history',369),(1192,'2020-07-12 12:55:23','CRM','','Selling Updated: \"\" by user 1',1,'Selling','/selling/talk/comment-history',369),(1194,'2020-07-12 12:55:27','CRM','','Selling Updated: \"\" by user 1',1,'Selling','/selling/talk/comment-history',369),(1196,'2020-07-12 12:55:31','CRM','','Selling Updated: \"\" by user 1',1,'Selling','/selling/talk/comment-history',369),(1198,'2020-07-12 12:55:35','CRM','','Selling Updated: \"\" by user 1',1,'Selling','/selling/talk/comment-history',369),(1200,'2020-07-12 12:55:39','CRM','','Selling Updated: \"\" by user 1',1,'Selling','/selling/talk/comment-history',369),(1202,'2020-07-12 12:55:43','CRM','','Selling Updated: \"\" by user 1',1,'Selling','/selling/talk/comment-history',369),(1204,'2020-07-12 12:55:47','CRM','','Selling Updated: \"\" by user 1',1,'Selling','/selling/talk/comment-history',369),(1206,'2020-07-12 12:55:51','CRM','','Selling Updated: \"\" by user 1',1,'Selling','/selling/talk/comment-history',369),(1208,'2020-07-12 12:55:55','CRM','','Selling Updated: \"\" by user 1',1,'Selling','/selling/talk/comment-history',369),(1210,'2020-07-12 12:55:59','CRM','','Selling Updated: \"\" by user 1',1,'Selling','/selling/talk/comment-history',369),(1212,'2020-07-12 12:56:04','CRM','','Selling Updated: \"\" by user 1',1,'Selling','/selling/talk/comment-history',369),(1214,'2020-07-12 12:56:07','CRM','','Selling Updated: \"\" by user 1',1,'Selling','/selling/talk/comment-history',369),(1216,'2020-07-12 12:56:11','CRM','','Selling Updated: \"\" by user 1',1,'Selling','/selling/talk/comment-history',369),(1218,'2020-07-12 12:56:15','CRM','','Selling Updated: \"\" by user 1',1,'Selling','/selling/talk/comment-history',369),(1220,'2020-07-12 12:56:19','CRM','','Selling Updated: \"\" by user 1',1,'Selling','/selling/talk/comment-history',369),(1222,'2020-07-12 12:56:23','CRM','','Selling Updated: \"\" by user 1',1,'Selling','/selling/talk/comment-history',369),(1224,'2020-07-12 12:56:27','CRM','','Selling Updated: \"\" by user 1',1,'Selling','/selling/talk/comment-history',369),(1226,'2020-07-12 12:56:31','CRM','','Selling Updated: \"\" by user 1',1,'Selling','/selling/talk/comment-history',369),(1228,'2020-07-12 12:56:35','CRM','','Selling Updated: \"\" by user 1',1,'Selling','/selling/talk/comment-history',369),(1230,'2020-07-12 12:56:39','CRM','','Selling Updated: \"\" by user 1',1,'Selling','/selling/talk/comment-history',369),(1232,'2020-07-12 12:56:44','CRM','','Selling Updated: \"\" by user 1',1,'Selling','/selling/talk/comment-history',369),(1234,'2020-07-12 12:56:47','CRM','','Selling Updated: \"\" by user 1',1,'Selling','/selling/talk/comment-history',369),(1236,'2020-07-12 12:56:51','CRM','','Selling Updated: \"\" by user 1',1,'Selling','/selling/talk/comment-history',369),(1238,'2020-07-12 12:56:55','CRM','','Selling Updated: \"\" by user 1',1,'Selling','/selling/talk/comment-history',369),(1240,'2020-07-12 12:56:59','CRM','','Selling Updated: \"\" by user 1',1,'Selling','/selling/talk/comment-history',369),(1242,'2020-07-12 12:57:03','CRM','','Selling Updated: \"\" by user 1',1,'Selling','/selling/talk/comment-history',369),(1244,'2020-07-12 12:57:07','CRM','','Selling Updated: \"\" by user 1',1,'Selling','/selling/talk/comment-history',369),(1246,'2020-07-12 12:57:11','CRM','','Selling Updated: \"\" by user 1',1,'Selling','/selling/talk/comment-history',369),(1248,'2020-07-12 12:57:16','CRM','','Selling Updated: \"\" by user 1',1,'Selling','/selling/talk/comment-history',369),(1250,'2020-07-12 12:57:19','CRM','','Selling Updated: \"\" by user 1',1,'Selling','/selling/talk/comment-history',369),(1252,'2020-07-12 12:57:23','CRM','','Selling Updated: \"\" by user 1',1,'Selling','/selling/talk/comment-history',369),(1254,'2020-07-12 12:57:27','CRM','','Selling Updated: \"\" by user 1',1,'Selling','/selling/talk/comment-history',369),(1256,'2020-07-12 12:57:31','CRM','','Selling Updated: \"\" by user 1',1,'Selling','/selling/talk/comment-history',369),(1258,'2020-07-12 12:57:35','CRM','','Selling Updated: \"\" by user 1',1,'Selling','/selling/talk/comment-history',369),(1260,'2020-07-12 12:57:39','CRM','','Selling Updated: \"\" by user 1',1,'Selling','/selling/talk/comment-history',369),(1262,'2020-07-12 12:57:43','CRM','','Selling Updated: \"\" by user 1',1,'Selling','/selling/talk/comment-history',369),(1264,'2020-07-12 12:57:47','CRM','','Selling Updated: \"\" by user 1',1,'Selling','/selling/talk/comment-history',369),(1266,'2020-07-12 12:57:51','CRM','','Selling Updated: \"\" by user 1',1,'Selling','/selling/talk/comment-history',369),(1268,'2020-07-12 12:57:55','CRM','','Selling Updated: \"\" by user 1',1,'Selling','/selling/talk/comment-history',369),(1270,'2020-07-12 12:57:59','CRM','','Selling Updated: \"\" by user 1',1,'Selling','/selling/talk/comment-history',369),(1272,'2020-07-12 12:58:03','CRM','','Selling Updated: \"\" by user 1',1,'Selling','/selling/talk/comment-history',369),(1274,'2020-07-12 12:58:07','CRM','','Selling Updated: \"\" by user 1',1,'Selling','/selling/talk/comment-history',369),(1276,'2020-07-12 12:58:11','CRM','','Selling Updated: \"\" by user 1',1,'Selling','/selling/talk/comment-history',369),(1278,'2020-07-12 12:58:15','CRM','','Selling Updated: \"\" by user 1',1,'Selling','/selling/talk/comment-history',369),(1280,'2020-07-12 12:58:19','CRM','','Selling Updated: \"\" by user 1',1,'Selling','/selling/talk/comment-history',369),(1282,'2020-07-12 12:58:23','CRM','','Selling Updated: \"\" by user 1',1,'Selling','/selling/talk/comment-history',369),(1284,'2020-07-12 12:58:27','CRM','','Selling Updated: \"\" by user 1',1,'Selling','/selling/talk/comment-history',369),(1286,'2020-07-12 12:58:31','CRM','','Selling Updated: \"\" by user 1',1,'Selling','/selling/talk/comment-history',369),(1288,'2020-07-12 12:58:35','CRM','','Selling Updated: \"\" by user 1',1,'Selling','/selling/talk/comment-history',369),(1290,'2020-07-12 12:58:39','CRM','','Selling Updated: \"\" by user 1',1,'Selling','/selling/talk/comment-history',369),(1292,'2020-07-12 12:58:43','CRM','','Selling Updated: \"\" by user 1',1,'Selling','/selling/talk/comment-history',369),(1294,'2020-07-12 12:58:47','CRM','','Selling Updated: \"\" by user 1',1,'Selling','/selling/talk/comment-history',369),(1296,'2020-07-12 12:58:51','CRM','','Selling Updated: \"\" by user 1',1,'Selling','/selling/talk/comment-history',369),(1298,'2020-07-12 12:58:55','CRM','','Selling Updated: \"\" by user 1',1,'Selling','/selling/talk/comment-history',369),(1300,'2020-07-12 12:58:59','CRM','','Selling Updated: \"\" by user 1',1,'Selling','/selling/talk/comment-history',369),(1302,'2020-07-12 12:59:03','CRM','','Selling Updated: \"\" by user 1',1,'Selling','/selling/talk/comment-history',369),(1304,'2020-07-12 12:59:07','CRM','','Selling Updated: \"\" by user 1',1,'Selling','/selling/talk/comment-history',369),(1306,'2020-07-12 12:59:11','CRM','','Selling Updated: \"\" by user 1',1,'Selling','/selling/talk/comment-history',369),(1308,'2020-07-12 12:59:15','CRM','','Selling Updated: \"\" by user 1',1,'Selling','/selling/talk/comment-history',369),(1310,'2020-07-12 12:59:19','CRM','','Selling Updated: \"\" by user 1',1,'Selling','/selling/talk/comment-history',369),(1312,'2020-07-12 12:59:23','CRM','','Selling Updated: \"\" by user 1',1,'Selling','/selling/talk/comment-history',369),(1314,'2020-07-12 12:59:27','CRM','','Selling Updated: \"\" by user 1',1,'Selling','/selling/talk/comment-history',369),(1316,'2020-07-12 12:59:31','CRM','','Selling Updated: \"\" by user 1',1,'Selling','/selling/talk/comment-history',369),(1318,'2020-07-12 12:59:35','CRM','','Selling Updated: \"\" by user 1',1,'Selling','/selling/talk/comment-history',369),(1320,'2020-07-12 12:59:39','CRM','','Selling Updated: \"\" by user 1',1,'Selling','/selling/talk/comment-history',369),(1322,'2020-07-12 12:59:43','CRM','','Selling Updated: \"\" by user 1',1,'Selling','/selling/talk/comment-history',369),(1324,'2020-07-12 12:59:47','CRM','','Selling Updated: \"\" by user 1',1,'Selling','/selling/talk/comment-history',369),(1326,'2020-07-12 12:59:51','CRM','','Selling Updated: \"\" by user 1',1,'Selling','/selling/talk/comment-history',369),(1328,'2020-07-12 12:59:56','CRM','','Selling Updated: \"\" by user 1',1,'Selling','/selling/talk/comment-history',369),(1330,'2020-07-12 12:59:59','CRM','','Selling Updated: \"\" by user 1',1,'Selling','/selling/talk/comment-history',369),(1332,'2020-07-12 13:00:03','CRM','','Selling Updated: \"\" by user 1',1,'Selling','/selling/talk/comment-history',369),(1334,'2020-07-12 13:00:07','CRM','','Selling Updated: \"\" by user 1',1,'Selling','/selling/talk/comment-history',369),(1336,'2020-07-12 13:00:11','CRM','','Selling Updated: \"\" by user 1',1,'Selling','/selling/talk/comment-history',369),(1338,'2020-07-12 13:00:15','CRM','','Selling Updated: \"\" by user 1',1,'Selling','/selling/talk/comment-history',369),(1340,'2020-07-12 13:00:19','CRM','','Selling Updated: \"\" by user 1',1,'Selling','/selling/talk/comment-history',369),(1342,'2020-07-12 13:00:23','CRM','','Selling Updated: \"\" by user 1',1,'Selling','/selling/talk/comment-history',369),(1344,'2020-07-12 13:00:27','CRM','','Selling Updated: \"\" by user 1',1,'Selling','/selling/talk/comment-history',369),(1346,'2020-07-12 13:00:31','CRM','','Selling Updated: \"\" by user 1',1,'Selling','/selling/talk/comment-history',369),(1348,'2020-07-12 13:00:35','CRM','','Selling Updated: \"\" by user 1',1,'Selling','/selling/talk/comment-history',369),(1350,'2020-07-12 13:00:39','CRM','','Selling Updated: \"\" by user 1',1,'Selling','/selling/talk/comment-history',369),(1352,'2020-07-12 13:00:43','CRM','','Selling Updated: \"\" by user 1',1,'Selling','/selling/talk/comment-history',369),(1354,'2020-07-12 13:00:47','CRM','','Selling Updated: \"\" by user 1',1,'Selling','/selling/talk/comment-history',369),(1356,'2020-07-12 13:00:51','CRM','','Selling Updated: \"\" by user 1',1,'Selling','/selling/talk/comment-history',369),(1358,'2020-07-12 13:00:55','CRM','','Selling Updated: \"\" by user 1',1,'Selling','/selling/talk/comment-history',369),(1360,'2020-07-12 13:00:59','CRM','','Selling Updated: \"\" by user 1',1,'Selling','/selling/talk/comment-history',369),(1362,'2020-07-12 13:01:03','CRM','','Selling Updated: \"\" by user 1',1,'Selling','/selling/talk/comment-history',369),(1364,'2020-07-12 13:01:07','CRM','','Selling Updated: \"\" by user 1',1,'Selling','/selling/talk/comment-history',369),(1366,'2020-07-12 13:01:11','CRM','','Selling Updated: \"\" by user 1',1,'Selling','/selling/talk/comment-history',369),(1368,'2020-07-12 13:01:15','CRM','','Selling Updated: \"\" by user 1',1,'Selling','/selling/talk/comment-history',369),(1370,'2020-07-12 13:01:19','CRM','','Selling Updated: \"\" by user 1',1,'Selling','/selling/talk/comment-history',369),(1372,'2020-07-12 13:01:23','CRM','','Selling Updated: \"\" by user 1',1,'Selling','/selling/talk/comment-history',369),(1374,'2020-07-12 13:01:27','CRM','','Selling Updated: \"\" by user 1',1,'Selling','/selling/talk/comment-history',369),(1376,'2020-07-12 13:01:31','CRM','','Selling Updated: \"\" by user 1',1,'Selling','/selling/talk/comment-history',369),(1378,'2020-07-12 13:01:35','CRM','','Selling Updated: \"\" by user 1',1,'Selling','/selling/talk/comment-history',369),(1380,'2020-07-12 13:01:39','CRM','','Selling Updated: \"\" by user 1',1,'Selling','/selling/talk/comment-history',369),(1382,'2020-07-12 13:01:43','CRM','','Selling Updated: \"\" by user 1',1,'Selling','/selling/talk/comment-history',369),(1384,'2020-07-12 13:01:47','CRM','','Selling Updated: \"\" by user 1',1,'Selling','/selling/talk/comment-history',369),(1386,'2020-07-12 13:01:51','CRM','','Selling Updated: \"\" by user 1',1,'Selling','/selling/talk/comment-history',369),(1388,'2020-07-12 13:01:55','CRM','','Selling Updated: \"\" by user 1',1,'Selling','/selling/talk/comment-history',369),(1390,'2020-07-12 13:01:59','CRM','','Selling Updated: \"\" by user 1',1,'Selling','/selling/talk/comment-history',369),(1392,'2020-07-12 13:02:03','CRM','','Selling Updated: \"\" by user 1',1,'Selling','/selling/talk/comment-history',369),(1394,'2020-07-12 13:02:07','CRM','','Selling Updated: \"\" by user 1',1,'Selling','/selling/talk/comment-history',369),(1396,'2020-07-12 13:02:11','CRM','','Selling Updated: \"\" by user 1',1,'Selling','/selling/talk/comment-history',369),(1398,'2020-07-12 13:02:15','CRM','','Selling Updated: \"\" by user 1',1,'Selling','/selling/talk/comment-history',369),(1400,'2020-07-12 13:02:19','CRM','','Selling Updated: \"\" by user 1',1,'Selling','/selling/talk/comment-history',369),(1402,'2020-07-12 13:02:23','CRM','','Selling Updated: \"\" by user 1',1,'Selling','/selling/talk/comment-history',369),(1404,'2020-07-12 13:02:27','CRM','','Selling Updated: \"\" by user 1',1,'Selling','/selling/talk/comment-history',369),(1406,'2020-07-12 13:02:31','CRM','','Selling Updated: \"\" by user 1',1,'Selling','/selling/talk/comment-history',369),(1408,'2020-07-12 13:02:35','CRM','','Selling Updated: \"\" by user 1',1,'Selling','/selling/talk/comment-history',369),(1410,'2020-07-12 13:02:39','CRM','','Selling Updated: \"\" by user 1',1,'Selling','/selling/talk/comment-history',369),(1412,'2020-07-12 13:02:43','CRM','','Selling Updated: \"\" by user 1',1,'Selling','/selling/talk/comment-history',369),(1414,'2020-07-12 13:02:47','CRM','','Selling Updated: \"\" by user 1',1,'Selling','/selling/talk/comment-history',369),(1416,'2020-07-12 13:02:51','CRM','','Selling Updated: \"\" by user 1',1,'Selling','/selling/talk/comment-history',369),(1418,'2020-07-12 13:02:55','CRM','','Selling Updated: \"\" by user 1',1,'Selling','/selling/talk/comment-history',369),(1420,'2020-07-12 13:02:59','CRM','','Selling Updated: \"\" by user 1',1,'Selling','/selling/talk/comment-history',369),(1422,'2020-07-12 13:03:03','CRM','','Selling Updated: \"\" by user 1',1,'Selling','/selling/talk/comment-history',369),(1424,'2020-07-12 13:03:07','CRM','','Selling Updated: \"\" by user 1',1,'Selling','/selling/talk/comment-history',369),(1426,'2020-07-12 13:03:11','CRM','','Selling Updated: \"\" by user 1',1,'Selling','/selling/talk/comment-history',369),(1428,'2020-07-12 13:03:15','CRM','','Selling Updated: \"\" by user 1',1,'Selling','/selling/talk/comment-history',369),(1430,'2020-07-12 13:03:19','CRM','','Selling Updated: \"\" by user 1',1,'Selling','/selling/talk/comment-history',369),(1432,'2020-07-12 13:03:23','CRM','','Selling Updated: \"\" by user 1',1,'Selling','/selling/talk/comment-history',369),(1434,'2020-07-12 13:03:27','CRM','','Selling Updated: \"\" by user 1',1,'Selling','/selling/talk/comment-history',369),(1436,'2020-07-12 13:03:31','CRM','','Selling Updated: \"\" by user 1',1,'Selling','/selling/talk/comment-history',369),(1438,'2020-07-12 13:03:35','CRM','','Selling Updated: \"\" by user 1',1,'Selling','/selling/talk/comment-history',369),(1440,'2020-07-12 13:03:39','CRM','','Selling Updated: \"\" by user 1',1,'Selling','/selling/talk/comment-history',369),(1442,'2020-07-12 13:03:43','CRM','','Selling Updated: \"\" by user 1',1,'Selling','/selling/talk/comment-history',369),(1444,'2020-07-12 13:03:47','CRM','','Selling Updated: \"\" by user 1',1,'Selling','/selling/talk/comment-history',369),(1446,'2020-07-12 13:03:51','CRM','','Selling Updated: \"\" by user 1',1,'Selling','/selling/talk/comment-history',369),(1448,'2020-07-12 13:03:55','CRM','','Selling Updated: \"\" by user 1',1,'Selling','/selling/talk/comment-history',369),(1450,'2020-07-12 13:03:59','CRM','','Selling Updated: \"\" by user 1',1,'Selling','/selling/talk/comment-history',369),(1452,'2020-07-12 13:04:03','CRM','','Selling Updated: \"\" by user 1',1,'Selling','/selling/talk/comment-history',369),(1454,'2020-07-12 13:04:08','CRM','','Selling Updated: \"\" by user 1',1,'Selling','/selling/talk/comment-history',369),(1456,'2020-07-12 13:04:12','CRM','','Selling Updated: \"\" by user 1',1,'Selling','/selling/talk/comment-history',369),(1458,'2020-07-12 13:04:16','CRM','','Selling Updated: \"\" by user 1',1,'Selling','/selling/talk/comment-history',369),(1460,'2020-07-12 13:04:20','CRM','','Selling Updated: \"\" by user 1',1,'Selling','/selling/talk/comment-history',369),(1463,'2020-07-12 13:09:33','CRM','','Selling Updated: \"\" by user 1',1,'Selling','/selling/talk/comment-history',369),(1466,'2020-07-12 13:09:38','CRM','','Selling Updated: \"\" by user 1',1,'Selling','/selling/talk/comment-history',369),(1469,'2020-07-12 13:09:43','CRM','','Selling Updated: \"\" by user 1',1,'Selling','/selling/talk/comment-history',369),(1472,'2020-07-12 13:09:48','CRM','','Selling Updated: \"\" by user 1',1,'Selling','/selling/talk/comment-history',369),(1475,'2020-07-12 13:09:53','CRM','','Selling Updated: \"\" by user 1',1,'Selling','/selling/talk/comment-history',369),(1478,'2020-07-12 13:09:58','CRM','','Selling Updated: \"\" by user 1',1,'Selling','/selling/talk/comment-history',369),(1481,'2020-07-12 13:10:03','CRM','','Selling Updated: \"\" by user 1',1,'Selling','/selling/talk/comment-history',369),(1484,'2020-07-12 13:10:08','CRM','','Selling Updated: \"\" by user 1',1,'Selling','/selling/talk/comment-history',369),(1487,'2020-07-12 13:10:13','CRM','','Selling Updated: \"\" by user 1',1,'Selling','/selling/talk/comment-history',369),(1490,'2020-07-12 13:10:18','CRM','','Selling Updated: \"\" by user 1',1,'Selling','/selling/talk/comment-history',369),(1493,'2020-07-12 13:10:23','CRM','','Selling Updated: \"\" by user 1',1,'Selling','/selling/talk/comment-history',369),(1496,'2020-07-12 13:10:29','CRM','','Selling Updated: \"\" by user 1',1,'Selling','/selling/talk/comment-history',369),(1499,'2020-07-12 13:10:34','CRM','','Selling Updated: \"\" by user 1',1,'Selling','/selling/talk/comment-history',369),(1502,'2020-07-12 13:10:40','CRM','','Selling Updated: \"\" by user 1',1,'Selling','/selling/talk/comment-history',369),(1505,'2020-07-12 13:10:44','CRM','','Selling Updated: \"\" by user 1',1,'Selling','/selling/talk/comment-history',369),(1508,'2020-07-12 13:10:49','CRM','','Selling Updated: \"\" by user 1',1,'Selling','/selling/talk/comment-history',369),(1511,'2020-07-12 13:10:55','CRM','','Selling Updated: \"\" by user 1',1,'Selling','/selling/talk/comment-history',369),(1514,'2020-07-12 13:10:59','CRM','','Selling Updated: \"\" by user 1',1,'Selling','/selling/talk/comment-history',369),(1517,'2020-07-12 13:11:05','CRM','','Selling Updated: \"\" by user 1',1,'Selling','/selling/talk/comment-history',369),(1520,'2020-07-12 13:11:10','CRM','','Selling Updated: \"\" by user 1',1,'Selling','/selling/talk/comment-history',369),(1523,'2020-07-12 13:11:15','CRM','','Selling Updated: \"\" by user 1',1,'Selling','/selling/talk/comment-history',369),(1526,'2020-07-12 13:11:20','CRM','','Selling Updated: \"\" by user 1',1,'Selling','/selling/talk/comment-history',369),(1529,'2020-07-12 13:11:24','CRM','','Selling Updated: \"\" by user 1',1,'Selling','/selling/talk/comment-history',369),(1532,'2020-07-12 13:11:29','CRM','','Selling Updated: \"\" by user 1',1,'Selling','/selling/talk/comment-history',369),(1535,'2020-07-12 13:11:34','CRM','','Selling Updated: \"\" by user 1',1,'Selling','/selling/talk/comment-history',369),(1538,'2020-07-12 13:11:39','CRM','','Selling Updated: \"\" by user 1',1,'Selling','/selling/talk/comment-history',369),(1541,'2020-07-12 13:11:44','CRM','','Selling Updated: \"\" by user 1',1,'Selling','/selling/talk/comment-history',369),(1544,'2020-07-12 13:11:50','CRM','','Selling Updated: \"\" by user 1',1,'Selling','/selling/talk/comment-history',369),(1547,'2020-07-12 13:11:54','CRM','','Selling Updated: \"\" by user 1',1,'Selling','/selling/talk/comment-history',369),(1550,'2020-07-12 13:11:59','CRM','','Selling Updated: \"\" by user 1',1,'Selling','/selling/talk/comment-history',369),(1553,'2020-07-12 13:12:04','CRM','','Selling Updated: \"\" by user 1',1,'Selling','/selling/talk/comment-history',369),(1556,'2020-07-12 13:12:10','CRM','','Selling Updated: \"\" by user 1',1,'Selling','/selling/talk/comment-history',369),(1559,'2020-07-12 13:12:14','CRM','','Selling Updated: \"\" by user 1',1,'Selling','/selling/talk/comment-history',369),(1562,'2020-07-12 13:12:20','CRM','','Selling Updated: \"\" by user 1',1,'Selling','/selling/talk/comment-history',369),(1565,'2020-07-12 13:12:25','CRM','','Selling Updated: \"\" by user 1',1,'Selling','/selling/talk/comment-history',369),(1568,'2020-07-12 13:12:30','CRM','','Selling Updated: \"\" by user 1',1,'Selling','/selling/talk/comment-history',369),(1571,'2020-07-12 13:12:35','CRM','','Selling Updated: \"\" by user 1',1,'Selling','/selling/talk/comment-history',369),(1574,'2020-07-12 13:12:40','CRM','','Selling Updated: \"\" by user 1',1,'Selling','/selling/talk/comment-history',369),(1577,'2020-07-12 13:12:45','CRM','','Selling Updated: \"\" by user 1',1,'Selling','/selling/talk/comment-history',369),(1580,'2020-07-12 13:12:50','CRM','','Selling Updated: \"\" by user 1',1,'Selling','/selling/talk/comment-history',369),(1583,'2020-07-12 13:12:55','CRM','','Selling Updated: \"\" by user 1',1,'Selling','/selling/talk/comment-history',369),(1586,'2020-07-12 13:13:00','CRM','','Selling Updated: \"\" by user 1',1,'Selling','/selling/talk/comment-history',369),(1589,'2020-07-12 13:13:06','CRM','','Selling Updated: \"\" by user 1',1,'Selling','/selling/talk/comment-history',369),(1592,'2020-07-12 13:13:11','CRM','','Selling Updated: \"\" by user 1',1,'Selling','/selling/talk/comment-history',369),(1595,'2020-07-12 13:13:16','CRM','','Selling Updated: \"\" by user 1',1,'Selling','/selling/talk/comment-history',369),(1597,'2020-07-12 13:14:22','CRM','','Selling Updated: \"\" by user 1',1,'Selling','/selling/talk/comment-history',369),(1600,'2020-07-12 13:14:28','CRM','','Selling Updated: \"\" by user 1',1,'Selling','/selling/talk/comment-history',369),(1603,'2020-07-12 13:14:33','CRM','','Selling Updated: \"\" by user 1',1,'Selling','/selling/talk/comment-history',369),(1606,'2020-07-12 13:14:38','CRM','','Selling Updated: \"\" by user 1',1,'Selling','/selling/talk/comment-history',369),(1609,'2020-07-12 13:14:43','CRM','','Selling Updated: \"\" by user 1',1,'Selling','/selling/talk/comment-history',369),(1612,'2020-07-12 13:14:48','CRM','','Selling Updated: \"\" by user 1',1,'Selling','/selling/talk/comment-history',369),(1615,'2020-07-12 13:14:53','CRM','','Selling Updated: \"\" by user 1',1,'Selling','/selling/talk/comment-history',369),(1618,'2020-07-12 13:14:58','CRM','','Selling Updated: \"\" by user 1',1,'Selling','/selling/talk/comment-history',369),(1621,'2020-07-12 13:15:03','CRM','','Selling Updated: \"\" by user 1',1,'Selling','/selling/talk/comment-history',369),(1624,'2020-07-12 13:15:08','CRM','','Selling Updated: \"\" by user 1',1,'Selling','/selling/talk/comment-history',369),(1627,'2020-07-12 13:15:13','CRM','','Selling Updated: \"\" by user 1',1,'Selling','/selling/talk/comment-history',369),(1630,'2020-07-12 13:15:18','CRM','','Selling Updated: \"\" by user 1',1,'Selling','/selling/talk/comment-history',369),(1633,'2020-07-12 13:15:23','CRM','','Selling Updated: \"\" by user 1',1,'Selling','/selling/talk/comment-history',369),(1636,'2020-07-12 13:15:28','CRM','','Selling Updated: \"\" by user 1',1,'Selling','/selling/talk/comment-history',369),(1639,'2020-07-12 13:15:33','CRM','','Selling Updated: \"\" by user 1',1,'Selling','/selling/talk/comment-history',369),(1642,'2020-07-12 13:15:38','CRM','','Selling Updated: \"\" by user 1',1,'Selling','/selling/talk/comment-history',369),(1645,'2020-07-12 13:15:43','CRM','','Selling Updated: \"\" by user 1',1,'Selling','/selling/talk/comment-history',369),(1648,'2020-07-12 13:15:48','CRM','','Selling Updated: \"\" by user 1',1,'Selling','/selling/talk/comment-history',369),(1651,'2020-07-12 13:15:53','CRM','','Selling Updated: \"\" by user 1',1,'Selling','/selling/talk/comment-history',369),(1654,'2020-07-12 13:15:59','CRM','','Selling Updated: \"\" by user 1',1,'Selling','/selling/talk/comment-history',369),(1657,'2020-07-12 13:16:04','CRM','','Selling Updated: \"\" by user 1',1,'Selling','/selling/talk/comment-history',369),(1660,'2020-07-12 13:16:11','CRM','','Selling Updated: \"\" by user 1',1,'Selling','/selling/talk/comment-history',369),(1663,'2020-07-12 13:16:16','CRM','','Selling Updated: \"\" by user 1',1,'Selling','/selling/talk/comment-history',369),(1666,'2020-07-12 13:16:21','CRM','','Selling Updated: \"\" by user 1',1,'Selling','/selling/talk/comment-history',369),(1669,'2020-07-12 13:16:26','CRM','','Selling Updated: \"\" by user 1',1,'Selling','/selling/talk/comment-history',369),(1672,'2020-07-12 13:16:31','CRM','','Selling Updated: \"\" by user 1',1,'Selling','/selling/talk/comment-history',369),(1675,'2020-07-12 13:16:36','CRM','','Selling Updated: \"\" by user 1',1,'Selling','/selling/talk/comment-history',369),(1676,'2020-07-12 13:16:37','CRM','','Selling Updated: \"\" by user 1',1,'Selling','/selling/talk/comment-history',369),(1677,'2020-07-12 13:16:37','CRM','','Selling Updated: \"\" by user 1',1,'Selling','/selling/talk/comment-history',369),(1678,'2020-07-12 13:16:38','CRM','','Selling Updated: \"\" by user 1',1,'Selling','/selling/talk/comment-history',369),(1679,'2020-07-12 13:16:38','CRM','','Selling Updated: \"\" by user 1',1,'Selling','/selling/talk/comment-history',369),(1680,'2020-07-12 13:16:39','CRM','','Selling Updated: \"\" by user 1',1,'Selling','/selling/talk/comment-history',369),(1681,'2020-07-12 13:16:39','CRM','','Selling Updated: \"\" by user 1',1,'Selling','/selling/talk/comment-history',369),(1682,'2020-07-12 13:16:39','CRM','','Selling Updated: \"\" by user 1',1,'Selling','/selling/talk/comment-history',369),(1683,'2020-07-12 13:16:40','CRM','','Selling Updated: \"\" by user 1',1,'Selling','/selling/talk/comment-history',369),(1685,'2020-07-12 13:16:43','CRM','','Selling Updated: \"\" by user 1',1,'Selling','/selling/talk/comment-history',369),(1688,'2020-07-12 13:16:48','CRM','','Selling Updated: \"\" by user 1',1,'Selling','/selling/talk/comment-history',369),(1690,'2020-07-12 13:16:52','CRM','','Selling Updated: \"\" by user 1',1,'Selling','/selling/talk/comment-history',369),(1692,'2020-07-12 13:16:55','CRM','','Selling Updated: \"\" by user 1',1,'Selling','/selling/talk/comment-history',369),(1694,'2020-07-12 13:16:59','CRM','','Selling Updated: \"\" by user 1',1,'Selling','/selling/talk/comment-history',369),(1696,'2020-07-12 13:17:03','CRM','','Selling Updated: \"\" by user 1',1,'Selling','/selling/talk/comment-history',369),(1698,'2020-07-12 13:17:07','CRM','','Selling Updated: \"\" by user 1',1,'Selling','/selling/talk/comment-history',369),(1700,'2020-07-12 13:17:11','CRM','','Selling Updated: \"\" by user 1',1,'Selling','/selling/talk/comment-history',369),(1702,'2020-07-12 13:17:15','CRM','','Selling Updated: \"\" by user 1',1,'Selling','/selling/talk/comment-history',369),(1704,'2020-07-12 13:17:19','CRM','','Selling Updated: \"\" by user 1',1,'Selling','/selling/talk/comment-history',369),(1706,'2020-07-12 13:17:23','CRM','','Selling Updated: \"\" by user 1',1,'Selling','/selling/talk/comment-history',369),(1708,'2020-07-12 13:17:27','CRM','','Selling Updated: \"\" by user 1',1,'Selling','/selling/talk/comment-history',369),(1710,'2020-07-12 13:17:31','CRM','','Selling Updated: \"\" by user 1',1,'Selling','/selling/talk/comment-history',369),(1712,'2020-07-12 13:17:36','CRM','','Selling Updated: \"\" by user 1',1,'Selling','/selling/talk/comment-history',369),(1714,'2020-07-12 13:17:39','CRM','','Selling Updated: \"\" by user 1',1,'Selling','/selling/talk/comment-history',369),(1716,'2020-07-12 13:17:43','CRM','','Selling Updated: \"\" by user 1',1,'Selling','/selling/talk/comment-history',369),(1718,'2020-07-12 13:17:47','CRM','','Selling Updated: \"\" by user 1',1,'Selling','/selling/talk/comment-history',369),(1720,'2020-07-12 13:17:51','CRM','','Selling Updated: \"\" by user 1',1,'Selling','/selling/talk/comment-history',369),(1722,'2020-07-12 13:17:55','CRM','','Selling Updated: \"\" by user 1',1,'Selling','/selling/talk/comment-history',369),(1724,'2020-07-12 13:17:59','CRM','','Selling Updated: \"\" by user 1',1,'Selling','/selling/talk/comment-history',369),(1726,'2020-07-12 13:18:03','CRM','','Selling Updated: \"\" by user 1',1,'Selling','/selling/talk/comment-history',369),(1728,'2020-07-12 13:18:07','CRM','','Selling Updated: \"\" by user 1',1,'Selling','/selling/talk/comment-history',369),(1730,'2020-07-12 13:18:11','CRM','','Selling Updated: \"\" by user 1',1,'Selling','/selling/talk/comment-history',369),(1732,'2020-07-12 13:18:15','CRM','','Selling Updated: \"\" by user 1',1,'Selling','/selling/talk/comment-history',369),(1734,'2020-07-12 13:18:19','CRM','','Selling Updated: \"\" by user 1',1,'Selling','/selling/talk/comment-history',369),(1736,'2020-07-12 13:18:23','CRM','','Selling Updated: \"\" by user 1',1,'Selling','/selling/talk/comment-history',369),(1738,'2020-07-12 13:18:27','CRM','','Selling Updated: \"\" by user 1',1,'Selling','/selling/talk/comment-history',369),(1740,'2020-07-12 13:18:31','CRM','','Selling Updated: \"\" by user 1',1,'Selling','/selling/talk/comment-history',369),(1742,'2020-07-12 13:18:35','CRM','','Selling Updated: \"\" by user 1',1,'Selling','/selling/talk/comment-history',369),(1744,'2020-07-12 13:18:39','CRM','','Selling Updated: \"\" by user 1',1,'Selling','/selling/talk/comment-history',369),(1746,'2020-07-12 13:18:43','CRM','','Selling Updated: \"\" by user 1',1,'Selling','/selling/talk/comment-history',369),(1748,'2020-07-12 13:18:47','CRM','','Selling Updated: \"\" by user 1',1,'Selling','/selling/talk/comment-history',369),(1750,'2020-07-12 13:18:51','CRM','','Selling Updated: \"\" by user 1',1,'Selling','/selling/talk/comment-history',369),(1752,'2020-07-12 13:18:56','CRM','','Selling Updated: \"\" by user 1',1,'Selling','/selling/talk/comment-history',369),(1754,'2020-07-12 13:18:59','CRM','','Selling Updated: \"\" by user 1',1,'Selling','/selling/talk/comment-history',369),(1756,'2020-07-12 13:19:03','CRM','','Selling Updated: \"\" by user 1',1,'Selling','/selling/talk/comment-history',369),(1758,'2020-07-12 13:19:07','CRM','','Selling Updated: \"\" by user 1',1,'Selling','/selling/talk/comment-history',369),(1760,'2020-07-12 13:19:11','CRM','','Selling Updated: \"\" by user 1',1,'Selling','/selling/talk/comment-history',369),(1762,'2020-07-12 13:19:15','CRM','','Selling Updated: \"\" by user 1',1,'Selling','/selling/talk/comment-history',369),(1764,'2020-07-12 13:19:19','CRM','','Selling Updated: \"\" by user 1',1,'Selling','/selling/talk/comment-history',369),(1766,'2020-07-12 13:19:23','CRM','','Selling Updated: \"\" by user 1',1,'Selling','/selling/talk/comment-history',369),(1768,'2020-07-12 13:19:27','CRM','','Selling Updated: \"\" by user 1',1,'Selling','/selling/talk/comment-history',369),(1770,'2020-07-12 13:19:31','CRM','','Selling Updated: \"\" by user 1',1,'Selling','/selling/talk/comment-history',369),(1772,'2020-07-12 13:19:35','CRM','','Selling Updated: \"\" by user 1',1,'Selling','/selling/talk/comment-history',369),(1774,'2020-07-12 13:19:39','CRM','','Selling Updated: \"\" by user 1',1,'Selling','/selling/talk/comment-history',369),(1776,'2020-07-12 13:19:43','CRM','','Selling Updated: \"\" by user 1',1,'Selling','/selling/talk/comment-history',369),(1778,'2020-07-12 13:19:47','CRM','','Selling Updated: \"\" by user 1',1,'Selling','/selling/talk/comment-history',369),(1780,'2020-07-12 13:19:51','CRM','','Selling Updated: \"\" by user 1',1,'Selling','/selling/talk/comment-history',369),(1782,'2020-07-12 13:19:55','CRM','','Selling Updated: \"\" by user 1',1,'Selling','/selling/talk/comment-history',369),(1784,'2020-07-12 13:19:59','CRM','','Selling Updated: \"\" by user 1',1,'Selling','/selling/talk/comment-history',369),(1786,'2020-07-12 13:20:03','CRM','','Selling Updated: \"\" by user 1',1,'Selling','/selling/talk/comment-history',369),(1788,'2020-07-12 13:20:07','CRM','','Selling Updated: \"\" by user 1',1,'Selling','/selling/talk/comment-history',369),(1790,'2020-07-12 13:20:11','CRM','','Selling Updated: \"\" by user 1',1,'Selling','/selling/talk/comment-history',369),(1792,'2020-07-12 13:20:15','CRM','','Selling Updated: \"\" by user 1',1,'Selling','/selling/talk/comment-history',369),(1794,'2020-07-12 13:20:19','CRM','','Selling Updated: \"\" by user 1',1,'Selling','/selling/talk/comment-history',369),(1796,'2020-07-12 13:20:23','CRM','','Selling Updated: \"\" by user 1',1,'Selling','/selling/talk/comment-history',369),(1798,'2020-07-12 13:20:27','CRM','','Selling Updated: \"\" by user 1',1,'Selling','/selling/talk/comment-history',369),(1800,'2020-07-12 13:20:31','CRM','','Selling Updated: \"\" by user 1',1,'Selling','/selling/talk/comment-history',369),(1802,'2020-07-12 13:20:36','CRM','','Selling Updated: \"\" by user 1',1,'Selling','/selling/talk/comment-history',369),(1804,'2020-07-12 13:20:39','CRM','','Selling Updated: \"\" by user 1',1,'Selling','/selling/talk/comment-history',369),(1806,'2020-07-12 13:20:43','CRM','','Selling Updated: \"\" by user 1',1,'Selling','/selling/talk/comment-history',369),(1808,'2020-07-12 13:20:47','CRM','','Selling Updated: \"\" by user 1',1,'Selling','/selling/talk/comment-history',369),(1810,'2020-07-12 13:20:51','CRM','','Selling Updated: \"\" by user 1',1,'Selling','/selling/talk/comment-history',369),(1812,'2020-07-12 13:20:55','CRM','','Selling Updated: \"\" by user 1',1,'Selling','/selling/talk/comment-history',369),(1814,'2020-07-12 13:20:59','CRM','','Selling Updated: \"\" by user 1',1,'Selling','/selling/talk/comment-history',369),(1816,'2020-07-12 13:21:03','CRM','','Selling Updated: \"\" by user 1',1,'Selling','/selling/talk/comment-history',369),(1818,'2020-07-12 13:21:07','CRM','','Selling Updated: \"\" by user 1',1,'Selling','/selling/talk/comment-history',369),(1820,'2020-07-12 13:21:11','CRM','','Selling Updated: \"\" by user 1',1,'Selling','/selling/talk/comment-history',369),(1822,'2020-07-12 13:21:15','CRM','','Selling Updated: \"\" by user 1',1,'Selling','/selling/talk/comment-history',369),(1824,'2020-07-12 13:21:19','CRM','','Selling Updated: \"\" by user 1',1,'Selling','/selling/talk/comment-history',369),(1826,'2020-07-12 13:21:23','CRM','','Selling Updated: \"\" by user 1',1,'Selling','/selling/talk/comment-history',369),(1828,'2020-07-12 13:21:27','CRM','','Selling Updated: \"\" by user 1',1,'Selling','/selling/talk/comment-history',369),(1830,'2020-07-12 13:21:31','CRM','','Selling Updated: \"\" by user 1',1,'Selling','/selling/talk/comment-history',369),(1832,'2020-07-12 13:21:35','CRM','','Selling Updated: \"\" by user 1',1,'Selling','/selling/talk/comment-history',369),(1834,'2020-07-12 13:21:39','CRM','','Selling Updated: \"\" by user 1',1,'Selling','/selling/talk/comment-history',369),(1836,'2020-07-12 13:21:43','CRM','','Selling Updated: \"\" by user 1',1,'Selling','/selling/talk/comment-history',369),(1838,'2020-07-12 13:21:48','CRM','','Selling Updated: \"\" by user 1',1,'Selling','/selling/talk/comment-history',369),(1840,'2020-07-12 13:21:51','CRM','','Selling Updated: \"\" by user 1',1,'Selling','/selling/talk/comment-history',369),(1842,'2020-07-12 13:21:55','CRM','','Selling Updated: \"\" by user 1',1,'Selling','/selling/talk/comment-history',369),(1844,'2020-07-12 13:21:59','CRM','','Selling Updated: \"\" by user 1',1,'Selling','/selling/talk/comment-history',369),(1846,'2020-07-12 13:22:03','CRM','','Selling Updated: \"\" by user 1',1,'Selling','/selling/talk/comment-history',369),(1848,'2020-07-12 13:22:07','CRM','','Selling Updated: \"\" by user 1',1,'Selling','/selling/talk/comment-history',369),(1850,'2020-07-12 13:22:11','CRM','','Selling Updated: \"\" by user 1',1,'Selling','/selling/talk/comment-history',369),(1852,'2020-07-12 13:22:15','CRM','','Selling Updated: \"\" by user 1',1,'Selling','/selling/talk/comment-history',369),(1854,'2020-07-12 13:22:19','CRM','','Selling Updated: \"\" by user 1',1,'Selling','/selling/talk/comment-history',369),(1856,'2020-07-12 13:22:23','CRM','','Selling Updated: \"\" by user 1',1,'Selling','/selling/talk/comment-history',369),(1858,'2020-07-12 13:22:27','CRM','','Selling Updated: \"\" by user 1',1,'Selling','/selling/talk/comment-history',369),(1860,'2020-07-12 13:22:31','CRM','','Selling Updated: \"\" by user 1',1,'Selling','/selling/talk/comment-history',369),(1862,'2020-07-12 13:22:35','CRM','','Selling Updated: \"\" by user 1',1,'Selling','/selling/talk/comment-history',369),(1864,'2020-07-12 13:22:39','CRM','','Selling Updated: \"\" by user 1',1,'Selling','/selling/talk/comment-history',369),(1866,'2020-07-12 13:22:43','CRM','','Selling Updated: \"\" by user 1',1,'Selling','/selling/talk/comment-history',369),(1868,'2020-07-12 13:22:47','CRM','','Selling Updated: \"\" by user 1',1,'Selling','/selling/talk/comment-history',369),(1870,'2020-07-12 13:22:51','CRM','','Selling Updated: \"\" by user 1',1,'Selling','/selling/talk/comment-history',369),(1872,'2020-07-12 13:22:55','CRM','','Selling Updated: \"\" by user 1',1,'Selling','/selling/talk/comment-history',369),(1874,'2020-07-12 13:22:59','CRM','','Selling Updated: \"\" by user 1',1,'Selling','/selling/talk/comment-history',369),(1876,'2020-07-12 13:23:03','CRM','','Selling Updated: \"\" by user 1',1,'Selling','/selling/talk/comment-history',369),(1878,'2020-07-12 13:23:07','CRM','','Selling Updated: \"\" by user 1',1,'Selling','/selling/talk/comment-history',369),(1880,'2020-07-12 13:23:11','CRM','','Selling Updated: \"\" by user 1',1,'Selling','/selling/talk/comment-history',369),(1882,'2020-07-12 13:23:16','CRM','','Selling Updated: \"\" by user 1',1,'Selling','/selling/talk/comment-history',369),(1884,'2020-07-12 13:23:19','CRM','','Selling Updated: \"\" by user 1',1,'Selling','/selling/talk/comment-history',369),(1886,'2020-07-12 13:23:23','CRM','','Selling Updated: \"\" by user 1',1,'Selling','/selling/talk/comment-history',369),(1888,'2020-07-12 13:23:27','CRM','','Selling Updated: \"\" by user 1',1,'Selling','/selling/talk/comment-history',369),(1890,'2020-07-12 13:23:31','CRM','','Selling Updated: \"\" by user 1',1,'Selling','/selling/talk/comment-history',369),(1892,'2020-07-12 13:23:35','CRM','','Selling Updated: \"\" by user 1',1,'Selling','/selling/talk/comment-history',369),(1894,'2020-07-12 13:23:39','CRM','','Selling Updated: \"\" by user 1',1,'Selling','/selling/talk/comment-history',369),(1896,'2020-07-12 13:23:43','CRM','','Selling Updated: \"\" by user 1',1,'Selling','/selling/talk/comment-history',369),(1898,'2020-07-12 13:23:47','CRM','','Selling Updated: \"\" by user 1',1,'Selling','/selling/talk/comment-history',369),(1900,'2020-07-12 13:23:51','CRM','','Selling Updated: \"\" by user 1',1,'Selling','/selling/talk/comment-history',369),(1902,'2020-07-12 13:23:55','CRM','','Selling Updated: \"\" by user 1',1,'Selling','/selling/talk/comment-history',369),(1904,'2020-07-12 13:23:59','CRM','','Selling Updated: \"\" by user 1',1,'Selling','/selling/talk/comment-history',369),(1906,'2020-07-12 13:24:03','CRM','','Selling Updated: \"\" by user 1',1,'Selling','/selling/talk/comment-history',369),(1908,'2020-07-12 13:24:07','CRM','','Selling Updated: \"\" by user 1',1,'Selling','/selling/talk/comment-history',369),(1910,'2020-07-12 13:24:11','CRM','','Selling Updated: \"\" by user 1',1,'Selling','/selling/talk/comment-history',369),(1912,'2020-07-12 13:24:15','CRM','','Selling Updated: \"\" by user 1',1,'Selling','/selling/talk/comment-history',369),(1914,'2020-07-12 13:24:19','CRM','','Selling Updated: \"\" by user 1',1,'Selling','/selling/talk/comment-history',369),(1916,'2020-07-12 13:24:23','CRM','','Selling Updated: \"\" by user 1',1,'Selling','/selling/talk/comment-history',369),(1918,'2020-07-12 13:24:27','CRM','','Selling Updated: \"\" by user 1',1,'Selling','/selling/talk/comment-history',369),(1920,'2020-07-12 13:24:31','CRM','','Selling Updated: \"\" by user 1',1,'Selling','/selling/talk/comment-history',369),(1922,'2020-07-12 13:24:35','CRM','','Selling Updated: \"\" by user 1',1,'Selling','/selling/talk/comment-history',369),(1924,'2020-07-12 13:24:39','CRM','','Selling Updated: \"\" by user 1',1,'Selling','/selling/talk/comment-history',369),(1926,'2020-07-12 13:24:43','CRM','','Selling Updated: \"\" by user 1',1,'Selling','/selling/talk/comment-history',369),(1928,'2020-07-12 13:24:47','CRM','','Selling Updated: \"\" by user 1',1,'Selling','/selling/talk/comment-history',369),(1930,'2020-07-12 13:24:51','CRM','','Selling Updated: \"\" by user 1',1,'Selling','/selling/talk/comment-history',369),(1932,'2020-07-12 13:24:55','CRM','','Selling Updated: \"\" by user 1',1,'Selling','/selling/talk/comment-history',369),(1934,'2020-07-12 13:24:59','CRM','','Selling Updated: \"\" by user 1',1,'Selling','/selling/talk/comment-history',369),(1936,'2020-07-12 13:25:03','CRM','','Selling Updated: \"\" by user 1',1,'Selling','/selling/talk/comment-history',369),(1938,'2020-07-12 13:25:07','CRM','','Selling Updated: \"\" by user 1',1,'Selling','/selling/talk/comment-history',369),(1940,'2020-07-12 13:25:11','CRM','','Selling Updated: \"\" by user 1',1,'Selling','/selling/talk/comment-history',369),(1942,'2020-07-12 13:25:15','CRM','','Selling Updated: \"\" by user 1',1,'Selling','/selling/talk/comment-history',369),(1944,'2020-07-12 13:25:19','CRM','','Selling Updated: \"\" by user 1',1,'Selling','/selling/talk/comment-history',369),(1946,'2020-07-12 13:25:23','CRM','','Selling Updated: \"\" by user 1',1,'Selling','/selling/talk/comment-history',369),(1948,'2020-07-12 13:25:27','CRM','','Selling Updated: \"\" by user 1',1,'Selling','/selling/talk/comment-history',369),(1950,'2020-07-12 13:25:31','CRM','','Selling Updated: \"\" by user 1',1,'Selling','/selling/talk/comment-history',369),(1952,'2020-07-12 13:25:35','CRM','','Selling Updated: \"\" by user 1',1,'Selling','/selling/talk/comment-history',369),(1954,'2020-07-12 13:25:39','CRM','','Selling Updated: \"\" by user 1',1,'Selling','/selling/talk/comment-history',369),(1956,'2020-07-12 13:25:43','CRM','','Selling Updated: \"\" by user 1',1,'Selling','/selling/talk/comment-history',369),(1958,'2020-07-12 13:25:47','CRM','','Selling Updated: \"\" by user 1',1,'Selling','/selling/talk/comment-history',369),(1960,'2020-07-12 13:25:51','CRM','','Selling Updated: \"\" by user 1',1,'Selling','/selling/talk/comment-history',369),(1962,'2020-07-12 13:25:55','CRM','','Selling Updated: \"\" by user 1',1,'Selling','/selling/talk/comment-history',369),(1964,'2020-07-12 13:25:59','CRM','','Selling Updated: \"\" by user 1',1,'Selling','/selling/talk/comment-history',369),(1966,'2020-07-12 13:26:03','CRM','','Selling Updated: \"\" by user 1',1,'Selling','/selling/talk/comment-history',369),(1968,'2020-07-12 13:26:08','CRM','','Selling Updated: \"\" by user 1',1,'Selling','/selling/talk/comment-history',369),(1970,'2020-07-12 13:26:11','CRM','','Selling Updated: \"\" by user 1',1,'Selling','/selling/talk/comment-history',369),(1972,'2020-07-12 13:26:15','CRM','','Selling Updated: \"\" by user 1',1,'Selling','/selling/talk/comment-history',369),(1974,'2020-07-12 13:26:19','CRM','','Selling Updated: \"\" by user 1',1,'Selling','/selling/talk/comment-history',369),(1976,'2020-07-12 13:26:23','CRM','','Selling Updated: \"\" by user 1',1,'Selling','/selling/talk/comment-history',369),(1978,'2020-07-12 13:26:27','CRM','','Selling Updated: \"\" by user 1',1,'Selling','/selling/talk/comment-history',369),(1980,'2020-07-12 13:26:31','CRM','','Selling Updated: \"\" by user 1',1,'Selling','/selling/talk/comment-history',369),(1982,'2020-07-12 13:26:35','CRM','','Selling Updated: \"\" by user 1',1,'Selling','/selling/talk/comment-history',369),(1984,'2020-07-12 13:26:39','CRM','','Selling Updated: \"\" by user 1',1,'Selling','/selling/talk/comment-history',369),(1986,'2020-07-12 13:26:43','CRM','','Selling Updated: \"\" by user 1',1,'Selling','/selling/talk/comment-history',369),(1988,'2020-07-12 13:26:47','CRM','','Selling Updated: \"\" by user 1',1,'Selling','/selling/talk/comment-history',369),(1990,'2020-07-12 13:26:51','CRM','','Selling Updated: \"\" by user 1',1,'Selling','/selling/talk/comment-history',369),(1992,'2020-07-12 13:26:55','CRM','','Selling Updated: \"\" by user 1',1,'Selling','/selling/talk/comment-history',369),(1994,'2020-07-12 13:26:59','CRM','','Selling Updated: \"\" by user 1',1,'Selling','/selling/talk/comment-history',369),(1996,'2020-07-12 13:27:03','CRM','','Selling Updated: \"\" by user 1',1,'Selling','/selling/talk/comment-history',369),(1998,'2020-07-12 13:27:07','CRM','','Selling Updated: \"\" by user 1',1,'Selling','/selling/talk/comment-history',369),(2000,'2020-07-12 13:27:11','CRM','','Selling Updated: \"\" by user 1',1,'Selling','/selling/talk/comment-history',369),(2002,'2020-07-12 13:27:15','CRM','','Selling Updated: \"\" by user 1',1,'Selling','/selling/talk/comment-history',369),(2004,'2020-07-12 13:27:19','CRM','','Selling Updated: \"\" by user 1',1,'Selling','/selling/talk/comment-history',369),(2006,'2020-07-12 13:27:23','CRM','','Selling Updated: \"\" by user 1',1,'Selling','/selling/talk/comment-history',369),(2008,'2020-07-12 13:27:27','CRM','','Selling Updated: \"\" by user 1',1,'Selling','/selling/talk/comment-history',369),(2010,'2020-07-12 13:27:31','CRM','','Selling Updated: \"\" by user 1',1,'Selling','/selling/talk/comment-history',369),(2012,'2020-07-12 13:27:35','CRM','','Selling Updated: \"\" by user 1',1,'Selling','/selling/talk/comment-history',369),(2014,'2020-07-12 13:27:39','CRM','','Selling Updated: \"\" by user 1',1,'Selling','/selling/talk/comment-history',369),(2016,'2020-07-12 13:27:43','CRM','','Selling Updated: \"\" by user 1',1,'Selling','/selling/talk/comment-history',369),(2018,'2020-07-12 13:27:47','CRM','','Selling Updated: \"\" by user 1',1,'Selling','/selling/talk/comment-history',369),(2020,'2020-07-12 13:27:51','CRM','','Selling Updated: \"\" by user 1',1,'Selling','/selling/talk/comment-history',369),(2022,'2020-07-12 13:27:55','CRM','','Selling Updated: \"\" by user 1',1,'Selling','/selling/talk/comment-history',369),(2024,'2020-07-12 13:27:59','CRM','','Selling Updated: \"\" by user 1',1,'Selling','/selling/talk/comment-history',369),(2026,'2020-07-12 13:28:03','CRM','','Selling Updated: \"\" by user 1',1,'Selling','/selling/talk/comment-history',369),(2028,'2020-07-12 13:28:07','CRM','','Selling Updated: \"\" by user 1',1,'Selling','/selling/talk/comment-history',369),(2030,'2020-07-12 13:28:11','CRM','','Selling Updated: \"\" by user 1',1,'Selling','/selling/talk/comment-history',369),(2032,'2020-07-12 13:28:15','CRM','','Selling Updated: \"\" by user 1',1,'Selling','/selling/talk/comment-history',369),(2034,'2020-07-12 13:28:19','CRM','','Selling Updated: \"\" by user 1',1,'Selling','/selling/talk/comment-history',369),(2036,'2020-07-12 13:28:23','CRM','','Selling Updated: \"\" by user 1',1,'Selling','/selling/talk/comment-history',369),(2038,'2020-07-12 13:28:27','CRM','','Selling Updated: \"\" by user 1',1,'Selling','/selling/talk/comment-history',369),(2040,'2020-07-12 13:28:31','CRM','','Selling Updated: \"\" by user 1',1,'Selling','/selling/talk/comment-history',369),(2042,'2020-07-12 13:28:35','CRM','','Selling Updated: \"\" by user 1',1,'Selling','/selling/talk/comment-history',369),(2044,'2020-07-12 13:28:39','CRM','','Selling Updated: \"\" by user 1',1,'Selling','/selling/talk/comment-history',369),(2348,'2020-07-13 15:24:11','CRM','','Selling Created: \"\" by user 1',1,'Selling','/selling/form/save',375),(2349,'2020-07-13 15:24:11','CRM','','Selling Updated: \"375\" by user 1',1,'Selling','/selling/form/save',375),(2350,'2020-07-13 15:29:33','CRM','','SellingProduct Created: \"  50\" by user 1',1,'SellingProduct','/selling/nomenclature/add-position',1),(2351,'2020-07-13 15:31:24','CRM','','Selling Created: \"\" by user 1',1,'Selling','/selling/form/save',376),(2352,'2020-07-13 15:31:24','CRM','','Selling Updated: \"376\" by user 1',1,'Selling','/selling/form/save',376),(2353,'2020-07-13 15:31:57','CRM','','Selling Updated: \"376\" by user 1',1,'Selling','/selling/talk/comment-history',376),(2354,'2020-07-13 15:32:42','CRM','','Selling Updated: \"376\" by user 1',1,'Selling','/selling/talk/comment-history',376),(2355,'2020-07-13 15:32:43','CRM','','Selling Updated: \"376\" by user 1',1,'Selling','/selling/talk/comment-history',376),(2356,'2020-07-13 15:32:47','CRM','','Selling Updated: \"376\" by user 1',1,'Selling','/selling/talk/comment-history',376),(2357,'2020-07-13 15:32:52','CRM','','Selling Updated: \"376\" by user 1',1,'Selling','/selling/talk/comment-history',376),(2361,'2020-07-14 16:14:27','CRM','','Selling Updated: \"\" by user 1',1,'Selling','/selling/talk/comment-history',373),(2362,'2020-07-14 16:14:41','CRM','','Selling Updated: \"\" by user 1',1,'Selling','/selling/talk/comment-history',373),(2363,'2020-07-14 16:16:12','CRM','','Selling Updated: \"\" by user 1',1,'Selling','/selling/talk/comment-history',373),(2364,'2020-07-14 16:17:22','CRM','','Selling Updated: \"\" by user 1',1,'Selling','/selling/talk/comment-history',373),(2365,'2020-07-14 16:17:29','CRM','','Selling Updated: \"\" by user 1',1,'Selling','/selling/talk/comment-history',373),(2366,'2020-07-14 16:18:07','CRM','','Selling Updated: \"\" by user 1',1,'Selling','/selling/talk/comment-history',373),(2367,'2020-07-14 16:18:18','CRM','','Selling Updated: \"\" by user 1',1,'Selling','/selling/talk/comment-history',373),(2368,'2020-07-14 16:18:43','CRM','','Selling Updated: \"\" by user 1',1,'Selling','/selling/talk/comment-history',373),(2369,'2020-07-17 09:17:02','CRM','','Customer Created: \"   +      ...\" by user 1',1,'Customer','/selling/freelancehunt/bid-form?url=https://freelancehunt.com/project/sozdanie-mobilnogo-prilozheniya-veb-sayt/453407.html',247),(2370,'2020-07-17 09:17:02','CRM','','Selling Created: \"\" by user 1',1,'Selling','/selling/freelancehunt/bid-form?url=https://freelancehunt.com/project/sozdanie-mobilnogo-prilozheniya-veb-sayt/453407.html',377),(2371,'2020-07-17 09:28:58','CRM','','Customer Created: \"Back-end   Laravel\" by user 1',1,'Customer','/selling/freelancehunt/bid-form?url=https://freelancehunt.com/project/back-end-razrabotchik-na-laravel/711820.html',248),(2372,'2020-07-17 09:28:58','CRM','','Selling Created: \"\" by user 1',1,'Selling','/selling/freelancehunt/bid-form?url=https://freelancehunt.com/project/back-end-razrabotchik-na-laravel/711820.html',378),(2373,'2020-07-17 09:34:00','CRM','','Customer Created: \"Senior / TeamLead (Laravel, Vue.JS)\" by user 1',1,'Customer','/selling/freelancehunt/bid-form?url=https://freelancehunt.com/project/senior-teamlead-laravel-vue-js/718729.html',249),(2374,'2020-07-17 09:34:00','CRM','','Selling Created: \"\" by user 1',1,'Selling','/selling/freelancehunt/bid-form?url=https://freelancehunt.com/project/senior-teamlead-laravel-vue-js/718729.html',379),(2375,'2020-07-17 09:39:21','CRM','','Customer Created: \"  Yii  Laravel +    !\" by user 1',1,'Customer','/selling/freelancehunt/bid-form?url=https://freelancehunt.com/project/perenos-yii-na-laravel/700759.html',250),(2376,'2020-07-17 09:39:21','CRM','','Selling Created: \"\" by user 1',1,'Selling','/selling/freelancehunt/bid-form?url=https://freelancehunt.com/project/perenos-yii-na-laravel/700759.html',380),(2377,'2020-07-17 09:39:29','CRM','','Customer Created: \"   back-end  (PHP)   devops, ...\" by user 1',1,'Customer','/selling/freelancehunt/bid-form?url=https://freelancehunt.com/project/proekt-nuzhen-back-end-razrabotchik-php/719017.html',251),(2378,'2020-07-17 09:39:29','CRM','','Selling Created: \"\" by user 1',1,'Selling','/selling/freelancehunt/bid-form?url=https://freelancehunt.com/project/proekt-nuzhen-back-end-razrabotchik-php/719017.html',381),(2379,'2020-07-17 09:41:28','CRM','','Customer Created: \"  Yii  Laravel +    !\" by user 1',1,'Customer','/selling/freelancehunt/bid-form?url=https://freelancehunt.com/project/perenos-yii-na-laravel/700759.html',252),(2380,'2020-07-17 09:41:29','CRM','','Selling Created: \"\" by user 1',1,'Selling','/selling/freelancehunt/bid-form?url=https://freelancehunt.com/project/perenos-yii-na-laravel/700759.html',382),(2381,'2020-07-17 09:48:15','CRM','','Customer Created: \"  PHP  (php 7.4)\" by user 1',1,'Customer','/selling/freelancehunt/bid-form?url=https://freelancehunt.com/project/trebuetsya-opyitnyiy-php-programmist-php-7-4/714083.html',253),(2382,'2020-07-17 09:48:16','CRM','','Selling Created: \"\" by user 1',1,'Selling','/selling/freelancehunt/bid-form?url=https://freelancehunt.com/project/trebuetsya-opyitnyiy-php-programmist-php-7-4/714083.html',383),(2383,'2020-07-17 10:10:49','CRM','','Customer Created: \"    Flutter + PHP  Python\" by user 1',1,'Customer','/selling/freelancehunt/bid-form?url=https://freelancehunt.com/project/razrabotka-mobilnogo-prilozheniya-na-flutter/717265.html',254),(2384,'2020-07-17 10:10:49','CRM','','Selling Created: \"\" by user 1',1,'Selling','/selling/freelancehunt/bid-form?url=https://freelancehunt.com/project/razrabotka-mobilnogo-prilozheniya-na-flutter/717265.html',384),(2385,'2020-07-17 10:16:22','CRM','','Customer Created: \"Laravel \" by user 1',1,'Customer','/selling/freelancehunt/bid-form?url=https://freelancehunt.com/project/laravel-razrabotchik/718576.html',255),(2386,'2020-07-17 10:16:23','CRM','','Selling Created: \"\" by user 1',1,'Selling','/selling/freelancehunt/bid-form?url=https://freelancehunt.com/project/laravel-razrabotchik/718576.html',385),(2387,'2020-07-17 10:32:00','CRM','','Customer Created: \" + +   \" by user 1',1,'Customer','/selling/freelancehunt/bid-form?url=https://freelancehunt.com/project/audit-kodplus-komandaplus-bezopasnost-po-produktu/718678.html',256),(2388,'2020-07-17 10:32:01','CRM','','Selling Created: \"\" by user 1',1,'Selling','/selling/freelancehunt/bid-form?url=https://freelancehunt.com/project/audit-kodplus-komandaplus-bezopasnost-po-produktu/718678.html',386),(2389,'2020-07-17 10:48:56','CRM','','Customer Created: \" Back-end (PHP/JS)\" by user 1',1,'Customer','/selling/freelancehunt/bid-form?url=https://freelancehunt.com/project/programmist-back-end-php-js/716633.html',257),(2390,'2020-07-17 10:48:56','CRM','','Selling Created: \"\" by user 1',1,'Selling','/selling/freelancehunt/bid-form?url=https://freelancehunt.com/project/programmist-back-end-php-js/716633.html',387),(2391,'2020-07-17 10:53:36','CRM','','Customer Created: \"   -  \" by user 1',1,'Customer','/selling/freelancehunt/bid-form?url=https://freelancehunt.com/project/korporativnyiy-retro-maksimalizm-dizayn-sayta/717351.html',258),(2392,'2020-07-17 10:53:36','CRM','','Selling Created: \"\" by user 1',1,'Selling','/selling/freelancehunt/bid-form?url=https://freelancehunt.com/project/korporativnyiy-retro-maksimalizm-dizayn-sayta/717351.html',388),(2393,'2020-07-17 10:56:57','CRM','','Customer Created: \"PHP Project\" by user 1',1,'Customer','/selling/freelancehunt/bid-form?url=https://freelancehunt.com/project/php-project/718530.html',259),(2394,'2020-07-17 10:56:57','CRM','','Selling Created: \"\" by user 1',1,'Selling','/selling/freelancehunt/bid-form?url=https://freelancehunt.com/project/php-project/718530.html',389),(2395,'2020-07-17 11:00:45','CRM','','Customer Created: \"Backend   Yii2    \" by user 1',1,'Customer','/selling/freelancehunt/bid-form?url=https://freelancehunt.com/project/backend-programmist-na-yii2-ofis/583722.html',260),(2396,'2020-07-17 11:00:45','CRM','','Selling Created: \"\" by user 1',1,'Selling','/selling/freelancehunt/bid-form?url=https://freelancehunt.com/project/backend-programmist-na-yii2-ofis/583722.html',390),(2397,'2020-07-17 11:21:18','CRM','','Customer Created: \"Middle PHP/JS Backend    .\" by user 1',1,'Customer','/selling/freelancehunt/bid-form?url=https://freelancehunt.com/project/middle-php-js-backend-dlya-servisa-sms/712953.html',261),(2398,'2020-07-17 11:21:18','CRM','','Selling Created: \"\" by user 1',1,'Selling','/selling/freelancehunt/bid-form?url=https://freelancehunt.com/project/middle-php-js-backend-dlya-servisa-sms/712953.html',391),(2399,'2020-07-17 11:34:45','CRM','','Customer Created: \"  \" by user 1',1,'Customer','/selling/freelancehunt/bid-form?url=https://freelancehunt.com/project/razrabotka-mobilnogo-prilozheniya/713904.html',262),(2400,'2020-07-17 11:34:46','CRM','','Selling Created: \"\" by user 1',1,'Selling','/selling/freelancehunt/bid-form?url=https://freelancehunt.com/project/razrabotka-mobilnogo-prilozheniya/713904.html',392),(2401,'2020-07-17 11:40:22','CRM','','Customer Created: \"     laravel\" by user 1',1,'Customer','/selling/freelancehunt/bid-form?url=https://freelancehunt.com/project/nuzhno-perepisat-lichnyiy-kabinet-na-laravel/715704.html',263),(2402,'2020-07-17 11:40:23','CRM','','Selling Created: \"\" by user 1',1,'Selling','/selling/freelancehunt/bid-form?url=https://freelancehunt.com/project/nuzhno-perepisat-lichnyiy-kabinet-na-laravel/715704.html',393),(2403,'2020-07-17 11:42:11','CRM','','Customer Created: \"   \" by user 1',1,'Customer','/selling/freelancehunt/bid-form?url=https://freelancehunt.com/project/timlid-dlya-razrabotki-prilozheniya/716180.html',264),(2404,'2020-07-17 11:42:11','CRM','','Selling Created: \"\" by user 1',1,'Selling','/selling/freelancehunt/bid-form?url=https://freelancehunt.com/project/timlid-dlya-razrabotki-prilozheniya/716180.html',394),(2405,'2020-07-17 11:47:36','CRM','','Customer Created: \"     \" by user 1',1,'Customer','/selling/freelancehunt/bid-form?url=https://freelancehunt.com/project/napisanie-samopisnogo-dvizhka-dlya-nebolshogo-sayta/716819.html',265),(2406,'2020-07-17 11:47:36','CRM','','Selling Created: \"\" by user 1',1,'Selling','/selling/freelancehunt/bid-form?url=https://freelancehunt.com/project/napisanie-samopisnogo-dvizhka-dlya-nebolshogo-sayta/716819.html',395),(2407,'2020-07-17 11:50:36','CRM','','Customer Created: \"Android    \" by user 1',1,'Customer','/selling/freelancehunt/bid-form?url=https://freelancehunt.com/project/android-prilozhenie-dlya-ucheta-schetov/717444.html',266),(2408,'2020-07-17 11:50:36','CRM','','Selling Created: \"\" by user 1',1,'Selling','/selling/freelancehunt/bid-form?url=https://freelancehunt.com/project/android-prilozhenie-dlya-ucheta-schetov/717444.html',396),(2409,'2020-07-17 11:58:02','CRM','','Customer Created: \"     () PHP/Drupal...\" by user 1',1,'Customer','/selling/freelancehunt/bid-form?url=https://freelancehunt.com/project/razrabotka-sistemyi-dlya-transportnyih-kompaniy-logistika/718411.html',267),(2410,'2020-07-17 11:58:02','CRM','','Selling Created: \"\" by user 1',1,'Selling','/selling/freelancehunt/bid-form?url=https://freelancehunt.com/project/razrabotka-sistemyi-dlya-transportnyih-kompaniy-logistika/718411.html',397),(2411,'2020-07-17 12:10:40','CRM','','Customer Created: \"     yii2\" by user 1',1,'Customer','/selling/freelancehunt/bid-form?url=https://freelancehunt.com/project/razrabotchik-samopisnyih-saytov-opyitom-yii2/714981.html',268),(2412,'2020-07-17 12:10:40','CRM','','Selling Created: \"\" by user 1',1,'Selling','/selling/freelancehunt/bid-form?url=https://freelancehunt.com/project/razrabotchik-samopisnyih-saytov-opyitom-yii2/714981.html',398),(2413,'2020-07-17 14:15:33','CRM','','Customer Created: \"    YII ( MailWizz)\" by user 1',1,'Customer','/selling/freelancehunt/bid-form?url=https://freelancehunt.com/project/dorabotka-funktsionala-skripta-na-yii-skript/716121.html',269),(2414,'2020-07-17 14:15:33','CRM','','Selling Created: \"\" by user 1',1,'Selling','/selling/freelancehunt/bid-form?url=https://freelancehunt.com/project/dorabotka-funktsionala-skripta-na-yii-skript/716121.html',399),(2415,'2020-07-17 15:40:17','BOSS','',' ',1,'Login','/signup/zaglushka',1),(2416,'2020-07-17 16:00:08','BOSS','',' ',1,'Login','/signup/zaglushka',1),(2417,'2020-07-19 19:01:28','BOSS','','Item Updated: \" \" by user 1',1,'Item','/core/item/update?id=25',25),(2418,'2020-07-19 19:01:49','BOSS','','Item Updated: \" \" by user 1',1,'Item','/core/item/update?id=25',25),(2419,'2020-07-20 10:52:17','CRM','','Selling Created: \"\" by user 1',1,'Selling','/selling/form/save',400),(2420,'2020-07-20 10:52:17','CRM','','Selling Updated: \"400\" by user 1',1,'Selling','/selling/form/save',400),(2421,'2020-07-20 15:04:04','BOSS','',' ',1,'Login','/signup/zaglushka',1),(2422,'2020-07-20 15:05:20','CRM','','Selling Updated: \"400\" by user 1',1,'Selling','/selling/talk/comment-history',400),(2423,'2020-07-20 15:05:27','CRM','','Selling Updated: \"400\" by user 1',1,'Selling','/selling/talk/comment-history',400),(2424,'2020-07-21 08:04:28','HRM','','Interview Created: \"-\" by user 1',1,'Interview','/hr/form/save',140),(2435,'2020-07-21 12:50:46','ERP','','Inventorization Created: \"   21.07.2020 15:50:46\" by user 1',1,'Inventorization','/inventorization/form/create?warehouseId=29',4),(2441,'2020-07-21 20:44:53','ERP','','Supplier Updated: \" \" by user 1',1,'Supplier','/supplier/supplier/update?id=6',6),(2455,'2020-07-22 20:16:39','ERP','','Supplier Created: \"1111\" by user 1',1,'Supplier','/supplier/supplier/create',10),(2456,'2020-07-22 20:17:47','CRM','','Customer Created: \"\" by user 1',1,'Customer','/customer/customer/create',270),(2457,'2020-07-22 20:17:51','CRM','','Selling Created: \"\" by user 1',1,'Selling','/selling/form/save',401),(2458,'2020-07-22 20:17:51','CRM','','Selling Updated: \"401\" by user 1',1,'Selling','/selling/form/save',401),(2459,'2020-07-22 20:18:57','CRM','','Selling Updated: \"401\" by user 1',1,'Selling','/selling/form/save?id=401',401),(2460,'2020-07-22 20:18:58','CRM','','Selling Updated: \"401401\" by user 1',1,'Selling','/selling/form/save?id=401',401),(2461,'2020-07-22 20:19:07','CRM','','  ',1,'Selling','/selling/form/test?id=401&state_id=6',401),(2462,'2020-07-22 20:19:08','CRM','','Selling Updated: \"401401\" by user 1',1,'Selling','/selling/form/test?id=401&state_id=6',401),(2463,'2020-07-22 20:20:37','CRM','','Selling Created: \"\" by user 1',1,'Selling','/selling/form/save',402),(2464,'2020-07-22 20:20:37','CRM','','Selling Updated: \"402\" by user 1',1,'Selling','/selling/form/save',402),(2465,'2020-07-22 20:20:46','CRM','','  ',1,'Selling','/selling/form/test?id=402&state_id=5',402),(2466,'2020-07-22 20:20:46','CRM','','Selling Updated: \"402\" by user 1',1,'Selling','/selling/form/test?id=402&state_id=5',402),(2467,'2020-07-22 20:21:58','CRM','','Selling Created: \"\" by user 1',1,'Selling','/selling/form/save',403),(2468,'2020-07-22 20:21:58','CRM','','Selling Updated: \"403\" by user 1',1,'Selling','/selling/form/save',403),(2469,'2020-07-22 20:22:08','CRM','','  ',1,'Selling','/selling/form/test?id=403&state_id=6',403),(2470,'2020-07-22 20:22:08','CRM','','Selling Updated: \"403\" by user 1',1,'Selling','/selling/form/test?id=403&state_id=6',403),(2471,'2020-07-23 07:38:41','BOSS','',' ',1,'Login','/login/zaglushka',1),(2472,'2020-07-23 07:56:04','BOSS','',' ',1,'Login','/login/zaglushka',1),(2473,'2020-07-23 08:14:09','CRM','','Selling Updated: \"403\" by user 1',1,'Selling','/selling/talk/comment-history',403),(2474,'2020-07-23 08:14:20','CRM','','Selling Updated: \"403\" by user 1',1,'Selling','/selling/talk/comment-history',403),(2475,'2020-07-23 08:18:01','CRM','','Answer Created: \"\" by user 1',1,'Answer','/selling/talk/save-custom-answer?requestId=1&answer=%D0%BF%D1%80%D0%BE%D1%81%D1%82%D0%B8%D1%82%D0%B5',70),(2476,'2020-07-23 08:18:08','CRM','','Selling Updated: \"403\" by user 1',1,'Selling','/selling/talk/save-dialog',403),(2477,'2020-07-23 08:18:08','CRM','','Customer Updated: \" \" by user 1',1,'Customer','/selling/talk/end-talk?sellingId=403',28),(2478,'2020-07-23 08:19:55','CRM','','Selling Updated: \"403\" by user 1',1,'Selling','/selling/talk/comment-history',403),(2479,'2020-07-23 08:20:14','CRM','','Selling Updated: \"403\" by user 1',1,'Selling','/selling/talk/comment-history',403),(2480,'2020-07-23 08:23:01','CRM','','  ',1,'Selling','/selling/form/save?id=403',403),(2481,'2020-07-23 08:23:01','CRM','','Selling Updated: \"403\" by user 1',1,'Selling','/selling/form/save?id=403',403),(2482,'2020-07-23 08:23:01','CRM','','Selling Updated: \"403403\" by user 1',1,'Selling','/selling/form/save?id=403',403),(2483,'2020-07-23 08:27:33','CRM','','SellingProduct Created: \"  50\" by user 1',1,'SellingProduct','/selling/nomenclature/add-position',2),(2484,'2020-07-23 08:27:40','CRM','','SellingProduct Updated: \"  50\" by user 1',1,'SellingProduct','/selling/nomenclature/add-position',2),(2485,'2020-07-23 08:29:01','CRM','','Customer Updated: \" \" by user 1',1,'Customer','/selling/main/show-selling?selling_token=-NtbZ1cZ80I6ktB_2IGI2pEA2DBMEoFv&Customer%5Bchief_email%5D=dasjgvjhv%40gmail.123&_pjax=%23p0',28),(2486,'2020-07-23 08:29:16','CRM','','Selling Updated: \"403403\" by user 1',1,'Selling','/selling/talk/comment-history',403),(2487,'2020-07-23 08:29:26','CRM','','Selling Updated: \"403403\" by user 1',1,'Selling','/selling/talk/comment-history',403),(2488,'2020-07-23 08:29:59','CRM','','Selling Updated: \"403403\" by user 1',1,'Selling','/selling/talk/comment-history',403),(2489,'2020-07-23 08:30:06','CRM','','Selling Updated: \"403403\" by user 1',1,'Selling','/selling/talk/comment-history',403),(2490,'2020-07-23 09:00:49','CRM','','SellingProduct Updated: \"  50\" by user 1',1,'SellingProduct','/selling/nomenclature/add-position',2),(2491,'2020-07-23 09:01:12','CRM','','SellingProduct Updated: \"  50\" by user 1',1,'SellingProduct','/selling/nomenclature/add-position',2),(2492,'2020-07-23 09:03:13','CRM','','SellingProduct Deleted: \"  50\" by user 1',1,'SellingProduct','/selling/nomenclature/delete-position?id=2',2),(2493,'2020-07-23 09:03:32','CRM','','SellingProduct Created: \"  50\" by user 1',1,'SellingProduct','/selling/nomenclature/add-position',3),(2494,'2020-07-23 09:10:46','CRM','','SellingProduct Deleted: \"  50\" by user 1',1,'SellingProduct','/selling/nomenclature/delete-position?id=3&selling_token=-NtbZ1cZ80I6ktB_2IGI2pEA2DBMEoFv',3),(2495,'2020-07-23 09:15:16','CRM','','SellingProduct Created: \"  50\" by user 1',1,'SellingProduct','/selling/nomenclature/add-position',4),(2496,'2020-07-23 09:15:42','CRM','','SellingProduct Deleted: \"  50\" by user 1',1,'SellingProduct','/selling/nomenclature/delete-position?id=4&selling_token=-NtbZ1cZ80I6ktB_2IGI2pEA2DBMEoFv',4),(2497,'2020-07-23 09:16:40','CRM','','SellingProduct Created: \"  50\" by user 1',1,'SellingProduct','/selling/nomenclature/add-position',5),(2498,'2020-07-23 09:17:01','CRM','','SellingProduct Updated: \"  50\" by user 1',1,'SellingProduct','/selling/nomenclature/add-position',5),(2499,'2020-07-23 09:17:17','CRM','','SellingProduct Deleted: \"  50\" by user 1',1,'SellingProduct','/selling/nomenclature/delete-position?id=5&selling_token=',5),(2500,'2020-07-23 09:19:29','CRM','','SellingProduct Created: \"  50\" by user 1',1,'SellingProduct','/selling/nomenclature/add-position',6),(2501,'2020-07-23 09:21:31','CRM','','SellingProduct Updated: \"  50\" by user 1',1,'SellingProduct','/selling/nomenclature/add-position',6),(2502,'2020-07-23 09:21:35','CRM','','SellingProduct Updated: \"  50\" by user 1',1,'SellingProduct','/selling/nomenclature/add-position',6),(2503,'2020-07-23 09:21:41','CRM','','SellingProduct Updated: \"  50\" by user 1',1,'SellingProduct','/selling/nomenclature/add-position',6),(2504,'2020-07-23 09:21:42','CRM','','SellingProduct Updated: \"  50\" by user 1',1,'SellingProduct','/selling/nomenclature/add-position',6),(2505,'2020-07-23 09:21:55','CRM','','SellingProduct Deleted: \"  50\" by user 1',1,'SellingProduct','/selling/nomenclature/delete-position?id=6&selling_token=-NtbZ1cZ80I6ktB_2IGI2pEA2DBMEoFv',6),(2506,'2020-07-23 09:27:43','CRM','','SellingProduct Created: \"  50\" by user 1',1,'SellingProduct','/selling/nomenclature/add-position',7),(2507,'2020-07-23 09:32:09','CRM','','SellingProduct Updated: \"  50\" by user 1',1,'SellingProduct','/selling/nomenclature/add-position',7),(2508,'2020-07-23 09:32:15','CRM','','SellingProduct Updated: \"  50\" by user 1',1,'SellingProduct','/selling/nomenclature/add-position',7),(2509,'2020-07-23 09:32:45','CRM','','SellingProduct Updated: \"  50\" by user 1',1,'SellingProduct','/selling/nomenclature/add-position',7),(2510,'2020-07-23 09:38:39','CRM','','SellingProduct Deleted: \"  50\" by user 1',1,'SellingProduct','/selling/nomenclature/delete-position?id=7',7),(2511,'2020-07-23 09:39:07','CRM','','SellingProduct Created: \"  50\" by user 1',1,'SellingProduct','/selling/nomenclature/add-position',8),(2512,'2020-07-23 09:39:13','CRM','','SellingProduct Updated: \"  50\" by user 1',1,'SellingProduct','/selling/nomenclature/add-position',8),(2513,'2020-07-23 09:39:48','CRM','','SellingProduct Updated: \"  50\" by user 1',1,'SellingProduct','/selling/nomenclature/add-position',8),(2514,'2020-07-23 09:39:54','CRM','','SellingProduct Updated: \"  50\" by user 1',1,'SellingProduct','/selling/nomenclature/add-position',8),(2515,'2020-07-23 09:40:16','CRM','','SellingProduct Deleted: \"  50\" by user 1',1,'SellingProduct','/selling/nomenclature/delete-position?id=8',8),(2516,'2020-07-23 09:40:39','CRM','','SellingProduct Created: \"  50\" by user 1',1,'SellingProduct','/selling/nomenclature/add-position',9),(2517,'2020-07-23 09:40:42','CRM','','SellingProduct Updated: \"  50\" by user 1',1,'SellingProduct','/selling/nomenclature/add-position',9),(2518,'2020-07-23 09:40:45','CRM','','SellingProduct Updated: \"  50\" by user 1',1,'SellingProduct','/selling/nomenclature/add-position',9),(2519,'2020-07-23 09:40:46','CRM','','SellingProduct Updated: \"  50\" by user 1',1,'SellingProduct','/selling/nomenclature/add-position',9),(2520,'2020-07-23 09:40:47','CRM','','SellingProduct Updated: \"  50\" by user 1',1,'SellingProduct','/selling/nomenclature/add-position',9),(2521,'2020-07-23 09:40:47','CRM','','SellingProduct Updated: \"  50\" by user 1',1,'SellingProduct','/selling/nomenclature/add-position',9),(2522,'2020-07-23 09:40:48','CRM','','SellingProduct Updated: \"  50\" by user 1',1,'SellingProduct','/selling/nomenclature/add-position',9),(2523,'2020-07-23 09:40:49','CRM','','SellingProduct Updated: \"  50\" by user 1',1,'SellingProduct','/selling/nomenclature/add-position',9),(2524,'2020-07-23 09:40:50','CRM','','SellingProduct Updated: \"  50\" by user 1',1,'SellingProduct','/selling/nomenclature/add-position',9),(2525,'2020-07-23 09:41:02','CRM','','SellingProduct Deleted: \"  50\" by user 1',1,'SellingProduct','/selling/nomenclature/delete-position?id=9',9),(2526,'2020-07-23 09:41:28','CRM','','SellingProduct Created: \"  50\" by user 1',1,'SellingProduct','/selling/nomenclature/add-position',10),(2527,'2020-07-23 09:41:47','CRM','','SellingProduct Updated: \"  50\" by user 1',1,'SellingProduct','/selling/nomenclature/add-position',10),(2528,'2020-07-23 09:41:51','CRM','','SellingProduct Updated: \"  50\" by user 1',1,'SellingProduct','/selling/nomenclature/add-position',10),(2529,'2020-07-23 09:43:41','CRM','','SellingProduct Updated: \"  50\" by user 1',1,'SellingProduct','/selling/nomenclature/add-position',10),(2530,'2020-07-23 09:46:18','CRM','','SellingProduct Updated: \"  50\" by user 1',1,'SellingProduct','/selling/nomenclature/add-position',10),(2531,'2020-07-23 09:47:41','CRM','','SellingProduct Updated: \"  50\" by user 1',1,'SellingProduct','/selling/nomenclature/add-position',10),(2532,'2020-07-23 10:01:37','CRM','','Selling Updated: \"403403\" by user 1',1,'Selling','/selling/talk/comment-history',403),(2533,'2020-07-23 10:01:41','CRM','','Selling Updated: \"403403\" by user 1',1,'Selling','/selling/talk/comment-history',403),(2534,'2020-07-23 10:01:44','CRM','','Selling Updated: \"403403\" by user 1',1,'Selling','/selling/talk/comment-history',403),(2535,'2020-07-23 10:03:34','CRM','','Selling Updated: \"403403\" by user 1',1,'Selling','/selling/talk/comment-history',403),(2536,'2020-07-23 10:03:42','CRM','','Selling Updated: \"403403\" by user 1',1,'Selling','/selling/talk/comment-history',403),(2537,'2020-07-23 10:03:56','CRM','','Selling Updated: \"403403\" by user 1',1,'Selling','/selling/talk/comment-history',403),(2538,'2020-07-23 10:04:01','CRM','','Selling Updated: \"403403\" by user 1',1,'Selling','/selling/talk/comment-history',403),(2539,'2020-07-23 10:12:47','CRM','','Selling Updated: \"403403\" by user 1',1,'Selling','/selling/talk/comment-history',403),(2540,'2020-07-23 10:13:20','CRM','','Selling Updated: \"403403\" by user 1',1,'Selling','/selling/talk/comment-history',403),(2541,'2020-07-23 10:13:37','CRM','','Selling Updated: \"403403\" by user 1',1,'Selling','/selling/talk/comment-history',403),(2542,'2020-07-23 10:13:48','CRM','','Selling Updated: \"403403\" by user 1',1,'Selling','/selling/talk/comment-history',403),(2543,'2020-07-23 10:13:58','CRM','','Selling Updated: \"403403\" by user 1',1,'Selling','/selling/talk/comment-history',403),(2544,'2020-07-23 10:14:29','CRM','','SellingProduct Deleted: \"  50\" by user 1',1,'SellingProduct','/selling/nomenclature/delete-position?id=10',10),(2545,'2020-07-23 10:14:48','CRM','','SellingProduct Created: \"  50\" by user 1',1,'SellingProduct','/selling/nomenclature/add-position',11),(2546,'2020-07-23 10:17:27','CRM','','SellingProduct Updated: \"  50\" by user 1',1,'SellingProduct','/selling/nomenclature/add-position',11),(2547,'2020-07-23 10:21:03','CRM','','SellingProduct Updated: \"  50\" by user 1',1,'SellingProduct','/selling/nomenclature/add-position',11),(2548,'2020-07-23 10:21:18','CRM','','SellingProduct Updated: \"  50\" by user 1',1,'SellingProduct','/selling/nomenclature/add-position',11),(2549,'2020-07-23 10:21:31','CRM','','SellingProduct Updated: \"  50\" by user 1',1,'SellingProduct','/selling/nomenclature/add-position',11),(2550,'2020-07-23 10:22:00','CRM','','SellingProduct Updated: \"  50\" by user 1',1,'SellingProduct','/selling/nomenclature/add-position',11),(2551,'2020-07-23 10:22:03','CRM','','SellingProduct Updated: \"  50\" by user 1',1,'SellingProduct','/selling/nomenclature/add-position',11),(2552,'2020-07-23 10:22:13','CRM','','SellingProduct Deleted: \"  50\" by user 1',1,'SellingProduct','/selling/nomenclature/delete-position?id=11',11),(2553,'2020-07-23 10:22:29','CRM','','SellingProduct Created: \"  50\" by user 1',1,'SellingProduct','/selling/nomenclature/add-position',12),(2554,'2020-07-23 10:22:35','CRM','','SellingProduct Updated: \"  50\" by user 1',1,'SellingProduct','/selling/nomenclature/add-position',12),(2555,'2020-07-23 10:22:58','CRM','','SellingProduct Updated: \"  50\" by user 1',1,'SellingProduct','/selling/nomenclature/add-position',12),(2556,'2020-07-23 10:23:04','CRM','','SellingProduct Deleted: \"  50\" by user 1',1,'SellingProduct','/selling/nomenclature/delete-position?id=12',12),(2557,'2020-07-23 10:25:05','CRM','','SellingProduct Created: \"  50\" by user 1',1,'SellingProduct','/selling/nomenclature/add-position',13),(2558,'2020-07-23 10:25:16','CRM','','SellingProduct Updated: \"  50\" by user 1',1,'SellingProduct','/selling/nomenclature/add-position',13),(2559,'2020-07-23 10:25:21','CRM','','SellingProduct Deleted: \"  50\" by user 1',1,'SellingProduct','/selling/nomenclature/delete-position?id=13&selling_token=-NtbZ1cZ80I6ktB_2IGI2pEA2DBMEoFv',13),(2560,'2020-07-23 10:25:37','CRM','','SellingProduct Created: \"  50\" by user 1',1,'SellingProduct','/selling/nomenclature/add-position',14),(2561,'2020-07-23 10:26:02','CRM','','SellingProduct Updated: \"  50\" by user 1',1,'SellingProduct','/selling/nomenclature/add-position',14),(2562,'2020-07-23 10:26:09','CRM','','SellingProduct Deleted: \"  50\" by user 1',1,'SellingProduct','/selling/nomenclature/delete-position?id=14&selling_token=-NtbZ1cZ80I6ktB_2IGI2pEA2DBMEoFv',14),(2563,'2020-07-23 10:26:25','CRM','','SellingProduct Created: \"  50\" by user 1',1,'SellingProduct','/selling/nomenclature/add-position',15),(2564,'2020-07-23 10:26:28','CRM','','SellingProduct Updated: \"  50\" by user 1',1,'SellingProduct','/selling/nomenclature/add-position',15),(2565,'2020-07-23 10:26:35','CRM','','SellingProduct Updated: \"  50\" by user 1',1,'SellingProduct','/selling/nomenclature/add-position',15),(2566,'2020-07-23 10:26:39','CRM','','SellingProduct Deleted: \"  50\" by user 1',1,'SellingProduct','/selling/nomenclature/delete-position?id=15&selling_token=-NtbZ1cZ80I6ktB_2IGI2pEA2DBMEoFv',15),(2567,'2020-07-23 10:27:00','CRM','','Selling Updated: \"403403\" by user 1',1,'Selling','/selling/talk/comment-history',403),(2568,'2020-07-23 10:29:50','CRM','','Selling Updated: \"403403\" by user 1',1,'Selling','/selling/talk/comment-history',403),(2569,'2020-07-23 10:30:00','CRM','','SellingProduct Created: \"  50\" by user 1',1,'SellingProduct','/selling/nomenclature/add-position',16),(2570,'2020-07-23 10:30:08','CRM','','SellingProduct Updated: \"  50\" by user 1',1,'SellingProduct','/selling/nomenclature/add-position',16),(2571,'2020-07-23 10:30:23','CRM','','SellingProduct Updated: \"  50\" by user 1',1,'SellingProduct','/selling/nomenclature/add-position',16),(2572,'2020-07-23 10:30:38','CRM','','SellingProduct Deleted: \"  50\" by user 1',1,'SellingProduct','/selling/nomenclature/delete-position?id=16&selling_token=-NtbZ1cZ80I6ktB_2IGI2pEA2DBMEoFv',16),(2573,'2020-07-23 10:30:52','CRM','','SellingProduct Created: \"  50\" by user 1',1,'SellingProduct','/selling/nomenclature/add-position',17),(2574,'2020-07-23 10:31:31','CRM','','Selling Updated: \"403403\" by user 1',1,'Selling','/selling/talk/comment-history',403),(2575,'2020-07-23 10:31:46','CRM','','SellingProduct Updated: \"  50\" by user 1',1,'SellingProduct','/selling/nomenclature/add-position',17),(2576,'2020-07-23 10:31:51','CRM','','SellingProduct Deleted: \"  50\" by user 1',1,'SellingProduct','/selling/nomenclature/delete-position?id=17&selling_token=-NtbZ1cZ80I6ktB_2IGI2pEA2DBMEoFv',17),(2577,'2020-07-23 10:32:13','CRM','','SellingProduct Created: \"  50\" by user 1',1,'SellingProduct','/selling/nomenclature/add-position',18),(2578,'2020-07-23 10:32:17','CRM','','SellingProduct Deleted: \"  50\" by user 1',1,'SellingProduct','/selling/nomenclature/delete-position?id=18&selling_token=',18),(2579,'2020-07-23 10:32:29','CRM','','SellingProduct Created: \"  50\" by user 1',1,'SellingProduct','/selling/nomenclature/add-position',19),(2580,'2020-07-23 10:32:34','CRM','','SellingProduct Updated: \"  50\" by user 1',1,'SellingProduct','/selling/nomenclature/add-position',19),(2581,'2020-07-23 10:32:41','CRM','','SellingProduct Updated: \"  50\" by user 1',1,'SellingProduct','/selling/nomenclature/editCell?id=19',19),(2582,'2020-07-23 10:34:58','CRM','','SellingProduct Updated: \"  50\" by user 1',1,'SellingProduct','/selling/nomenclature/add-position',19),(2583,'2020-07-23 10:35:02','CRM','','SellingProduct Deleted: \"  50\" by user 1',1,'SellingProduct','/selling/nomenclature/delete-position?id=19&selling_token=-NtbZ1cZ80I6ktB_2IGI2pEA2DBMEoFv',19),(2584,'2020-07-23 10:35:20','CRM','','SellingProduct Created: \"  50\" by user 1',1,'SellingProduct','/selling/nomenclature/add-position',20),(2585,'2020-07-23 10:35:41','CRM','','Selling Updated: \"403403\" by user 1',1,'Selling','/selling/talk/comment-history',403),(2586,'2020-07-23 10:36:45','CRM','','SellingProduct Updated: \"  50\" by user 1',1,'SellingProduct','/selling/nomenclature/editCell?id=20',20),(2587,'2020-07-23 11:55:26','CRM','','Selling Updated: \"403403\" by user 1',1,'Selling','/selling/talk/comment-history',403),(2588,'2020-07-23 12:00:16','CRM','','SellingProduct Updated: \"  50\" by user 1',1,'SellingProduct','/selling/nomenclature/add-position',20),(2589,'2020-07-23 12:00:30','CRM','','SellingProduct Updated: \"  50\" by user 1',1,'SellingProduct','/selling/nomenclature/add-position',20),(2590,'2020-07-23 12:00:46','CRM','','SellingProduct Deleted: \"  50\" by user 1',1,'SellingProduct','/selling/nomenclature/delete-position?id=20&selling_token=-NtbZ1cZ80I6ktB_2IGI2pEA2DBMEoFv',20),(2591,'2020-07-23 12:01:07','CRM','','Selling Updated: \"403403\" by user 1',1,'Selling','/selling/talk/comment-history',403),(2592,'2020-07-23 12:53:28','CRM','','Selling Updated: \"403403\" by user 1',1,'Selling','/selling/talk/comment-history',403),(2593,'2020-07-23 12:53:43','CRM','','SellingProduct Created: \"  50\" by user 1',1,'SellingProduct','/selling/nomenclature/add-position',21),(2594,'2020-07-23 12:53:45','CRM','','SellingProduct Updated: \"  50\" by user 1',1,'SellingProduct','/selling/nomenclature/add-position',21),(2595,'2020-07-23 13:12:54','BOSS','',' ',1,'Login','/login/zaglushka',1),(2596,'2020-07-23 13:16:05','BOSS','',' ',1,'Login','/login/zaglushka',1),(2614,'2020-07-24 15:15:27','BOSS','',' ',1,'Login','/login/zaglushka',1),(2615,'2020-07-25 11:55:13','BOSS','',' ',1,'Login','/login/zaglushka',1),(2616,'2020-07-25 17:22:33','BOSS','',' ',1,'Login','/login/zaglushka',1),(2617,'2020-07-26 14:15:15','BOSS','',' ',1,'Login','/login/zaglushka',1),(2618,'2020-07-26 23:01:24','BOSS','',' ',1,'Login','/login/zaglushka',1),(2619,'2020-07-27 09:39:22','BOSS','',' ',1,'Login','/login/zaglushka',1),(2620,'2020-07-27 09:39:35','BOSS','',' ',1,'Login','/login/zaglushka',1),(2621,'2020-07-27 09:45:15','BOSS','',' ',1,'Login','/login/zaglushka',1),(2622,'2020-07-27 10:09:39','BOSS','',' ',1,'Login','/login/zaglushka',1),(2623,'2020-07-27 13:22:44','BOSS','',' ',1,'Login','/login/zaglushka',1),(2624,'2020-07-28 08:00:15','BOSS','',' ',1,'Login','/login/zaglushka',1),(2625,'2020-07-28 08:01:18','BOSS','',' : \" \"  admin',1,'Item','/core/item/update?id=25',25),(2626,'2020-07-28 08:22:07','BOSS','',' : \" \"  admin',1,'Item','/core/item/update?id=25',25),(2627,'2020-07-28 10:53:11','BOSS','',' ',1,'Login','/login/zaglushka',1),(2628,'2020-07-29 07:33:22','BOSS','',' ',1,'Login','/login/zaglushka',1),(2629,'2020-07-29 11:12:22','BOSS','',' ',1,'Login','/login/zaglushka',1),(2630,'2020-07-29 14:57:41','BOSS','',' ',1,'Login','/login/zaglushka',1),(2631,'2020-07-29 18:07:46','BOSS','',' ',1,'Login','/login/zaglushka',1),(2632,'2020-07-29 20:09:56','BOSS','',' ',1,'Login','/login/zaglushka',1),(2633,'2020-08-01 09:50:54','BOSS','',' ',1,'Login','/login/zaglushka',1),(2634,'2020-08-01 11:53:48','BOSS','',' ',1,'Login','/login/zaglushka',1),(2635,'2020-08-02 09:54:27','BOSS','',' ',1,'Login','/login/zaglushka',1),(2636,'2020-08-02 12:09:45','BOSS','',' ',1,'Login','/login/zaglushka',1),(2637,'2020-08-03 12:03:59','BOSS','',' ',1,'Login','/login/zaglushka',1),(2638,'2020-08-03 12:52:57','BOSS','',' ',1,'Login','/login/zaglushka',1),(2639,'2020-08-03 13:16:45','BOSS','',' ',1,'Login','/login/zaglushka',1),(2640,'2020-08-03 15:25:12','BOSS','',' ',1,'Login','/login/zaglushka',1),(2641,'2020-08-04 05:46:20','BOSS','',' ',1,'Login','/login/zaglushka',1),(2642,'2020-08-04 07:34:37','BOSS','',' ',1,'Login','/login/zaglushka',1),(2643,'2020-08-04 07:38:08','HRM','',' : \"\"  admin',1,'Worker','/worker/worker/update?id=1',1),(2644,'2020-08-04 07:38:09','HRM','','   :   admin',1,'WorkerVacancy','/worker/worker/update?id=1',186),(2645,'2020-08-04 07:38:09','HRM','','   :   admin',1,'WorkerVacancy','/worker/worker/update?id=1',187),(2646,'2020-08-04 07:38:09','HRM','','   :   admin',1,'WorkerVacancy','/worker/worker/update?id=1',188),(2647,'2020-08-04 07:38:09','HRM','','   :   admin',1,'WorkerVacancy','/worker/worker/update?id=1',189),(2648,'2020-08-04 07:38:25','HRM','',' : \"\"  admin',1,'Worker','/worker/worker/update?id=1',1),(2649,'2020-08-04 07:38:25','HRM','','   :   admin',1,'WorkerVacancy','/worker/worker/update?id=1',190),(2650,'2020-08-04 07:38:25','HRM','','   :   admin',1,'WorkerVacancy','/worker/worker/update?id=1',191),(2651,'2020-08-04 07:38:25','HRM','','   :   admin',1,'WorkerVacancy','/worker/worker/update?id=1',192),(2652,'2020-08-04 11:43:14','BOSS','',' ',1,'Login','/login/zaglushka',1),(2653,'2020-08-04 13:22:32','BOSS','',' ',1,'Login','/login/zaglushka',1),(2654,'2020-08-04 13:22:32','BOSS','',' ',1,'Login','/login/zaglushka',1),(2680,'2020-08-06 13:39:49','BOSS','',' ',1,'Login','/login/zaglushka',1),(2681,'2020-08-07 12:16:45','BOSS','',' ',1,'Login','/login/zaglushka',1),(2682,'2020-08-11 12:33:26','BOSS','',' ',1,'Login','/login/zaglushka',1),(2683,'2020-08-11 15:13:28','BOSS','',' ',1,'Login','/login/zaglushka',1),(2684,'2020-08-13 13:45:17','BOSS','',' ',1,'Login','/login/zaglushka',1),(2685,'2020-08-14 08:31:11','BOSS','',' ',1,'Login','/login/zaglushka',1),(2686,'2020-08-14 11:20:29','BOSS','',' ',1,'Login','/login/zaglushka',1),(2687,'2020-08-14 12:27:42','BOSS','',' ',1,'Login','/login/zaglushka',1),(2688,'2020-08-14 12:29:39','BOSS','',' ',1,'Login','/login/zaglushka',1),(2689,'2020-08-15 09:14:55','BOSS','',' ',1,'Login','/login/zaglushka',1),(2690,'2020-08-17 14:29:21','CRM','',' :   admin',1,'Selling','/selling/form/save',404),(2691,'2020-08-17 14:29:21','CRM','',' : \"404\"  admin',1,'Selling','/selling/form/save',404),(2692,'2020-08-17 14:32:23','HRM','',' : \"-\"  admin',1,'Interview','/hr/form/save',142),(2693,'2020-08-17 14:32:30','HRM','',' : \"-\"  admin',1,'Interview','/hr/state/offer?id=142&_pjax=%23state-pjax',142),(2695,'2020-08-18 16:46:15','BOSS','',' ',1,'Login','/login/zaglushka',1),(2696,'2020-08-19 08:29:18','BOSS','',' ',1,'Login','/login/zaglushka',1),(2697,'2020-08-20 19:42:36','BOSS','',' ',1,'Login','/login/zaglushka',1),(2698,'2020-08-21 12:27:42','BOSS','',' ',1,'Login','/login/zaglushka',1),(2699,'2020-08-21 15:17:35','BOSS','',' ',1,'Login','/login/zaglushka',1),(2700,'2020-08-23 18:45:36','BOSS','',' ',1,'Login','/login/zaglushka',1),(2701,'2020-08-24 17:22:14','BOSS','','Item Created: \"ctrvyubjmk.;\" by user 1',1,'Item','/core/item/create?regularity_id=24&parent_id=33',51),(2702,'2020-08-24 17:22:29','BOSS','','Item Created: \"q23w45r6t7y8u9io0-=\" by user 1',1,'Item','/core/item/create?regularity_id=24&parent_id=33',52),(2703,'2020-08-24 17:23:06','BOSS','','Item Created: \"23q4ws5d5f6ghujiko\" by user 1',1,'Item','/core/item/create?regularity_id=22&parent_id=25',53),(2704,'2020-08-24 17:23:19','BOSS','','Item Created: \"s4e5rduygihjmklnm\" by user 1',1,'Item','/core/item/create?regularity_id=22&parent_id=25',54),(2705,'2020-08-25 08:34:58','BOSS','','Item Created: \"weqfsdvfbdv \" by user 1',1,'Item','/core/item/create?regularity_id=24&parent_id=34',55),(2706,'2020-08-25 08:35:21','BOSS','','Item Created: \"31zwetsxyrdhtgbvw3ecs\" by user 1',1,'Item','/core/item/create?regularity_id=24&parent_id=34',56),(2707,'2020-08-25 08:35:37','BOSS','','Item Created: \"eqwdresgrdytfjygkhb \" by user 1',1,'Item','/core/item/create?regularity_id=24&parent_id=35',57),(2708,'2020-08-25 10:39:03','BOSS','','Item Updated: \" \" by user 1',1,'Item','/core/item/update?id=18',18),(2709,'2020-08-25 10:40:46','BOSS','','Item Updated: \" \" by user 1',1,'Item','/core/item/update?id=18',18),(2710,'2020-08-25 16:04:47','BOSS','','Item Updated: \" \" by user 1',1,'Item','/core/item/update?id=34',34),(2711,'2020-08-26 08:10:28','BOSS','','Item Updated: \"  \" by user 1',1,'Item','/core/item/update?id=33',33),(2712,'2020-08-26 08:23:05','BOSS','','Item Updated: \" \" by user 1',1,'Item','/core/item/update?id=25',25),(2713,'2020-08-26 15:04:24','BOSS','','Item Updated: \"23q4ws5d5f6ghujiko\" by user 1',1,'Item','/core/item/update?id=53',53),(2714,'2020-08-26 15:41:43','BOSS','','Item Updated: \"23q4ws5d5f6ghujiko\" by user 1',1,'Item','/core/item/update?id=53',53),(2715,'2020-08-27 07:57:50','BOSS','','Regularity Updated: \"  ?\" by user 1',1,'Regularity','/core/regularity/update?id=22',22),(2716,'2020-08-27 07:58:37','BOSS','','Item Updated: \"23q4ws5d5f6ghujiko\" by user 1',1,'Item','/core/item/update?id=53',53),(2717,'2020-08-27 07:59:28','BOSS','','Regularity Updated: \" \" by user 1',1,'Regularity','/core/regularity/update?id=24',24),(2718,'2020-08-27 08:38:42','BOSS','','Item Updated: \"   \" by user 1',1,'Item','/core/item/update?id=32',32),(2719,'2020-08-27 08:41:06','BOSS','','Item Updated: \"   \" by user 1',1,'Item','/core/item/update?id=32',32),(2720,'2020-08-27 08:42:31','BOSS','','Item Updated: \"   \" by user 1',1,'Item','/core/item/update?id=32',32),(2721,'2020-08-27 08:46:33','BOSS','','Item Updated: \"   \" by user 1',1,'Item','/core/item/update?id=32',32),(2722,'2020-08-27 14:59:14','BOSS','','Item Updated: \"   \" by user 1',1,'Item','/core/item/update?id=32',32),(2723,'2020-08-28 08:25:05','BOSS','','Item Deleted: \"ctrvyubjmk.;\" by user 1',1,'Item','/core/item/delet?id=51',51),(2724,'2020-08-28 08:25:12','BOSS','','Item Deleted: \"q23w45r6t7y8u9io0-=\" by user 1',1,'Item','/core/item/delet?id=52',52),(2725,'2020-08-28 13:12:34','BOSS','','Item Created: \"qwfegrdhtfjynfbf\" by user 1',1,'Item','/core/item/create?regularity_id=22',58),(2726,'2020-08-28 13:12:45','BOSS','','Item Created: \"qwfetgrhtjgykuhljikhjghfgfsdas\" by user 1',1,'Item','/core/item/create?regularity_id=22',59),(2727,'2020-08-28 13:12:53','BOSS','','Item Updated: \"qwfegrdhtfjynfbf\" by user 1',1,'Item','/core/item/update?id=58',58),(2728,'2020-08-28 13:13:08','BOSS','','Item Created: \"qwdfegrhtjykujthyngdbfvsdc\" by user 1',1,'Item','/core/item/create?regularity_id=22',60),(2729,'2020-08-28 13:13:32','BOSS','','Item Updated: \"qwfetgrhtjgyk\" by user 1',1,'Item','/core/item/update?id=59',59),(2730,'2020-08-28 13:13:41','BOSS','','Item Updated: \"qwdfegrhtjykujthy\" by user 1',1,'Item','/core/item/update?id=60',60),(2731,'2020-08-28 13:14:52','BOSS','',' ',1,'Login','/login/zaglushka',1),(2732,'2020-08-28 13:15:44','HRM','',' : \"-\"  admin',1,'Interview','/hr/form/save',143),(2733,'2020-08-28 13:24:07','HRM','',' : \"-\"  admin',1,'Interview','/hr/state/meeting?id=143',143),(2734,'2020-08-28 13:24:08','HRM','',' : \"-\"  admin',1,'Interview','/hr/state/offer?id=143&_pjax=%23state-pjax',143),(2735,'2020-08-29 21:16:16','BOSS','',' ',1,'Login','/login/zaglushka',1),(2736,'2020-08-30 14:48:21','BOSS','',' ',1,'Login','/login/zaglushka',1),(2737,'2020-08-30 14:50:00','CRM','',' :   admin',1,'Selling','/selling/talk/comment-history',142),(2738,'2020-08-30 14:50:03','CRM','',' :   admin',1,'Selling','/selling/talk/comment-history',142),(2739,'2020-08-30 14:57:59','BOSS','',' ',1,'Login','/login/zaglushka',1),(2740,'2020-08-30 18:47:29','BOSS','',' ',1,'Login','/login/zaglushka',1),(2741,'2020-08-31 08:50:37','BOSS','',' ',1,'Login','/login/zaglushka',1),(2742,'2020-08-31 10:44:48','BOSS','','Item Created: \" \" by user 1',1,'Item','/core/item/create?regularity_id=22&parent_id=26',61),(2743,'2020-08-31 10:45:15','BOSS','','Item Created: \"  \" by user 1',1,'Item','/core/item/create?regularity_id=22&parent_id=26',62),(2744,'2020-08-31 13:03:47','BOSS','',' ',1,'Login','/login/zaglushka',1),(2745,'2020-09-01 08:16:27','BOSS','','Item Created: \"test\" by user 1',1,'Item','/core/item/create?regularity_id=22&parent_id=26',63),(2746,'2020-09-01 08:17:11','BOSS','','Item Created: \"test\" by user 1',1,'Item','/core/item/create?regularity_id=22&parent_id=26',64),(2747,'2020-09-01 08:17:20','BOSS','','Item Created: \"test212\" by user 1',1,'Item','/core/item/create?regularity_id=22&parent_id=26',65),(2748,'2020-09-01 08:41:35','BOSS','','Regularity Updated: \"\" by user 1',1,'Regularity','/core/regularity/update?id=30',30),(2749,'2020-09-01 08:41:48','BOSS','','Regularity Updated: \"\" by user 1',1,'Regularity','/core/regularity/update?id=15',15),(2750,'2020-09-01 08:42:11','BOSS','','Item Updated: \"\" by user 1',1,'Item','/core/item/update?id=37',37),(2751,'2020-09-01 09:23:13','BOSS','',' ',1,'Login','/login/zaglushka',1),(2752,'2020-09-01 13:35:26','BOSS','',' ',1,'Login','/login/zaglushka',1),(2753,'2020-09-01 13:35:58','BOSS','',' : \"23q4ws5d5f6ghujiko\"  admin',1,'Item','/core/item/delet?id=53',53),(2754,'2020-09-01 13:36:05','BOSS','',' : \"s4e5rduygihjmklnm\"  admin',1,'Item','/core/item/delet?id=54',54),(2755,'2020-09-01 13:36:10','BOSS','',' : \"qwfegrdhtfjynfbf\"  admin',1,'Item','/core/item/delet?id=58',58),(2756,'2020-09-01 13:36:20','BOSS','',' : \"qwdfegrhtjykujthy\"  admin',1,'Item','/core/item/delet?id=60',60),(2757,'2020-09-01 13:36:30','BOSS','',' : \"qwfetgrhtjgyk\"  admin',1,'Item','/core/item/delet?id=59',59),(2758,'2020-09-01 13:36:46','BOSS','',' : \"test212\"  admin',1,'Item','/core/item/delet?id=65',65),(2759,'2020-09-01 15:13:11','BOSS','',' ',1,'Login','/login/zaglushka',1),(2760,'2020-09-01 15:23:44','BOSS','',' ',1,'Login','/login/zaglushka',1),(2761,'2020-09-02 02:43:06','BOSS','',' ',1,'Login','/login/zaglushka',1),(2762,'2020-09-02 09:09:05','BOSS','',' ',1,'Login','/login/zaglushka',1),(2763,'2020-09-02 13:22:42','BOSS','',' ',1,'Login','/login/zaglushka',1),(2764,'2020-09-04 00:03:08','BOSS','',' ',1,'Login','/login/zaglushka',1),(2765,'2020-09-04 13:32:00','BOSS','',' ',1,'Login','/login/zaglushka',1),(2766,'2020-09-04 15:08:46','BOSS','',' ',1,'Login','/login/zaglushka',1),(2767,'2020-09-04 15:14:48','BOSS','',' ',1,'Login','/login/zaglushka',1),(2768,'2020-09-04 15:42:37','BOSS','',' ',1,'Login','/login/zaglushka',1),(2769,'2020-09-06 12:56:02','BOSS','',' ',1,'Login','/login/zaglushka',1),(2770,'2020-09-06 14:15:58','BOSS','',' ',1,'Login','/login/zaglushka',1),(2771,'2020-09-07 07:45:29','BOSS','',' ',1,'Login','/login/zaglushka',1),(2772,'2020-09-07 11:17:57','BOSS','',' ',1,'Login','/login/zaglushka',1),(2773,'2020-09-07 11:30:01','HRM','',' : \" \"  admin',1,'Project','/project/project/change-state?id=3&state=2&ProjectSearch[state]=&_pjax=%23p0',3),(2774,'2020-09-07 11:30:03','HRM','',' : \" \"  admin',1,'Project','/project/project/change-state?id=3&state=2&ProjectSearch[state]=',3),(2775,'2020-09-07 12:57:52','BOSS','',' ',1,'Login','/login/zaglushka',1),(2776,'2020-09-07 13:22:19','BOSS','',' ',1,'Login','/login/zaglushka',1),(2777,'2020-09-10 12:17:47','BOSS','',' ',1,'Login','/login/zaglushka',1),(2778,'2020-09-10 20:36:54','BOSS','',' ',1,'Login','/login/zaglushka',1),(2779,'2020-09-11 11:53:46','BOSS','',' ',1,'Login','/login/zaglushka',1),(2780,'2020-09-11 15:53:48','BOSS','',' ',1,'Login','/login/zaglushka',1),(2781,'2020-09-14 15:01:25','BOSS','',' ',1,'Login','/login/zaglushka',1),(2782,'2020-09-16 10:14:28','BOSS','',' ',1,'Login','/login/zaglushka',1),(2783,'2020-09-16 10:26:03','CRM','','  ',1,'Selling','/selling/form/test?id=166&state_id=6',166),(2784,'2020-09-16 10:26:03','CRM','',' :   admin',1,'Selling','/selling/form/test?id=166&state_id=6',166),(2785,'2020-09-16 10:28:28','CRM','','  ',1,'Selling','/selling/form/test?id=167&state_id=6',167),(2786,'2020-09-16 10:28:29','CRM','',' :   admin',1,'Selling','/selling/form/test?id=167&state_id=6',167),(2787,'2020-09-16 10:29:02','CRM','',' :   admin',1,'Selling','/selling/form/test?id=167&state_id=6',167),(2788,'2020-09-16 10:29:33','CRM','',' :   admin',1,'Selling','/selling/form/test?id=167&state_id=6',167),(2789,'2020-09-16 10:30:08','CRM','',' :   admin',1,'Selling','/selling/form/test?id=167&state_id=6',167),(2790,'2020-09-16 10:33:14','CRM','',' :   admin',1,'Selling','/selling/form/test?id=167&state_id=6',167),(2791,'2020-09-16 10:33:52','CRM','',' :   admin',1,'Selling','/selling/form/test?id=167&state_id=6',167),(2792,'2020-09-16 10:34:15','CRM','',' :   admin',1,'Selling','/selling/form/test?id=167&state_id=6',167),(2793,'2020-09-16 10:34:22','CRM','',' :   admin',1,'Selling','/selling/form/test?id=167&state_id=6',167),(2794,'2020-09-16 10:35:34','CRM','','  ',1,'Selling','/selling/form/test?id=168&state_id=6',168),(2795,'2020-09-16 10:35:34','CRM','',' :   admin',1,'Selling','/selling/form/test?id=168&state_id=6',168),(2796,'2020-09-16 10:36:10','CRM','',' :   admin',1,'Selling','/selling/form/test?id=168&state_id=6',168),(2797,'2020-09-16 10:36:40','CRM','',' :   admin',1,'Selling','/selling/form/test?id=168&state_id=6',168),(2798,'2020-09-16 10:37:11','CRM','',' :   admin',1,'Selling','/selling/form/test?id=168&state_id=6',168),(2799,'2020-09-16 10:38:28','CRM','',' :   admin',1,'Selling','/selling/form/test?id=168&state_id=6',168),(2800,'2020-09-16 10:40:16','CRM','',' :   admin',1,'Selling','/selling/form/test?id=168&state_id=6',168),(2801,'2020-09-16 10:41:15','CRM','','  ',1,'Selling','/selling/form/test?id=169&state_id=6',169),(2802,'2020-09-16 10:41:15','CRM','',' :   admin',1,'Selling','/selling/form/test?id=169&state_id=6',169),(2803,'2020-09-16 10:41:34','CRM','','  ',1,'Selling','/selling/form/test?id=170&state_id=6',170),(2804,'2020-09-16 10:41:34','CRM','',' :   admin',1,'Selling','/selling/form/test?id=170&state_id=6',170),(2805,'2020-09-16 10:42:17','CRM','',' :   admin',1,'Selling','/selling/form/test?id=170&state_id=6',170),(2806,'2020-09-16 10:43:45','CRM','','  ',1,'Selling','/selling/form/test?id=172&state_id=6',172),(2807,'2020-09-16 10:43:45','CRM','',' :   admin',1,'Selling','/selling/form/test?id=172&state_id=6',172),(2808,'2020-09-16 10:44:26','CRM','',' :   admin',1,'Selling','/selling/form/save',405),(2809,'2020-09-16 10:44:26','CRM','',' : \"405\"  admin',1,'Selling','/selling/form/save',405),(2810,'2020-09-16 10:45:04','CRM','','  ',1,'Selling','/selling/form/test?id=405&state_id=5',405),(2811,'2020-09-16 10:45:04','CRM','',' : \"405\"  admin',1,'Selling','/selling/form/test?id=405&state_id=5',405),(2812,'2020-09-16 10:45:11','CRM','',' : \"405\"  admin',1,'Selling','/selling/form/test?id=405&state_id=5',405),(2813,'2020-09-16 10:46:59','CRM','','  ',1,'Selling','/selling/form/test?id=405&state_id=6',405),(2814,'2020-09-16 10:46:59','CRM','',' : \"405\"  admin',1,'Selling','/selling/form/test?id=405&state_id=6',405),(2815,'2020-09-16 10:48:18','CRM','',' : \"405\"  admin',1,'Selling','/selling/form/test?id=405&state_id=6',405),(2816,'2020-09-16 10:48:36','CRM','','  ',1,'Selling','/selling/form/test?id=405&state_id=5',405),(2817,'2020-09-16 10:48:36','CRM','',' : \"405\"  admin',1,'Selling','/selling/form/test?id=405&state_id=5',405),(2818,'2020-09-16 10:48:44','CRM','','  ',1,'Selling','/selling/form/test?id=405&state_id=6',405),(2819,'2020-09-16 10:48:44','CRM','',' : \"405\"  admin',1,'Selling','/selling/form/test?id=405&state_id=6',405),(2820,'2020-09-16 10:48:54','CRM','','  ',1,'Selling','/selling/form/test?id=405&state_id=5',405),(2821,'2020-09-16 10:48:54','CRM','',' : \"405\"  admin',1,'Selling','/selling/form/test?id=405&state_id=5',405),(2822,'2020-09-16 10:49:10','CRM','',' : \"405\"  admin',1,'Selling','/selling/form/test?id=405&state_id=5',405),(2823,'2020-09-16 10:50:47','CRM','',' : \"405\"  admin',1,'Selling','/selling/form/test?id=405&state_id=5',405),(2824,'2020-09-16 10:51:01','CRM','','  ',1,'Selling','/selling/form/test?id=405&state_id=6',405),(2825,'2020-09-16 10:51:01','CRM','',' : \"405\"  admin',1,'Selling','/selling/form/test?id=405&state_id=6',405),(2826,'2020-09-16 10:51:21','CRM','',' : \"405\"  admin',1,'Selling','/selling/form/test?id=405&state_id=6',405),(2827,'2020-09-16 10:51:34','CRM','',' : \"405\"  admin',1,'Selling','/selling/form/test?id=405&state_id=6',405),(2828,'2020-09-16 10:51:55','CRM','','  ',1,'Selling','/selling/form/test?id=405&state_id=5',405),(2829,'2020-09-16 10:51:55','CRM','',' : \"405\"  admin',1,'Selling','/selling/form/test?id=405&state_id=5',405),(2830,'2020-09-16 10:51:59','CRM','','  ',1,'Selling','/selling/form/test?id=405&state_id=6',405),(2831,'2020-09-16 10:51:59','CRM','',' : \"405\"  admin',1,'Selling','/selling/form/test?id=405&state_id=6',405),(2832,'2020-09-16 10:52:18','CRM','',' : \"405\"  admin',1,'Selling','/selling/form/test?id=405&state_id=6',405),(2833,'2020-09-16 10:52:37','CRM','',' : \"405\"  admin',1,'Selling','/selling/form/test?id=405&state_id=6',405),(2834,'2020-09-16 10:53:03','CRM','',' : \"405\"  admin',1,'Selling','/selling/form/test?id=405&state_id=6',405),(2835,'2020-09-16 10:53:16','CRM','',' : \"405\"  admin',1,'Selling','/selling/form/test?id=405&state_id=6',405),(2836,'2020-09-16 10:54:26','CRM','',' : \"405\"  admin',1,'Selling','/selling/form/test?id=405&state_id=6',405),(2837,'2020-09-16 10:54:45','CRM','',' : \"405\"  admin',1,'Selling','/selling/form/test?id=405&state_id=6',405),(2838,'2020-09-16 10:55:34','CRM','',' : \"405\"  admin',1,'Selling','/selling/form/test?id=405&state_id=6',405),(2839,'2020-09-16 10:55:41','CRM','',' : \"405\"  admin',1,'Selling','/selling/form/test?id=405&state_id=6',405),(2840,'2020-09-16 10:55:51','CRM','',' : \"405\"  admin',1,'Selling','/selling/form/test?id=405&state_id=6',405),(2841,'2020-09-16 10:56:07','CRM','','  ',1,'Selling','/selling/form/test?id=405&state_id=5',405),(2842,'2020-09-16 10:56:07','CRM','',' : \"405\"  admin',1,'Selling','/selling/form/test?id=405&state_id=5',405),(2843,'2020-09-16 10:56:27','CRM','','  ',1,'Selling','/selling/form/test?id=405&state_id=7',405),(2844,'2020-09-16 10:56:27','CRM','',' : \"405\"  admin',1,'Selling','/selling/form/test?id=405&state_id=7',405),(2845,'2020-09-16 10:57:45','CRM','',' : \"405\"  admin',1,'Selling','/selling/form/test?id=405&state_id=6',405),(2846,'2020-09-16 10:57:45','CRM','','  ',1,'Selling','/selling/form/test?id=405&state_id=6',405),(2847,'2020-09-16 10:57:45','CRM','',' : \"405\"  admin',1,'Selling','/selling/form/test?id=405&state_id=6',405),(2848,'2020-09-16 13:16:34','CRM','',' : \"405\"  admin',1,'Selling','/selling/form/test?id=405&state_id=6',405),(2849,'2020-09-16 13:16:34','CRM','',' : \"405\"  admin',1,'Selling','/selling/form/test?id=405&state_id=6',405),(2850,'2020-09-16 13:18:50','CRM','','  ',1,'Selling','/selling/form/test?id=405&state_id=7',405),(2851,'2020-09-16 13:18:50','CRM','',' : \"405\"  admin',1,'Selling','/selling/form/test?id=405&state_id=7',405),(2852,'2020-09-16 13:18:53','CRM','',' : \"405\"  admin',1,'Selling','/selling/form/test?id=405&state_id=6',405),(2853,'2020-09-16 13:18:54','CRM','','  ',1,'Selling','/selling/form/test?id=405&state_id=6',405),(2854,'2020-09-16 13:18:54','CRM','',' : \"405\"  admin',1,'Selling','/selling/form/test?id=405&state_id=6',405),(2855,'2020-09-16 13:18:56','CRM','','  ',1,'Selling','/selling/form/test?id=405&state_id=5',405),(2856,'2020-09-16 13:18:56','CRM','',' : \"405\"  admin',1,'Selling','/selling/form/test?id=405&state_id=5',405),(2857,'2020-09-16 13:19:01','CRM','',' : \"405\"  admin',1,'Selling','/selling/form/test?id=405&state_id=6',405),(2858,'2020-09-16 13:19:02','CRM','','  ',1,'Selling','/selling/form/test?id=405&state_id=6',405),(2859,'2020-09-16 13:19:02','CRM','',' : \"405\"  admin',1,'Selling','/selling/form/test?id=405&state_id=6',405),(2860,'2020-09-16 13:19:36','CRM','',' :   admin',1,'Selling','/selling/form/save',406),(2861,'2020-09-16 13:19:36','CRM','',' : \"406\"  admin',1,'Selling','/selling/form/save',406),(2862,'2020-09-16 13:19:41','CRM','',' : \"406\"  admin',1,'Selling','/selling/form/test?id=406&state_id=6',406),(2863,'2020-09-16 13:19:41','CRM','','  ',1,'Selling','/selling/form/test?id=406&state_id=6',406),(2864,'2020-09-16 13:19:42','CRM','',' : \"406\"  admin',1,'Selling','/selling/form/test?id=406&state_id=6',406),(2865,'2020-09-16 13:50:56','CRM','','  ',1,'Selling','/selling/form/test?id=173&state_id=6',173),(2866,'2020-09-16 13:50:56','CRM','',' :   admin',1,'Selling','/selling/form/test?id=173&state_id=6',173),(2867,'2020-09-16 13:51:37','CRM','','  ',1,'Selling','/selling/form/test?id=174&state_id=6',174),(2868,'2020-09-16 13:51:37','CRM','',' :   admin',1,'Selling','/selling/form/test?id=174&state_id=6',174),(2869,'2020-09-16 13:51:54','CRM','',' :   admin',1,'Selling','/selling/form/test?id=174&state_id=6',174),(2870,'2020-09-16 13:53:29','CRM','',' :   admin',1,'Selling','/selling/form/test?id=174&state_id=6',174),(2871,'2020-09-16 13:53:38','CRM','',' :   admin',1,'Selling','/selling/form/test?id=174&state_id=6',174),(2872,'2020-09-16 13:53:54','CRM','','  ',1,'Selling','/selling/form/test?id=175&state_id=6',175),(2873,'2020-09-16 13:53:54','CRM','',' :   admin',1,'Selling','/selling/form/test?id=175&state_id=6',175),(2874,'2020-09-16 14:01:37','CRM','','  ',1,'Selling','/selling/form/test?id=176&state_id=6',176),(2875,'2020-09-16 14:01:37','CRM','',' :   admin',1,'Selling','/selling/form/test?id=176&state_id=6',176),(2876,'2020-09-16 14:01:42','CRM','','  ',1,'Selling','/selling/form/save?id=176',176),(2877,'2020-09-16 14:01:42','CRM','',' :   admin',1,'Selling','/selling/form/save?id=176',176),(2878,'2020-09-16 14:01:42','CRM','',' : \"176\"  admin',1,'Selling','/selling/form/save?id=176',176),(2879,'2020-09-16 14:01:43','CRM','','  ',1,'Selling','/selling/form/test?id=176&state_id=6&_pjax=%23selling-nomenclature-pjax',176),(2880,'2020-09-16 14:01:43','CRM','',' : \"176\"  admin',1,'Selling','/selling/form/test?id=176&state_id=6&_pjax=%23selling-nomenclature-pjax',176),(2881,'2020-09-16 14:01:45','CRM','',' : \"176\"  admin',1,'Selling','/selling/form/test?id=176&state_id=6',176),(2882,'2020-09-16 14:04:41','CRM','',' :   admin',1,'Selling','/selling/form/test?id=177&state_id=6',177),(2883,'2020-09-16 14:04:41','CRM','','  ',1,'Selling','/selling/form/test?id=177&state_id=6',177),(2884,'2020-09-16 14:04:41','CRM','',' :   admin',1,'Selling','/selling/form/test?id=177&state_id=6',177),(2885,'2020-09-16 14:07:52','CRM','',' :   admin',1,'Selling','/selling/form/test?id=362&state_id=6',362),(2886,'2020-09-16 14:07:52','CRM','','  ',1,'Selling','/selling/form/test?id=362&state_id=6',362),(2887,'2020-09-16 14:07:52','CRM','',' :   admin',1,'Selling','/selling/form/test?id=362&state_id=6',362),(2888,'2020-09-16 14:18:30','CRM','',' : \"176\"  admin',1,'Selling','/selling/form/test?id=176&state_id=6',176),(2889,'2020-09-16 14:18:30','CRM','',' : \"176\"  admin',1,'Selling','/selling/form/test?id=176&state_id=6',176),(2890,'2020-09-16 14:18:47','CRM','','  ',1,'Selling','/selling/form/save?id=176',176),(2891,'2020-09-16 14:18:47','CRM','',' : \"176\"  admin',1,'Selling','/selling/form/save?id=176',176),(2892,'2020-09-16 14:18:47','CRM','',' : \"176176\"  admin',1,'Selling','/selling/form/save?id=176',176),(2893,'2020-09-16 14:18:48','CRM','',' : \"176176\"  admin',1,'Selling','/selling/form/test?id=176&state_id=6&_pjax=%23selling-nomenclature-pjax',176),(2894,'2020-09-16 14:18:48','CRM','','  ',1,'Selling','/selling/form/test?id=176&state_id=6&_pjax=%23selling-nomenclature-pjax',176),(2895,'2020-09-16 14:18:48','CRM','',' : \"176176\"  admin',1,'Selling','/selling/form/test?id=176&state_id=6&_pjax=%23selling-nomenclature-pjax',176),(2896,'2020-09-16 14:18:49','CRM','',' : \"176176\"  admin',1,'Selling','/selling/form/test?id=176&state_id=6',176),(2897,'2020-09-16 14:18:49','CRM','',' : \"176176\"  admin',1,'Selling','/selling/form/test?id=176&state_id=6',176),(2898,'2020-09-16 14:19:11','CRM','',' :   admin',1,'Selling','/selling/form/test?id=178&state_id=6',178),(2899,'2020-09-16 14:19:11','CRM','','  ',1,'Selling','/selling/form/test?id=178&state_id=6',178),(2900,'2020-09-16 14:19:11','CRM','',' :   admin',1,'Selling','/selling/form/test?id=178&state_id=6',178),(2901,'2020-09-16 14:25:49','CRM','',' : \"176176\"  admin',1,'Selling','/selling/form/test?id=176&state_id=6',176),(2902,'2020-09-16 14:25:49','CRM','',' : \"176176\"  admin',1,'Selling','/selling/form/test?id=176&state_id=6',176),(2903,'2020-09-16 14:27:49','CRM','',' : \"176176\"  admin',1,'Selling','/selling/form/test?id=176&state_id=6',176),(2904,'2020-09-16 14:42:58','CRM','','  ',1,'Selling','/selling/form/test?id=404&state_id=6',404),(2905,'2020-09-16 14:42:58','CRM','',' : \"404\"  admin',1,'Selling','/selling/form/test?id=404&state_id=6',404),(2906,'2020-09-16 14:53:23','CRM','','  ',1,'Selling','/selling/form/test?id=179&state_id=6',179),(2907,'2020-09-16 14:53:23','CRM','',' :   admin',1,'Selling','/selling/form/test?id=179&state_id=6',179),(2908,'2020-09-16 14:55:16','CRM','','  ',1,'Selling','/selling/form/test?id=400&state_id=6',400),(2909,'2020-09-16 14:55:16','CRM','',' : \"400\"  admin',1,'Selling','/selling/form/test?id=400&state_id=6',400),(2910,'2020-09-16 14:55:54','CRM','','  ',1,'Selling','/selling/form/test?id=403&state_id=6',403),(2911,'2020-09-16 14:55:54','CRM','',' : \"403403\"  admin',1,'Selling','/selling/form/test?id=403&state_id=6',403),(2912,'2020-09-16 14:58:25','CRM','','  ',1,'Selling','/selling/form/test?id=376&state_id=6',376),(2913,'2020-09-16 14:58:25','CRM','',' : \"376\"  admin',1,'Selling','/selling/form/test?id=376&state_id=6',376),(2914,'2020-09-16 15:08:36','CRM','','  ',1,'Selling','/selling/form/test?id=359&state_id=6',359),(2915,'2020-09-16 15:08:36','CRM','',' :   admin',1,'Selling','/selling/form/test?id=359&state_id=6',359),(2916,'2020-09-16 15:09:44','CRM','','  ',1,'Selling','/selling/form/test?id=181&state_id=6',181),(2917,'2020-09-16 15:09:44','CRM','',' :   admin',1,'Selling','/selling/form/test?id=181&state_id=6',181),(2918,'2020-09-17 11:12:04','BOSS','','Item Created: \"wfsegdfhtgjhkjlk.l/\" by user 1',1,'Item','/core/item/create?regularity_id=15',65),(2919,'2020-09-17 11:12:13','BOSS','','Item Created: \"wfsegdfhtgjhkjlk.l/12312312\" by user 1',1,'Item','/core/item/create?regularity_id=15',66),(2920,'2020-09-17 11:12:22','BOSS','','Item Created: \"wfseg12312312\" by user 1',1,'Item','/core/item/create?regularity_id=15',67),(2921,'2020-09-17 12:58:00','BOSS','',' ',1,'Login','/login/zaglushka',1),(2922,'2020-09-18 11:49:58','BOSS','','Item Updated: \"tdwajgsekmdklnaskl\" by user 1',1,'Item','/core/item/update?id=37',37),(2923,'2020-09-20 08:04:08','BOSS','',' : \"\"  admin',1,'Regularity','/core/regularity/update?id=15',15),(2924,'2020-09-21 13:15:32','BOSS','',' ',1,'Login','/login/zaglushka',1),(2925,'2020-09-21 14:33:47','CRM','','  ',1,'Selling','/selling/form/test?id=376&state_id=7',376),(2926,'2020-09-21 14:33:47','CRM','',' : \"376\"  admin',1,'Selling','/selling/form/test?id=376&state_id=7',376),(2927,'2020-09-22 08:09:22','BOSS','',' ',1,'Login','/login/zaglushka',1),(2928,'2020-09-22 08:43:28','BOSS','',' : \"  \"  admin',1,'Regularity','/core/regularity/update?id=23',23),(2929,'2020-09-22 09:02:56','BOSS','',' : \" \"  admin',1,'Regularity','/core/regularity/update?id=14',14),(2930,'2020-09-22 09:04:42','BOSS','',' : \"\"  admin',1,'Regularity','/core/regularity/update?id=15',15),(2931,'2020-09-22 09:05:22','BOSS','',' : \"\"  admin',1,'Regularity','/core/regularity/update?id=30',30),(2932,'2020-09-22 09:08:36','BOSS','',' : \"\"  admin',1,'Regularity','/core/regularity/update?id=15',15),(2933,'2020-09-22 09:10:13','BOSS','',' : \" \"  admin',1,'Item','/core/item/update?id=26',26),(2934,'2020-09-22 09:13:23','BOSS','',' : \"\"  admin',1,'Item','/core/item/update?id=27',27),(2935,'2020-09-22 09:14:14','BOSS','',' : \"  \"  admin',1,'Item','/core/item/delet?id=48',48),(2936,'2020-09-22 09:18:17','BOSS','',' : \"tdwajgsekmdklnaskl\"  admin',1,'Item','/core/item/update?id=37',37),(2937,'2020-09-22 09:19:57','BOSS','',' : \"wfsegdfhtgjhkjlk.l/\"  admin',1,'Item','/core/item/update?id=65',65),(2938,'2020-09-22 09:20:34','BOSS','',' : \"wfsegdfhtgjhkjlk.l/12312312\"  admin',1,'Item','/core/item/update?id=66',66),(2939,'2020-09-22 09:21:22','BOSS','',' : \"wfseg12312312\"  admin',1,'Item','/core/item/update?id=67',67),(2940,'2020-09-22 09:28:16','BOSS','',' ',1,'Login','/login/zaglushka',1),(2941,'2020-09-22 09:43:31','BOSS','',' : \"    \"  admin',1,'Item','/core/item/update?id=47',47),(2942,'2020-09-22 09:49:15','BOSS','',' : \"    \"  admin',1,'Item','/core/item/update?id=47',47),(2943,'2020-09-22 09:53:13','BOSS','',' : \" \"  admin',1,'Item','/core/item/create?regularity_id=30',68),(2944,'2020-09-22 09:55:35','BOSS','',' : \"    \"  admin',1,'Item','/core/item/update?id=47',47),(2945,'2020-09-22 09:59:06','BOSS','',' ',1,'Login','/login/zaglushka',1),(2946,'2020-09-22 10:05:30','BOSS','',' : \"tdwajgsekmdklnaskl\"  admin',1,'Item','/core/item/update?id=37',37),(2947,'2020-09-22 10:06:15','BOSS','',' : \"    \"  admin',1,'Item','/core/item/update?id=47',47),(2948,'2020-09-22 10:13:57','BOSS','',' : \"wfseg12312312\"  admin',1,'Item','/core/item/update?id=67',67),(2949,'2020-09-22 10:16:51','BOSS','',' : \"tdwajgsekmdklnaskl\"  admin',1,'Item','/core/item/update?id=37',37),(2950,'2020-09-22 10:18:37','BOSS','',' : \"tdwajgsekmdklnaskl\"  admin',1,'Item','/core/item/update?id=37',37),(2951,'2020-09-23 11:46:43','BOSS','',' ',1,'Login','/login/zaglushka',1),(2952,'2020-09-23 18:46:25','BOSS','',' ',1,'Login','/login/zaglushka',1),(2953,'2020-09-23 18:48:08','HRM','',' : \"-\"  admin',1,'Interview','/hr/form/save',144),(2954,'2020-09-23 18:48:19','HRM','',' : \"-\"  admin',1,'Interview','/hr/form/save?id=144',144),(2955,'2020-09-23 18:48:24','HRM','',' : \"-\"  admin',1,'Interview','/hr/form/save?id=144',144),(2956,'2020-09-23 18:48:36','HRM','',' : \"-\"  admin',1,'Interview','/hr/form/save?id=144',144),(2957,'2020-09-23 18:48:37','HRM','',' : \"-\"  admin',1,'Interview','/hr/form/save?id=144',144),(2958,'2020-09-23 18:48:38','HRM','',' : \"-\"  admin',1,'Interview','/hr/form/save?id=144',144),(2959,'2020-09-23 18:48:39','HRM','',' : \"-\"  admin',1,'Interview','/hr/form/save?id=144',144),(2960,'2020-09-23 18:49:26','HRM','',' : \" \"  admin',1,'Project','/project/project/change-state?id=6&state=1&ProjectSearch[state]=&_pjax=%23p0',6),(2961,'2020-09-23 18:49:28','HRM','',' : \" \"  admin',1,'Project','/project/project/change-state?id=8&state=1&ProjectSearch[state]=&_pjax=%23p0',8),(2962,'2020-09-23 18:50:15','HRM','',' : \"Yoyoidlkdm\"  admin',1,'Project','/project/project/change-state?id=80&state=2&ProjectSearch[state]=',80),(2963,'2020-09-23 18:50:26','HRM','',' : \" -\"  admin',1,'Project','/project/project/change-state?id=78&state=2&ProjectSearch[state]=',78),(2964,'2020-09-24 06:21:09','BOSS','',' ',1,'Login','/login/zaglushka',1),(2965,'2020-09-24 10:25:13','BOSS','',' ',1,'Login','/login/zaglushka',1),(2966,'2020-09-24 10:49:51','CRM','',' :   admin',1,'Selling','/selling/form/save',407),(2967,'2020-09-24 10:49:51','CRM','',' : \"407\"  admin',1,'Selling','/selling/form/save',407),(2968,'2020-09-24 10:50:49','CRM','','  ',1,'Selling','/selling/form/test?id=407&state_id=5',407),(2969,'2020-09-24 10:50:50','CRM','',' : \"407\"  admin',1,'Selling','/selling/form/test?id=407&state_id=5',407),(2970,'2020-09-24 12:28:27','BOSS','',' ',1,'Login','/login/zaglushka',1),(2971,'2020-09-25 08:01:52','BOSS','',' ',1,'Login','/login/zaglushka',1),(2972,'2020-09-25 11:18:08','BOSS','',' ',1,'Login','/login/zaglushka',1),(2973,'2020-09-25 11:18:30','HRM','',' : \"-\"  admin',1,'Interview','/hr/form/save',145),(2974,'2020-09-26 09:47:46','BOSS','',' ',1,'Login','/login/zaglushka',1),(2975,'2020-09-28 09:52:31','CRM','',' : \"405\"  admin',1,'Selling','/selling/form/test?id=405&state_id=6',405),(2976,'2020-09-28 19:16:08','BOSS','',' ',1,'Login','/login/zaglushka',1),(2977,'2020-09-29 19:07:02','BOSS','',' ',1,'Login','/login/zaglushka',1),(2978,'2020-09-29 19:07:28','BOSS','',' ',1,'Login','/login/zaglushka',1),(2979,'2020-09-29 19:07:32','BOSS','',' ',1,'Login','/login/zaglushka',1),(2980,'2020-09-30 06:43:19','BOSS','',' ',1,'Login','/login/zaglushka',1),(2981,'2020-10-01 10:24:11','BOSS','',' ',1,'Login','/login/zaglushka',1),(2982,'2020-10-02 07:17:02','BOSS','',' ',1,'Login','/login/zaglushka',1),(2983,'2020-10-02 12:34:46','BOSS','',' ',1,'Login','/login/zaglushka',1),(2984,'2020-10-03 06:17:27','BOSS','',' ',1,'Login','/login/zaglushka',1),(2985,'2020-10-03 11:41:33','BOSS','',' ',1,'Login','/login/zaglushka',1),(2986,'2020-10-03 16:00:38','BOSS','',' ',1,'Login','/login/zaglushka',1),(2987,'2020-10-03 19:27:29','BOSS','',' ',1,'Login','/login/zaglushka',1),(2988,'2020-10-04 04:43:57','BOSS','',' ',1,'Login','/login/zaglushka',1),(2989,'2020-10-05 08:53:45','BOSS','',' ',1,'Login','/login/zaglushka',1),(2990,'2020-10-05 09:20:39','BOSS','',' ',1,'Login','/login/zaglushka',1),(2991,'2020-10-06 09:43:15','CRM','',' :   admin',1,'Selling','/selling/talk/save-dialog',142),(2992,'2020-10-06 09:43:16','CRM','',' : \" \"  admin',1,'Customer','/selling/talk/end-talk?sellingId=142',27),(2993,'2020-10-06 09:43:16','CRM','',' :   admin',1,'Selling','/selling/talk/save-dialog',142),(2994,'2020-10-06 09:43:18','CRM','',' :   admin',1,'Selling','/selling/talk/save-dialog',142),(2995,'2020-10-06 09:43:19','CRM','',' :   admin',1,'Selling','/selling/talk/save-dialog',142),(2996,'2020-10-06 09:43:20','CRM','',' :   admin',1,'Selling','/selling/talk/save-dialog',142),(2997,'2020-10-06 09:43:22','CRM','',' :   admin',1,'Selling','/selling/talk/save-dialog',142),(2998,'2020-10-06 09:43:23','CRM','',' :   admin',1,'Selling','/selling/talk/save-dialog',142),(2999,'2020-10-06 09:43:24','CRM','',' :   admin',1,'Selling','/selling/talk/save-dialog',142),(3000,'2020-10-06 09:43:25','CRM','',' :   admin',1,'Selling','/selling/talk/save-dialog',142),(3001,'2020-10-06 09:43:43','CRM','',' :   admin',1,'Selling','/selling/talk/save-dialog',142),(3002,'2020-10-06 09:43:44','CRM','',' : \" \"  admin',1,'Customer','/selling/talk/end-talk?sellingId=142',27),(3003,'2020-10-06 09:44:26','CRM','',' :   admin',1,'Selling','/selling/talk/save-dialog',142),(3004,'2020-10-06 09:44:28','CRM','',' : \" \"  admin',1,'Customer','/selling/talk/end-talk?sellingId=142',27),(3005,'2020-10-06 09:47:13','CRM','',' :   admin',1,'Selling','/selling/talk/save-dialog',142),(3006,'2020-10-06 10:01:21','BOSS','',' ',1,'Login','/login/zaglushka',1),(3007,'2020-10-06 10:03:42','ERP','',' : \"   06.10.2020 13:03:42\"  admin',1,'Purchase','/purchase/main/create-by-warehouse',23),(3008,'2020-10-06 11:04:44','BOSS','',' ',1,'Login','/login/zaglushka',1),(3009,'2020-10-06 11:08:17','BOSS','',' ',1,'Login','/login/zaglushka',1),(3010,'2020-10-07 02:47:55','BOSS','',' ',1,'Login','/login/zaglushka',1),(3011,'2020-10-07 07:43:25','BOSS','',' ',1,'Login','/login/zaglushka',1),(3012,'2020-10-07 08:30:25','BOSS','',' : \"test\"  admin',1,'Event','/event/event/create?date_from=2020-10-06',14),(3013,'2020-10-07 08:30:27','BOSS','',' : \"test\"  admin',1,'Event','/event/event/create?date_from=2020-10-06',15),(3014,'2020-10-07 08:30:28','BOSS','',' : \"test\"  admin',1,'Event','/event/event/create?date_from=2020-10-06',16),(3015,'2020-10-07 08:30:32','BOSS','',' : \"test\"  admin',1,'Event','/event/event/create?date_from=2020-10-06',17),(3016,'2020-10-07 08:30:33','BOSS','',' : \"test\"  admin',1,'Event','/event/event/create?date_from=2020-10-06',18),(3017,'2020-10-07 08:31:20','BOSS','',' : \"test\"  admin',1,'Event','/event/event/create?date_from=2020-10-10',19),(3018,'2020-10-07 08:31:25','BOSS','',' : \"test\"  admin',1,'Event','/event/event/create?date_from=2020-10-10',20),(3019,'2020-10-07 08:31:27','BOSS','',' : \"test\"  admin',1,'Event','/event/event/create?date_from=2020-10-10',21),(3020,'2020-10-07 08:31:27','BOSS','',' : \"test\"  admin',1,'Event','/event/event/create?date_from=2020-10-10',22),(3021,'2020-10-07 08:32:02','BOSS','',' : \"test2\"  admin',1,'Event','/event/event/create?date_from=2020-10-07',23),(3022,'2020-10-07 08:32:06','BOSS','',' : \"test2\"  admin',1,'Event','/event/event/create?date_from=2020-10-07',24),(3023,'2020-10-07 08:37:17','BOSS','',' : \"test\"  admin',1,'Event','/event/event/create?date_from=2020-10-10',25),(3024,'2020-10-07 08:44:29','BOSS','',' : \"fwerfwf\"  admin',1,'Event','/event/event/create?date_from=2020-10-08',26),(3025,'2020-10-07 08:47:39','BOSS','',' : \"cwref\"  admin',1,'Event','/event/event/create?date_from=2020-10-08',27),(3026,'2020-10-07 09:26:43','BOSS','',' : \"fwerfwf\"  admin',1,'Event','/event/event/create?date_from=2020-10-16',27),(3027,'2020-10-07 09:27:00','BOSS','',' : \"fwerfwf\"  admin',1,'Event','/event/event/create?date_from=2020-10-16',28),(3028,'2020-10-07 09:35:06','BOSS','',' : \"fwerfwf\"  admin',1,'Event','/event/event/create?date_from=2020-10-15',27),(3029,'2020-10-07 09:37:12','BOSS','',' : \"fwerfwf\"  admin',1,'Event','/event/event/create?date_from=2020-10-09',28),(3030,'2020-10-07 12:49:04','BOSS','',' : \"fwerfwf\"  admin',1,'Event','/event/event/create?date_from=2020-10-09',29),(3031,'2020-10-07 12:49:53','BOSS','',' : \"fwerfwf\"  admin',1,'Event','/event/event/create?date_from=2020-10-09',30),(3032,'2020-10-07 13:22:15','BOSS','',' : \" \"  admin',1,'Item','/core/item/update?id=25',25),(3033,'2020-10-07 13:23:00','BOSS','',' : \" \"  admin',1,'Regularity','/core/regularity/update?id=24',24),(3034,'2020-10-07 13:38:54','BOSS','',' : \"tdwajgsekmdklnaskl\"  admin',1,'Item','/core/item/delet?id=37',37),(3035,'2020-10-07 13:39:03','BOSS','',' : \"    \"  admin',1,'Item','/core/item/delet?id=47',47),(3036,'2020-10-07 14:04:02','BOSS','',' : \"test\"  admin',1,'Item','/core/item/update?id=69',69),(3037,'2020-10-07 14:13:09','BOSS','',' : \"test\"  admin',1,'Item','/core/item/update?id=69',69),(3038,'2020-10-07 14:14:31','BOSS','',' : \"test\"  admin',1,'Item','/core/item/update?id=69',69),(3039,'2020-10-07 15:01:09','BOSS','',' : \" \"  admin',1,'Item','/core/item/update?id=31',31),(3040,'2020-10-08 07:46:52','BOSS','',' : \"\"  admin',1,'Event','/event/event/create?date_from=2020-10-09',31),(3041,'2020-10-08 07:49:59','BOSS','',' : \"\"  admin',1,'Event','/event/event/create?date_from=2020-10-09',32),(3042,'2020-10-08 07:50:37','BOSS','',' : \"\"  admin',1,'Event','/event/event/create?date_from=2020-10-09',33),(3043,'2020-10-08 11:54:31','BOSS','',' : \"eee\"  admin',1,'Event','/event/event/create?date_from=2020-10-09',34),(3044,'2020-10-08 11:55:12','BOSS','',' : \"eee\"  admin',1,'Event','/event/event/create?date_from=2020-10-09',35),(3045,'2020-10-08 11:55:32','BOSS','',' : \"eee\"  admin',1,'Event','/event/event/create?date_from=2020-10-09',36),(3046,'2020-10-08 11:55:45','BOSS','',' : \"eee\"  admin',1,'Event','/event/event/create?date_from=2020-10-09',37),(3047,'2020-10-08 11:56:01','BOSS','',' : \"eee\"  admin',1,'Event','/event/event/create?date_from=2020-10-09',38),(3048,'2020-10-08 11:56:14','BOSS','',' : \"eee\"  admin',1,'Event','/event/event/create?date_from=2020-10-09',39),(3049,'2020-10-08 11:56:49','BOSS','',' : \"eee\"  admin',1,'Event','/event/event/create?date_from=2020-10-09',40),(3050,'2020-10-08 11:57:08','BOSS','',' : \"eee\"  admin',1,'Event','/event/event/create?date_from=2020-10-09',41),(3051,'2020-10-08 11:57:53','BOSS','',' : \"fwerfwf\"  admin',1,'Event','/event/event/create?date_from=2020-10-09',42),(3052,'2020-10-08 11:59:19','BOSS','',' : \"fwerfwf\"  admin',1,'Event','/event/event/create?date_from=2020-10-09',43),(3053,'2020-10-08 12:02:04','BOSS','',' : \"fwerfwf\"  admin',1,'Event','/event/event/create?date_from=2020-10-09',44),(3054,'2020-10-08 12:10:45','BOSS','',' : \"fwerfwf\"  admin',1,'Event','/event/event/create?date_from=2020-10-09',45),(3055,'2020-10-08 12:12:09','BOSS','',' : \"qsq\"  admin',1,'Event','/event/event/create?date_from=2020-10-09',46),(3056,'2020-10-08 12:39:45','BOSS','',' : \"fre\"  admin',1,'Event','/event/event/create?date_from=2020-10-10',47),(3057,'2020-10-08 12:40:22','BOSS','',' : \"fre\"  admin',1,'Event','/event/event/create?date_from=2020-10-10',48),(3058,'2020-10-08 12:40:58','BOSS','',' : \"fre\"  admin',1,'Event','/event/event/create?date_from=2020-10-10',49),(3059,'2020-10-08 12:42:34','BOSS','',' : \"fre\"  admin',1,'Event','/event/event/create?date_from=2020-10-10',50),(3060,'2020-10-08 12:49:59','BOSS','',' : \"fre\"  admin',1,'Event','/event/event/create?date_from=2020-10-10',51),(3061,'2020-10-08 12:52:54','BOSS','',' : \"eee\"  admin',1,'Event','/event/event/create?date_from=2020-10-09',52),(3062,'2020-10-08 12:53:46','BOSS','',' : \"eee\"  admin',1,'Event','/event/event/create?date_from=2020-10-09',53),(3063,'2020-10-08 12:54:00','BOSS','',' : \"eee\"  admin',1,'Event','/event/event/create?date_from=2020-10-09',54),(3064,'2020-10-08 12:54:51','BOSS','',' : \"eee\"  admin',1,'Event','/event/event/create?date_from=2020-10-09',55),(3065,'2020-10-08 12:55:29','BOSS','',' : \"eee\"  admin',1,'Event','/event/event/create?date_from=2020-10-09',56),(3066,'2020-10-08 12:55:40','BOSS','',' : \"eee\"  admin',1,'Event','/event/event/create?date_from=2020-10-09',57),(3067,'2020-10-08 12:57:00','BOSS','',' : \"fwerfwf\"  admin',1,'Event','/event/event/create?date_from=2020-10-09',58),(3068,'2020-10-08 12:59:24','BOSS','',' : \"\"  admin',1,'Event','/event/event/create?date_from=2020-10-09',59),(3069,'2020-10-08 13:12:15','BOSS','',' : \"dwwsws\"  admin',1,'Event','/event/event/create?date_from=2020-10-18',60),(3070,'2020-10-08 13:14:32','BOSS','',' : \"fwerfwf\"  admin',1,'Event','/event/event/create?date_from=2020-10-10',61),(3071,'2020-10-08 13:15:14','BOSS','',' : \"fwerfwf\"  admin',1,'Event','/event/event/delete?id=61',61),(3072,'2020-10-08 13:52:34','BOSS','',' ',1,'Login','/login/zaglushka',1),(3073,'2020-10-08 14:31:41','BOSS','',' : \"test\"  admin',1,'Item','/core/item/update?id=69',69),(3074,'2020-10-08 14:32:05','BOSS','',' : \"test\"  admin',1,'Item','/core/item/update?id=69',69),(3075,'2020-10-08 14:32:39','BOSS','',' : \"test\"  admin',1,'Item','/core/item/update?id=69',69),(3076,'2020-10-08 14:37:33','BOSS','',' ',1,'Login','/login/zaglushka',1),(3077,'2020-10-08 14:42:11','BOSS','',' ',1,'Login','/login/zaglushka',1),(3078,'2020-10-08 14:48:09','BOSS','',' : \"test\"  admin',1,'Regularity','/core/regularity/delete?id=31',31),(3079,'2020-10-08 14:51:11','BOSS','',' : \" \"  admin',1,'Item','/core/item/update?id=25',25),(3080,'2020-10-08 14:55:16','BOSS','',' : \"wfsegdfhtgjhkjlk.l/\"  admin',1,'Item','/core/item/update?id=65',65),(3081,'2020-10-08 14:58:27','BOSS','',' : \"  ?\"  admin',1,'Regularity','/core/regularity/update?id=22',22),(3082,'2020-10-09 08:14:36','BOSS','',' : \"\"  admin',1,'Event','/event/event/create?date_from=2020-10-10',61),(3083,'2020-10-09 15:21:18','BOSS','',' ',1,'Login','/login/zaglushka',1),(3084,'2020-10-09 17:19:36','BOSS','',' ',1,'Login','/login/zaglushka',1),(3085,'2020-10-09 17:41:31','CRM','',' : \"   Yii2  PHP\"  admin',1,'Customer','/selling/freelancehunt/bid-form?url=https://freelancehunt.com/project/dorabotka-sayta-na-yii2-php/763503.html',143),(3086,'2020-10-09 17:41:31','CRM','',' :   admin',1,'Selling','/selling/freelancehunt/bid-form?url=https://freelancehunt.com/project/dorabotka-sayta-na-yii2-php/763503.html',408),(3087,'2020-10-11 12:50:34','BOSS','',' : \"test\"  admin',1,'Item','/core/item/delet?id=64',64),(3088,'2020-10-11 12:50:38','BOSS','',' : \"test\"  admin',1,'Item','/core/item/delet?id=63',63),(3089,'2020-10-11 12:50:41','BOSS','',' : \"  \"  admin',1,'Item','/core/item/delet?id=62',62),(3090,'2020-10-11 12:50:45','BOSS','',' : \" \"  admin',1,'Item','/core/item/delet?id=61',61),(3091,'2020-10-11 12:50:49','BOSS','',' : \"  2\"  admin',1,'Item','/core/item/delet?id=49',49),(3092,'2020-10-11 13:33:14','ERP','',' : \"   11.10.2020 16:33:14\"  admin',1,'Purchase','/purchase/main/create-by-warehouse',24),(3093,'2020-10-11 13:36:19','ERP','','  : \"qdhtf\"  admin',1,'PurchaseProduct','/purchase/nomenclature/add-position',1),(3094,'2020-10-11 13:36:19','ERP','','  : \"qdhtf\"  admin',1,'WarehouseProduct','/purchase/nomenclature/add-position',5),(3095,'2020-10-11 13:36:19','ERP','','  : \"qdhtf\"  admin',1,'PurchaseProduct','/purchase/nomenclature/add-position',1),(3096,'2020-10-11 13:40:31','ERP','','  :   admin',1,'OverheadCost','/purchase/nomenclature/add-position',20),(3097,'2020-10-11 13:40:31','ERP','','  : \"qdhtf\"  admin',1,'PurchaseProduct','/purchase/nomenclature/add-position',1),(3098,'2020-10-11 13:40:31','ERP','','  : \"qdhtf\"  admin',1,'PurchaseProduct','/purchase/nomenclature/add-position',1),(3099,'2020-10-11 13:41:11','ERP','',' : \"   11.10.2020 16:33:14\"  admin',1,'Purchase','/purchase/form/save?id=24',24),(3100,'2020-10-11 13:41:59','ERP','',' : \"   11.10.2020 16:33:14\"  admin',1,'Purchase','/purchase/state/payment?id=24&_pjax=%23state-pjax',24),(3101,'2020-10-11 13:42:17','ERP','',' : \"   11.10.2020 16:33:14\"  admin',1,'Purchase','/purchase/state/delivery?id=24&_pjax=%23state-pjax',24),(3102,'2020-10-11 13:43:15','ERP','','  : \"qdhtf\"  admin',1,'WarehouseProduct','/purchase/state/confirm?id=24&_pjax=%23state-pjax',5),(3103,'2020-10-11 13:43:15','ERP','',' : \"   11.10.2020 16:33:14\"  admin',1,'Purchase','/purchase/state/confirm?id=24&_pjax=%23state-pjax',24),(3104,'2020-10-11 14:03:11','CRM','',' :   admin',1,'Selling','/selling/form/save',409),(3105,'2020-10-11 14:03:11','CRM','',' : \"409\"  admin',1,'Selling','/selling/form/save',409),(3106,'2020-10-11 14:04:20','CRM','','   : \"qdhtf\"  admin',1,'SellingProduct','/selling/nomenclature/add-position',22),(3107,'2020-10-11 14:04:50','BOSS','',' ',1,'Login','/login/zaglushka',1),(3108,'2020-10-11 14:05:13','CRM','','   : \"qdhtf\"  admin',1,'SellingProduct','/selling/nomenclature/change-currency?id=22',22),(3109,'2020-10-11 14:07:32','CRM','',' : \" \"  admin',1,'Customer','/selling/main/show-selling?code=4%2F5AETVFoIjdBuiBDkg4_SOmyeDqbLp4TY1j9qsELfWXaQfrLK2n3IotMxw33a07Qu7a5auUC7naHQDi6apHV6E6Q&scope=email+https%3A%2F%2Fwww.googleapis.com%2Fauth%2Fuserinfo.email+openid&authuser=0&prompt=consent',60),(3110,'2020-10-11 14:08:56','BOSS','',' ',1,'Login','/login/zaglushka',1),(3111,'2020-10-12 08:45:52','BOSS','',' : \"fwerfwf\"  admin',1,'Event','/event/event/create?date_from=2020-10-11&date_to=2020-10-12&start_time=0:00:00&end_time=0:0:00',62),(3112,'2020-10-12 08:58:45','BOSS','',' : \"fwerfwf\"  admin',1,'Event','/event/event/create?date_from=2020-10-13&date_to=2020-10-14&start_time=0:00:00&end_time=0:0:00',63),(3113,'2020-10-12 08:59:38','BOSS','',' : \"fwerfwf\"  admin',1,'Event','/event/event/create?date_from=2020-10-14&date_to=2020-10-15&start_time=0:00:00&end_time=0:0:00',64),(3114,'2020-10-12 09:02:18','BOSS','',' : \"fwerfwf\"  admin',1,'Event','/event/event/create?date_from=2020-10-18&date_to=2020-10-19&start_time=0:00:00&end_time=0:0:00',65),(3115,'2020-10-12 09:02:39','BOSS','',' : \"fwerfwf\"  admin',1,'Event','/event/event/create?date_from=2020-10-14&date_to=2020-10-15&start_time=0:00:00&end_time=0:0:00',66),(3116,'2020-10-12 09:03:51','BOSS','',' : \"cwref\"  admin',1,'Event','/event/event/create?date_from=2020-10-15&date_to=2020-10-16&start_time=0:00:00&end_time=0:0:00',67),(3117,'2020-10-12 09:05:06','BOSS','',' : \"fwerfwf\"  admin',1,'Event','/event/event/create?date_from=2020-10-13&date_to=2020-10-14&start_time=0:00:00&end_time=0:0:00',68),(3118,'2020-10-12 09:05:30','BOSS','',' : \"fwerfwf\"  admin',1,'Event','/event/event/create?date_from=2020-10-16&date_to=2020-10-17&start_time=0:00:00&end_time=0:0:00',69),(3119,'2020-10-12 09:47:14','BOSS','',' : \"wdewdew\"  admin',1,'Event','/event/event/create?date_from=2020-10-10&date_to=2020-10-11&start_time=0:00:00&end_time=0:0:00',70),(3120,'2020-10-12 11:03:58','BOSS','',' : \"fwerfwf\"  admin',1,'Event','/event/event/create?date_from=2020-10-17&date_to=2020-10-18&start_time=0:0:00&end_time=0:0:00',71),(3121,'2020-10-12 17:40:14','BOSS','',' ',1,'Login','/login/zaglushka',1),(3122,'2020-10-13 09:54:31','ERP','',' : \"   \"  admin',1,'Field','/product/category/update?id=16',129),(3123,'2020-10-13 09:58:15','ERP','',' : \"\"  admin',1,'Field','/product/category/update?id=16',130),(3124,'2020-10-13 09:58:16','ERP','','  : \" \"  admin',1,'FieldValue','/product/category/update?id=16',194),(3125,'2020-10-13 09:58:16','ERP','','  : \"\"  admin',1,'FieldValue','/product/category/update?id=16',195),(3126,'2020-10-13 09:58:16','ERP','','  : \" \"  admin',1,'FieldValue','/product/category/update?id=16',196),(3127,'2020-10-13 09:58:16','ERP','','  : \"\"  admin',1,'FieldValue','/product/category/update?id=16',197),(3128,'2020-10-13 10:00:17','ERP','',' : \"\"  admin',1,'Category','/product/category/create',53),(3129,'2020-10-13 13:48:03','BOSS','',' ',1,'Login','/login/zaglushka',1),(3130,'2020-10-14 00:31:11','BOSS','',' ',1,'Login','/login/zaglushka',1),(3131,'2020-10-14 01:10:37','BOSS','',' ',1,'Login','/login/zaglushka',1),(3132,'2020-10-14 01:10:39','BOSS','',' ',1,'Login','/login/zaglushka',1),(3133,'2020-10-14 10:45:53','BOSS','',' : \"fwerfwf\"  admin',1,'Event','/event/event/update?json&id=71',71),(3134,'2020-10-14 10:47:41','BOSS','',' : \"fwerfwf\"  admin',1,'Event','/event/event/update?json&id=71',71),(3135,'2020-10-14 10:50:38','CRM','',' : \"405\"  admin',1,'Selling','/selling/form/test?id=405&state_id=6',405),(3136,'2020-10-14 13:06:41','BOSS','',' : \"fwerfwf\"  admin',1,'Event','/event/event/create?date_from=2020-10-15&date_to=2020-10-16&start_time=0:0:00&end_time=0:0:00',14),(3137,'2020-10-14 14:03:02','BOSS','',' ',1,'Login','/login/zaglushka',1),(3138,'2020-10-14 14:03:04','BOSS','',' ',1,'Login','/login/zaglushka',1),(3139,'2020-10-14 14:03:05','BOSS','',' ',1,'Login','/login/zaglushka',1),(3140,'2020-10-14 14:03:07','BOSS','',' ',1,'Login','/login/zaglushka',1),(3141,'2020-10-14 14:03:09','BOSS','',' ',1,'Login','/login/zaglushka',1),(3142,'2020-10-14 14:03:10','BOSS','',' ',1,'Login','/login/zaglushka',1),(3143,'2020-10-14 14:03:10','BOSS','',' ',1,'Login','/login/zaglushka',1),(3144,'2020-10-14 14:03:12','BOSS','',' ',1,'Login','/login/zaglushka',1),(3145,'2020-10-14 14:03:14','BOSS','',' ',1,'Login','/login/zaglushka',1),(3146,'2020-10-14 14:03:16','BOSS','',' ',1,'Login','/login/zaglushka',1),(3147,'2020-10-14 14:03:17','BOSS','',' ',1,'Login','/login/zaglushka',1),(3148,'2020-10-14 20:39:17','BOSS','',' ',1,'Login','/login/zaglushka',1),(3149,'2020-10-15 12:49:53','BOSS','',' ',1,'Login','/login/zaglushka',1),(3150,'2020-10-15 13:23:34','BOSS','',' ',1,'Login','/login/zaglushka',1),(3151,'2020-10-15 13:48:29','CRM','',' : \"405\"  admin',1,'Selling','/selling/form/test?id=405&state_id=6',405),(3152,'2020-10-15 14:19:55','BOSS','',' : \"fwerfwf\"  admin',1,'Event','/event/event/create?date_from=2020-10-16&date_to=2020-10-17&start_time=0:0:00&end_time=0:0:00',15),(3153,'2020-10-15 14:26:05','BOSS','',' : \"fwerfwf\"  admin',1,'Event','/event/event/create?date_from=2020-10-17&date_to=2020-10-18&start_time=0:0:00&end_time=0:0:00',16),(3154,'2020-10-15 18:08:50','BOSS','',' ',1,'Login','/login/zaglushka',1),(3155,'2020-10-15 19:37:08','BOSS','',' ',1,'Login','/login/zaglushka',1),(3156,'2020-10-16 18:38:13','BOSS','',' ',1,'Login','/login/zaglushka',1),(3157,'2020-10-17 15:53:49','BOSS','',' ',1,'Login','/login/zaglushka',1),(3158,'2020-10-19 08:48:01','BOSS','',' : \"cwref\"  admin',1,'Event','/event/event/create',17),(3159,'2020-10-19 09:01:41','BOSS','',' : \"cwref\"  admin',1,'Event','/event/event/create',18),(3160,'2020-10-19 13:07:58','BOSS','',' : \"\"  admin',1,'Event','/event/event/create',19),(3161,'2020-10-19 13:17:42','BOSS','',' : \"\"  admin',1,'Event','/event/event/create?date_from=2020-10-24&date_to=2020-10-24&start_time=7:30:00&end_time=9:30:00',20),(3162,'2020-10-19 13:21:29','BOSS','',' : \"\"  admin',1,'Event','/event/event/create?date_from=2020-10-20&date_to=2020-10-21&start_time=0:0:00&end_time=0:0:00',21),(3163,'2020-10-19 13:25:39','BOSS','',' : \"dewfewfew\"  admin',1,'Event','/event/event/create?date_from=2020-10-21&date_to=2020-10-22&start_time=0:0:00&end_time=0:0:00',22),(3164,'2020-10-19 18:28:01','BOSS','',' ',1,'Login','/login/zaglushka',1),(3165,'2020-10-20 09:03:49','BOSS','',' : \"cwref\"  admin',1,'Event','/event/event/create?date_from=2020-10-21&date_to=2020-10-22&start_time=0:0:00&end_time=0:0:00',23),(3166,'2020-10-20 09:03:50','BOSS','',' : \"cwref\"  admin',1,'Event','/event/event/create?date_from=2020-10-21&date_to=2020-10-22&start_time=0:0:00&end_time=0:0:00',24),(3167,'2020-10-20 09:15:42','BOSS','',' : \"wdewdwed\"  admin',1,'Event','/event/event/create?date_from=2020-10-15&date_to=2020-10-16&start_time=0:0:00&end_time=0:0:00',25),(3168,'2020-10-20 09:16:16','BOSS','',' : \"cwref\"  admin',1,'Event','/event/event/create?date_from=2020-10-21&date_to=2020-10-22&start_time=0:0:00&end_time=0:0:00',26),(3169,'2020-10-20 09:17:34','BOSS','',' : \"fwerfwf\"  admin',1,'Event','/event/event/create?date_from=2020-10-21&date_to=2020-10-22&start_time=0:0:00&end_time=0:0:00',27),(3170,'2020-10-20 09:18:39','BOSS','',' : \"defefref\"  admin',1,'Event','/event/event/create?date_from=2020-10-21&date_to=2020-10-22&start_time=0:0:00&end_time=0:0:00',28),(3171,'2020-10-20 09:31:19','BOSS','',' : \"dedede\"  admin',1,'Event','/event/event/create?date_from=2020-10-21&date_to=2020-10-22&start_time=0:0:00&end_time=0:0:00',29),(3172,'2020-10-20 09:31:56','BOSS','',' : \"cwref\"  admin',1,'Event','/event/event/create?date_from=2020-10-21&date_to=2020-10-22&start_time=0:0:00&end_time=0:0:00',30),(3173,'2020-10-20 09:46:48','BOSS','',' : \"cwref\"  admin',1,'Event','/event/event/create?date_from=2020-10-21&date_to=2020-10-22&start_time=0:0:00&end_time=0:0:00',31),(3174,'2020-10-20 09:47:35','BOSS','',' : \"sdwdfefe\"  admin',1,'Event','/event/event/create?date_from=2020-10-21&date_to=2020-10-22&start_time=0:0:00&end_time=0:0:00',32),(3175,'2020-10-20 12:54:47','BOSS','',' : \"wdewdewdew\"  admin',1,'Event','/event/event/create?date_from=2020-10-21&date_to=2020-10-22&start_time=0:0:00&end_time=0:0:00',33),(3176,'2020-10-20 12:55:59','BOSS','',' : \"dcsdcsdv\"  admin',1,'Event','/event/event/create?date_from=2020-10-21&date_to=2020-10-22&start_time=0:0:00&end_time=0:0:00',34),(3177,'2020-10-21 06:35:04','BOSS','',' ',1,'Login','/login/zaglushka',1),(3178,'2020-10-21 08:20:32','BOSS','',' : \"adefesf\"  admin',1,'Event','/event/event/create?date_from=2020-10-22&date_to=2020-10-23&start_time=0:0:00&end_time=0:0:00',35),(3179,'2020-10-21 14:48:04','BOSS','',' : \"tyuvbino\"  admin',1,'Event','/event/event/create?date_from=2020-10-18&date_to=2020-10-19&start_time=0:0:00&end_time=0:0:00',36),(3180,'2020-10-21 14:48:47','BOSS','',' : \"cyvuhbjn\"  admin',1,'Event','/event/event/create?date_from=2020-10-18&date_to=2020-10-19&start_time=0:0:00&end_time=0:0:00',37),(3181,'2020-10-21 14:50:35','BOSS','',' : \"crytvubinkl\"  admin',1,'Event','/event/event/create?date_from=2020-10-23&date_to=2020-10-24&start_time=0:0:00&end_time=0:0:00',38),(3182,'2020-10-21 14:50:38','BOSS','',' : \"crytvubinkl\"  admin',1,'Event','/event/event/create?date_from=2020-10-23&date_to=2020-10-24&start_time=0:0:00&end_time=0:0:00',39),(3183,'2020-10-21 14:50:40','BOSS','',' : \"crytvubinkl\"  admin',1,'Event','/event/event/create?date_from=2020-10-23&date_to=2020-10-24&start_time=0:0:00&end_time=0:0:00',40),(3184,'2020-10-21 14:54:54','BOSS','',' : \"fewfewfwddwdv\"  admin',1,'Event','/event/event/create?date_from=2020-10-25&date_to=2020-10-26&start_time=0:0:00&end_time=0:0:00',41),(3185,'2020-10-21 14:56:21','BOSS','',' : \"dewdewdew\"  admin',1,'Event','/event/event/create?date_from=2020-10-22&date_to=2020-10-23&start_time=0:0:00&end_time=0:0:00',42),(3186,'2020-10-21 14:58:09','BOSS','',' : \"gvrhjbkcnl\"  admin',1,'Event','/event/event/create?date_from=2020-10-19&date_to=2020-10-20&start_time=0:0:00&end_time=0:0:00',43),(3187,'2020-10-21 14:58:56','BOSS','',' : \"\"  admin',1,'Event','/event/event/create?date_from=2020-10-26&date_to=2020-10-27&start_time=0:0:00&end_time=0:0:00',44),(3188,'2020-10-21 15:06:32','BOSS','',' : \"vuyjhbjhbjb\"  admin',1,'Event','/event/event/create?date_from=2020-10-27&date_to=2020-10-28&start_time=0:0:00&end_time=0:0:00',45),(3189,'2020-10-22 08:27:35','BOSS','',' : \"rtgtgtrgtrg\"  admin',1,'Event','/event/event/create?date_from=2020-10-28&date_to=2020-10-29&start_time=0:0:00&end_time=0:0:00',46),(3190,'2020-10-22 08:31:35','BOSS','',' : \"dwdwd\"  admin',1,'Event','/event/event/create?date_from=2020-10-29&date_to=2020-10-30&start_time=0:0:00&end_time=0:0:00',47),(3191,'2020-10-22 08:32:50','BOSS','',' : \"test\"  admin',1,'Event','/event/event/create?date_from=2020-10-30&date_to=2020-10-31&start_time=0:0:00&end_time=0:0:00',48),(3192,'2020-10-22 08:33:02','BOSS','',' : \"ewfewfwe\"  admin',1,'Event','/event/event/create?date_from=2020-10-30&date_to=2020-10-31&start_time=0:0:00&end_time=0:0:00',49),(3193,'2020-10-22 08:33:15','BOSS','',' : \"wdwdw\"  admin',1,'Event','/event/event/create?date_from=2020-10-30&date_to=2020-10-31&start_time=0:0:00&end_time=0:0:00',50),(3194,'2020-10-22 08:35:11','BOSS','',' : \"sdwdwedwd\"  admin',1,'Event','/event/event/create?date_from=2020-10-18&date_to=2020-10-19&start_time=0:0:00&end_time=0:0:00',51),(3195,'2020-10-22 08:36:41','BOSS','',' : \"dwqdwdw\"  admin',1,'Event','/event/event/create?date_from=2020-10-23&date_to=2020-10-24&start_time=0:0:00&end_time=0:0:00',52),(3196,'2020-10-22 08:37:24','BOSS','',' : \"eded\"  admin',1,'Event','/event/event/create?date_from=2020-10-24&date_to=2020-10-25&start_time=0:0:00&end_time=0:0:00',53),(3197,'2020-10-22 08:39:27','BOSS','',' : \"wssw\"  admin',1,'Event','/event/event/create?date_from=2020-10-28&date_to=2020-10-29&start_time=0:0:00&end_time=0:0:00',54),(3198,'2020-10-22 08:45:55','BOSS','',' : \"swwsw\"  admin',1,'Event','/event/event/create?date_from=2020-10-29&date_to=2020-10-30&start_time=0:0:00&end_time=0:0:00',55),(3199,'2020-10-22 08:53:09','BOSS','',' : \"efrfref\"  admin',1,'Event','/event/event/create?date_from=2020-10-30&date_to=2020-10-31&start_time=0:0:00&end_time=0:0:00',56),(3200,'2020-10-22 08:56:37','BOSS','',' : \"dedede\"  admin',1,'Event','/event/event/create?date_from=2020-10-31&date_to=2020-11-01&start_time=0:0:00&end_time=0:0:00',57),(3201,'2020-10-22 09:00:48','BOSS','',' : \"dcdsds\"  admin',1,'Event','/event/event/create?date_from=2020-10-25&date_to=2020-10-26&start_time=0:0:00&end_time=0:0:00',58),(3202,'2020-10-22 09:04:35','BOSS','',' : \"dedwedewd\"  admin',1,'Event','/event/event/create?date_from=2020-10-27&date_to=2020-10-28&start_time=0:0:00&end_time=0:0:00',59),(3203,'2020-10-22 09:08:00','BOSS','',' : \"edewfew\"  admin',1,'Event','/event/event/create?date_from=2020-10-23&date_to=2020-10-24&start_time=0:0:00&end_time=0:0:00',60),(3204,'2020-10-22 09:09:06','BOSS','',' : \"wwww\"  admin',1,'Event','/event/event/create?date_from=2020-10-24&date_to=2020-10-25&start_time=0:0:00&end_time=0:0:00',61),(3205,'2020-10-22 09:11:05','BOSS','',' : \"wwwweeee\"  admin',1,'Event','/event/event/create?date_from=2020-10-25&date_to=2020-10-26&start_time=0:0:00&end_time=0:0:00',62),(3206,'2020-10-22 12:01:40','BOSS','',' ',1,'Login','/login/zaglushka',1),(3207,'2020-10-22 12:15:25','ERP','',' : \"\"  admin',1,'Category','/product/category/create',54),(3208,'2020-10-22 12:29:53','ERP','',' : \"\"  admin',1,'Field','/product/category/update?id=16',131),(3209,'2020-10-22 12:30:18','ERP','',' : \"\"  admin',1,'Field','/product/field/delete?id=131',131),(3210,'2020-10-22 12:30:50','ERP','',' : \"  \"  admin',1,'Product','/product/product/create',134),(3211,'2020-10-22 12:30:50','ERP','','   : \"  \"  admin',1,'FieldProductValue','/product/product/create',269),(3212,'2020-10-22 12:30:50','ERP','','   : \"  \"  admin',1,'FieldProductValue','/product/product/create',270),(3213,'2020-10-22 12:30:50','ERP','','   : \"  \"  admin',1,'FieldProductValue','/product/product/create',271),(3214,'2020-10-22 12:30:50','ERP','','   : \"  \"  admin',1,'FieldProductValue','/product/product/create',272),(3215,'2020-10-22 12:30:50','ERP','','   : \"  \"  admin',1,'FieldProductValue','/product/product/create',273),(3216,'2020-10-22 12:30:51','ERP','','   : \"  \"  admin',1,'FieldProductValue','/product/product/create',274),(3217,'2020-10-22 12:30:51','ERP','','   : \"  \"  admin',1,'FieldProductValue','/product/product/create',275),(3218,'2020-10-22 12:30:51','ERP','','   : \"  \"  admin',1,'FieldProductValue','/product/product/create',276),(3219,'2020-10-23 08:30:07','BOSS','',' : \"rthgtrhtrhtrh\"  admin',1,'Event','/event/event/create?date_from=2020-10-28&date_to=2020-10-29&start_time=0:0:00&end_time=0:0:00',63),(3220,'2020-10-23 08:31:16','BOSS','',' : \"test\"  admin',1,'Event','/event/event/create?date_from=2020-10-22&date_to=2020-10-22&start_time=7:30:00&end_time=9:30:00',64),(3221,'2020-10-23 08:31:24','BOSS','',' : \"test\"  admin',1,'Event','/event/event/update?json&id=64',64),(3222,'2020-10-23 16:59:11','BOSS','',' ',1,'Login','/login/zaglushka',1),(3223,'2020-10-25 11:42:44','BOSS','',' ',1,'Login','/login/zaglushka',1),(3224,'2020-10-26 09:45:30','BOSS','',' ',1,'Login','/login/zaglushka',1),(3225,'2020-10-26 11:21:10','CRM','',' :   admin',1,'Selling','/selling/talk/save-dialog',142),(3226,'2020-10-26 13:59:38','BOSS','',' : \"\"  admin',1,'Event','/event/event/create?date_from=2020-10-29&date_to=2020-10-29&start_time=2:30:00&end_time=4:0:00',65),(3227,'2020-10-26 13:59:43','BOSS','',' : \"\"  admin',1,'Event','/event/event/create?date_from=2020-10-29&date_to=2020-10-29&start_time=2:30:00&end_time=4:0:00',66),(3228,'2020-10-26 14:00:16','BOSS','',' : \"\"  admin',1,'Event','/event/event/update?json&id=66',66),(3229,'2020-10-26 15:16:17','BOSS','',' ',1,'Login','/login/zaglushka',1),(3230,'2020-10-26 15:46:57','BOSS','',' ',1,'Login','/login/zaglushka',1),(3231,'2020-10-27 07:24:03','BOSS','',' ',1,'Login','/login/zaglushka',1),(3232,'2020-10-27 09:24:07','BOSS','',' ',1,'Login','/login/zaglushka',1),(3233,'2020-10-27 09:24:10','BOSS','',' ',1,'Login','/login/zaglushka',1),(3234,'2020-10-27 09:24:10','BOSS','',' ',1,'Login','/login/zaglushka',1),(3235,'2020-10-27 09:24:11','BOSS','',' ',1,'Login','/login/zaglushka',1),(3236,'2020-10-27 09:24:11','BOSS','',' ',1,'Login','/login/zaglushka',1),(3237,'2020-10-27 09:24:15','BOSS','',' ',1,'Login','/login/zaglushka',1),(3238,'2020-10-27 09:24:16','BOSS','',' ',1,'Login','/login/zaglushka',1),(3239,'2020-10-27 09:24:16','BOSS','',' ',1,'Login','/login/zaglushka',1),(3240,'2020-10-27 09:24:17','BOSS','',' ',1,'Login','/login/zaglushka',1),(3241,'2020-10-27 09:24:21','BOSS','',' ',1,'Login','/login/zaglushka',1),(3242,'2020-10-27 09:24:22','BOSS','',' ',1,'Login','/login/zaglushka',1),(3243,'2020-10-27 09:24:22','BOSS','',' ',1,'Login','/login/zaglushka',1),(3244,'2020-10-27 09:24:24','BOSS','',' ',1,'Login','/login/zaglushka',1),(3245,'2020-10-27 09:27:39','BOSS','',' ',1,'Login','/login/zaglushka',1),(3246,'2020-10-27 11:24:37','BOSS','',' : \"fdfrgr\"  admin',1,'Event','/event/event/create?date_from=2020-10-29&date_to=2020-10-30&start_time=7:0:00&end_time=7:30:00',67),(3247,'2020-10-27 20:57:50','BOSS','',' ',1,'Login','/login/zaglushka',1),(3248,'2020-10-27 22:05:58','BOSS','',' ',1,'Login','/login/zaglushka',1),(3249,'2020-10-28 09:58:55','BOSS','',' : \"\"  admin',1,'Event','/event/event/create?date_from=2020-10-30&date_to=2020-10-30&start_time=5:0:00&end_time=10:0:00',68),(3250,'2020-10-28 10:54:13','ERP','','   : \" Red Lable_new  \"  admin',1,'FieldProductValue','/product/product/update?id=70',214),(3251,'2020-10-28 10:54:13','ERP','','   : \" Red Lable_new  \"  admin',1,'FieldProductValue','/product/product/update?id=70',164),(3252,'2020-10-28 10:54:13','ERP','','   : \" Red Lable_new  \"  admin',1,'FieldProductValue','/product/product/update?id=70',216),(3253,'2020-10-28 10:54:13','ERP','','   : \" Red Lable_new  \"  admin',1,'FieldProductValue','/product/product/update?id=70',228),(3254,'2020-10-28 10:54:14','ERP','','   : \" Red Lable_new  \"  admin',1,'FieldProductValue','/product/product/update?id=70',229),(3255,'2020-10-28 10:54:14','ERP','','   : \" Red Lable_new  \"  admin',1,'FieldProductValue','/product/product/update?id=70',277),(3256,'2020-10-28 10:54:14','ERP','','   : \" Red Lable_new  \"  admin',1,'FieldProductValue','/product/product/update?id=70',278),(3257,'2020-10-28 10:54:14','ERP','','   : \" Red Lable_new  \"  admin',1,'FieldProductValue','/product/product/update?id=70',279),(3258,'2020-10-28 10:54:14','ERP','',' : \" Red Lable_new  \"  admin',1,'Product','/product/product/update?id=70',70),(3259,'2020-10-28 11:18:59','ERP','','   : \" Red Lable_new  \"  admin',1,'FieldProductValue','/product/product/update?id=70',214),(3260,'2020-10-28 11:18:59','ERP','','   : \" Red Lable_new  \"  admin',1,'FieldProductValue','/product/product/update?id=70',164),(3261,'2020-10-28 11:18:59','ERP','','   : \" Red Lable_new  \"  admin',1,'FieldProductValue','/product/product/update?id=70',216),(3262,'2020-10-28 11:18:59','ERP','','   : \" Red Lable_new  \"  admin',1,'FieldProductValue','/product/product/update?id=70',228),(3263,'2020-10-28 11:19:00','ERP','','   : \" Red Lable_new  \"  admin',1,'FieldProductValue','/product/product/update?id=70',229),(3264,'2020-10-28 11:19:00','ERP','','   : \" Red Lable_new  \"  admin',1,'FieldProductValue','/product/product/update?id=70',277),(3265,'2020-10-28 11:19:00','ERP','','   : \" Red Lable_new  \"  admin',1,'FieldProductValue','/product/product/update?id=70',278),(3266,'2020-10-28 11:19:00','ERP','','   : \" Red Lable_new  \"  admin',1,'FieldProductValue','/product/product/update?id=70',279),(3267,'2020-10-28 11:19:00','ERP','',' : \" Red Lable_new  \"  admin',1,'Product','/product/product/update?id=70',70),(3268,'2020-10-28 12:24:30','BOSS','',' : \"dffferfre\"  admin',1,'Event','/event/event/create?date_from=2020-10-30&date_to=2020-10-30&start_time=9:30:00&end_time=11:0:00',69),(3269,'2020-10-28 12:31:58','BOSS','',' : \"dcdcecve\"  admin',1,'Event','/event/event/create?date_from=2020-10-10&date_to=2020-10-11&start_time=0:0:00&end_time=0:0:00',70),(3270,'2020-10-28 12:31:58','BOSS','',' : \"dcdcecve\"  admin',1,'Event','/event/event/create?date_from=2020-10-10&date_to=2020-10-11&start_time=0:0:00&end_time=0:0:00',70),(3271,'2020-10-29 09:12:11','BOSS','',' : \"\"  admin',1,'Event','/event/event/create?date_from=2020-10-30&date_to=2020-10-30&start_time=7:0:00&end_time=9:30:00',71),(3272,'2020-10-29 13:11:00','BOSS','',' : \"vfeverv\"  admin',1,'Event','/event/event/create?date_from=2020-10-09&date_to=2020-10-10&start_time=0:0:00&end_time=0:0:00',72),(3273,'2020-10-29 13:49:28','BOSS','',' : \"erefrefer\"  admin',1,'Event','/event/event/create?date_from=2020-10-08&date_to=2020-10-09&start_time=0:0:00&end_time=0:0:00',73),(3274,'2020-10-29 14:02:48','BOSS','',' ',1,'Login','/login/zaglushka',1),(3275,'2020-11-02 13:47:02','BOSS','',' : \"fereg\"  admin',1,'Event','/event/event/create?date_from=2020-11-06&date_to=2020-11-07&start_time=0:0:00&end_time=0:0:00',75),(3276,'2020-11-02 14:32:50','BOSS','',' ',1,'Login','/login/zaglushka',1),(3277,'2020-11-02 15:15:51','BOSS','',' ',1,'Login','/login/zaglushka',1),(3278,'2020-11-02 16:59:16','BOSS','',' ',1,'Login','/login/zaglushka',1),(3279,'2020-11-02 18:56:08','BOSS','',' ',1,'Login','/login/zaglushka',1),(3280,'2020-11-03 09:03:00','BOSS','',' : \"drftgyhuji\"  admin',1,'Event','/event/event/create?date_from=2020-11-07&date_to=2020-11-08&start_time=0:0:00&end_time=0:0:00',76),(3281,'2020-11-03 09:38:39','BOSS','',' : \"edwefer\"  admin',1,'Event','/event/event/create?date_from=2020-11-05&date_to=2020-11-06&start_time=0:0:00&end_time=0:0:00',77),(3282,'2020-11-03 09:41:15','BOSS','',' : \"edfewfr\"  admin',1,'Event','/event/event/create?date_from=2020-11-04&date_to=2020-11-05&start_time=0:0:00&end_time=0:0:00',78),(3283,'2020-11-03 09:41:16','BOSS','',' : \"edfewfr\"  admin',1,'Event','/event/event/create?date_from=2020-11-04&date_to=2020-11-05&start_time=0:0:00&end_time=0:0:00',79),(3284,'2020-11-03 09:48:38','BOSS','',' : \"cfdcfvf\"  admin',1,'Event','/event/event/create?date_from=2020-11-13&date_to=2020-11-14&start_time=0:0:00&end_time=0:0:00&name=cfdcfvf',80),(3285,'2020-11-03 09:49:28','BOSS','',' : \"fvfdggv\"  admin',1,'Event','/event/event/create?date_from=2020-11-08&date_to=2020-11-09&start_time=0:0:00&end_time=0:0:00',81),(3286,'2020-11-03 09:51:36','BOSS','',' : \"efrferf\"  admin',1,'Event','/event/event/create?date_from=2020-11-05&date_to=2020-11-06&start_time=0:0:00&end_time=0:0:00',82),(3287,'2020-11-03 09:52:10','BOSS','',' : \"dcdvfv\"  admin',1,'Event','/event/event/create?date_from=2020-11-06&date_to=2020-11-07&start_time=0:0:00&end_time=0:0:00',83),(3288,'2020-11-03 09:52:13','BOSS','',' : \"dcdvfv\"  admin',1,'Event','/event/event/create?date_from=2020-11-06&date_to=2020-11-07&start_time=0:0:00&end_time=0:0:00',84),(3289,'2020-11-03 09:52:38','BOSS','',' : \"dvfdvrfv\"  admin',1,'Event','/event/event/create?date_from=2020-11-06&date_to=2020-11-07&start_time=0:0:00&end_time=0:0:00',85),(3290,'2020-11-03 09:53:46','BOSS','',' : \"fgkkl\"  admin',1,'Event','/event/event/create?date_from=2020-11-07&date_to=2020-11-08&start_time=0:0:00&end_time=0:0:00',86),(3291,'2020-11-03 09:54:32','BOSS','',' : \"dcdafvfdav\"  admin',1,'Event','/event/event/create?date_from=2020-11-07&date_to=2020-11-08&start_time=0:0:00&end_time=0:0:00',87),(3292,'2020-11-03 09:55:01','BOSS','',' : \"dfvrdgvr\"  admin',1,'Event','/event/event/create?date_from=2020-11-05&date_to=2020-11-06&start_time=0:0:00&end_time=0:0:00',88),(3293,'2020-11-03 09:56:07','BOSS','',' : \"\"  admin',1,'Event','/event/event/create?date_from=2020-11-05&date_to=2020-11-06&start_time=0:0:00&end_time=0:0:00',89),(3294,'2020-11-03 09:56:47','BOSS','',' : \"\"  admin',1,'Event','/event/event/create?date_from=2020-11-06&date_to=2020-11-07&start_time=0:0:00&end_time=0:0:00',90),(3295,'2020-11-03 09:56:54','BOSS','',' : \"\"  admin',1,'Event','/event/event/create?date_from=2020-11-06&date_to=2020-11-07&start_time=0:0:00&end_time=0:0:00',91),(3296,'2020-11-03 09:57:24','BOSS','',' : \"\"  admin',1,'Event','/event/event/create?date_from=2020-11-08&date_to=2020-11-09&start_time=0:0:00&end_time=0:0:00&name=%D0%BA%D0%BA%D0%BA%D0%BA%D0%BA',92),(3297,'2020-11-03 09:58:00','BOSS','',' : \"\"  admin',1,'Event','/event/event/create?date_from=2020-11-06&date_to=2020-11-07&start_time=0:0:00&end_time=0:0:00',93),(3298,'2020-11-03 10:00:32','BOSS','',' : \"rfrefrefr\"  admin',1,'Event','/event/event/create?date_from=2020-11-07&date_to=2020-11-08&start_time=0:0:00&end_time=0:0:00',94),(3299,'2020-11-03 10:00:55','BOSS','',' : \"dfrfgrdgbd\"  admin',1,'Event','/event/event/create?date_from=2020-11-12&date_to=2020-11-13&start_time=0:0:00&end_time=0:0:00',95),(3300,'2020-11-03 10:01:15','BOSS','',' : \"fdvfvf\"  admin',1,'Event','/event/event/create?date_from=2020-11-14&date_to=2020-11-15&start_time=0:0:00&end_time=0:0:00&name=fdvfvf',96),(3301,'2020-11-03 10:20:43','BOSS','',' ',1,'Login','/login/zaglushka',1),(3302,'2020-11-03 10:51:27','BOSS','',' : \"dcdcdcd\"  admin',1,'Event','/event/event/create?date_from=2020-11-15&date_to=2020-11-16&start_time=0:0:00&end_time=0:0:00&name=dcdcdcd',97),(3303,'2020-11-04 08:33:29','BOSS','',' : \"\"  admin',1,'Event','/event/event/create?date_from=2020-11-11&date_to=2020-11-12&start_time=0:0:00&end_time=0:0:00',98),(3304,'2020-11-04 08:37:33','BOSS','',' : \"\"  admin',1,'Event','/event/event/create?date_from=2020-11-22&date_to=2020-11-23&start_time=0:0:00&end_time=0:0:00&name=%D0%B0%D0%BF%D1%80%D0%BE%D0%BB%D0%B4%D0%B6%D1%8D',99),(3305,'2020-11-04 08:38:52','BOSS','',' : \"\"  admin',1,'Event','/event/event/create?date_from=2020-11-03&date_to=2020-11-03&start_time=7:0:00&end_time=9:30:00&name=%D1%82%D0%B5%D1%81%D1%82',100),(3306,'2020-11-04 08:40:25','BOSS','',' : \"\"  admin',1,'Event','/event/event/create?date_from=2020-11-03&date_to=2020-11-03&start_time=4:30:00&end_time=7:0:00&name=%D1%82%D0%B5%D1%81%D1%82',101),(3307,'2020-11-04 09:42:52','BOSS','',' : \"\"  admin',1,'Event','/event/event/create?date_from=2020-11-03&date_to=2020-11-04&start_time=0:0:00&end_time=0:0:00',102),(3308,'2020-11-05 06:24:32','CRM','',' : \" c     PHP / Laravel / Vue.js...\"  admin',1,'Customer','/selling/freelancehunt/bid-form?url=https://freelancehunt.com/project/funktsionalnoe-racshirenie-dlya-onlayn-proekta-na/778028.html',144),(3309,'2020-11-05 06:24:32','CRM','',' :   admin',1,'Selling','/selling/freelancehunt/bid-form?url=https://freelancehunt.com/project/funktsionalnoe-racshirenie-dlya-onlayn-proekta-na/778028.html',410),(3310,'2020-11-06 12:04:15','BOSS','',' ',1,'Login','/login/zaglushka',1),(3311,'2020-11-07 05:29:51','BOSS','',' ',1,'Login','/login/zaglushka',1),(3312,'2020-11-08 10:34:03','BOSS','',' ',1,'Login','/login/zaglushka',1),(3313,'2020-11-08 13:54:07','BOSS','',' ',1,'Login','/login/zaglushka',1),(3314,'2020-11-09 09:14:45','BOSS','',' ',1,'Login','/login/zaglushka',1),(3331,'2020-11-09 12:50:33','BOSS','',' ',1,'Login','/login/zaglushka',1),(3334,'2020-11-09 12:57:33','CRM','',' : \" \"  admin',1,'Customer','/selling/main/show-selling?selling_token=Q3Gk-7cMhi5OWx27p7h5-KW_ilIFubo2&Customer%5Bchief_email%5D=pljs.plis%40tellMe.now&_pjax=%23p0',145),(3335,'2020-11-09 13:14:02','CRM','',' : \" \"  admin',1,'Customer','/selling/main/show-selling?code=4%2F6AHaNT-ZLsNA8aLG5zKGt-q__sJQSTLvi2NSyezmM87EmP4NQkjQRvDxqWeeP2v83n0g0MADXFw8DVXPb4R4Isk&scope=email+https%3A%2F%2Fwww.googleapis.com%2Fauth%2Fuserinfo.email+openid&authuser=2&prompt=consent',145),(3336,'2020-11-09 13:14:15','CRM','',' : \" \"  admin',1,'Customer','/selling/main/show-selling?selling_token=Q3Gk-7cMhi5OWx27p7h5-KW_ilIFubo2&Customer%5Bchief_email%5D=ewf4%40gmail.com&_pjax=%23p0',145),(3337,'2020-11-09 13:14:24','CRM','',' : \" \"  admin',1,'Customer','/selling/main/show-selling?code=4%2F6AFmCqc9Est2qqDHk9A7HCkp8DmIY5E1dgptRhENYruJZKvvIqXEkkZjMZfG8oS361gFVIA9Mx4dDt55vDomDak&scope=email+https%3A%2F%2Fwww.googleapis.com%2Fauth%2Fuserinfo.email+openid&authuser=1&prompt=consent',145),(3338,'2020-11-09 13:14:54','CRM','',' : \"411\"  admin',1,'Selling','/selling/talk/comment-history',411),(3340,'2020-11-09 13:15:38','CRM','',' : \"411\"  admin',1,'Selling','/selling/talk/comment-history',411),(3342,'2020-11-09 13:16:45','CRM','',' : \"411\"  admin',1,'Selling','/selling/talk/comment-history',411),(3344,'2020-11-09 13:17:11','CRM','',' : \"411\"  admin',1,'Selling','/selling/talk/comment-history',411),(3346,'2020-11-09 13:17:28','CRM','',' : \"411\"  admin',1,'Selling','/selling/talk/comment-history',411),(3350,'2020-11-09 13:32:31','BOSS','',' : \"dfghjkl\"  admin',1,'Event','/event/event/create?date_from=2020-11-10&date_to=2020-11-11&start_time=0:0:00&end_time=0:0:00&name=dfghjkl',13),(3356,'2020-11-09 14:07:53','BOSS','',' ',1,'Login','/login/zaglushka',1),(3357,'2020-11-09 14:12:22','CRM','',' :   admin',1,'Selling','/selling/form/save',412),(3358,'2020-11-09 14:12:22','CRM','',' : \"412\"  admin',1,'Selling','/selling/form/save',412),(3360,'2020-11-09 14:29:07','CRM','','   : \" \"  admin',1,'SellingProduct','/selling/nomenclature/add-position',23),(3361,'2020-11-09 14:29:14','CRM','','   : \" \"  admin',1,'SellingProduct','/selling/nomenclature/add-position',23),(3362,'2020-11-09 14:35:34','BOSS','',' ',1,'Login','/login/zaglushka',1),(3363,'2020-11-09 14:36:11','BOSS','',' ',1,'Login','/login/zaglushka',1),(3372,'2020-11-09 14:50:33','ERP','',' : \"\"  admin',1,'Product','/product/product/create',138),(3373,'2020-11-09 14:52:20','ERP','',' : \"\"  admin',1,'Product','/product/product/create',139),(3374,'2020-11-09 14:52:20','ERP','','   : \"\"  admin',1,'FieldProductValue','/product/product/create',280),(3375,'2020-11-09 14:52:20','ERP','','   : \"\"  admin',1,'FieldProductValue','/product/product/create',281),(3376,'2020-11-09 14:52:20','ERP','','   : \"\"  admin',1,'FieldProductValue','/product/product/create',282),(3383,'2020-11-09 14:58:34','CRM','','   : \" \"  admin',1,'SellingProduct','/selling/nomenclature/add-position',26),(3384,'2020-11-09 14:58:56','CRM','','   : \" -\"  admin',1,'SellingProduct','/selling/nomenclature/add-position',27),(3385,'2020-11-09 14:59:02','CRM','','   : \" -\"  admin',1,'SellingProduct','/selling/nomenclature/delete-position?id=27&selling_token=Q3Gk-7cMhi5OWx27p7h5-KW_ilIFubo2',27),(3386,'2020-11-09 14:59:06','CRM','','   : \" \"  admin',1,'SellingProduct','/selling/nomenclature/delete-position?id=26&selling_token=Q3Gk-7cMhi5OWx27p7h5-KW_ilIFubo2',26),(3387,'2020-11-09 15:08:07','ERP','',' : \"\"  admin',1,'Supplier','/supplier/supplier/update?id=9',9),(3388,'2020-11-09 15:08:08','ERP','',' : \"\"  admin',1,'Supplier','/supplier/supplier/update?id=9',9),(3389,'2020-11-09 15:08:09','ERP','',' : \"\"  admin',1,'Supplier','/supplier/supplier/update?id=9',9),(3390,'2020-11-09 15:08:11','ERP','',' : \"\"  admin',1,'Supplier','/supplier/supplier/update?id=9',9),(3391,'2020-11-09 15:16:23','CRM','',' :   admin',1,'Selling','/selling/talk/save-dialog',142),(3392,'2020-11-09 15:16:25','CRM','',' : \" \"  admin',1,'Customer','/selling/talk/end-talk?sellingId=142',27),(3393,'2020-11-09 15:17:16','CRM','',' :   admin',1,'Selling','/selling/talk/save-dialog',142),(3394,'2020-11-09 15:17:17','CRM','',' : \" \"  admin',1,'Customer','/selling/talk/end-talk?sellingId=142',27),(3406,'2020-11-10 09:02:28','BOSS','',' ',1,'Login','/login/zaglushka',1),(3407,'2020-11-10 09:02:30','BOSS','',' ',1,'Login','/login/zaglushka',1),(3409,'2020-11-10 09:19:18','BOSS','',' : \" \"  admin',1,'Item','/core/item/update?id=36',36),(3410,'2020-11-10 09:20:33','ERP','',' : \" 1\"  admin',1,'Purchase','/purchase/form/save',25),(3411,'2020-11-10 09:20:43','ERP','',' : \" 1\"  admin',1,'Purchase','/purchase/state/payment?id=25&_pjax=%23state-pjax',25),(3412,'2020-11-10 09:21:10','ERP','','  :   admin',1,'OverheadCost','/purchase/nomenclature/add-position',21),(3413,'2020-11-10 09:21:11','ERP','','  : \" Red Lable_new  \"  admin',1,'PurchaseProduct','/purchase/nomenclature/add-position',2),(3414,'2020-11-10 09:21:11','ERP','','  : \" Red Lable_new  \"  admin',1,'WarehouseProduct','/purchase/nomenclature/add-position',9),(3415,'2020-11-10 09:21:11','ERP','','  : \" Red Lable_new  \"  admin',1,'PurchaseProduct','/purchase/nomenclature/add-position',2),(3416,'2020-11-10 09:21:41','ERP','',' : \" 1\"  admin',1,'Purchase','/purchase/state/delivery?id=25&_pjax=%23state-pjax',25),(3417,'2020-11-10 09:21:42','ERP','',' : \" 1\"  admin',1,'Purchase','/purchase/state/delivery?id=25&_pjax=%23state-pjax',25),(3418,'2020-11-10 09:21:47','ERP','',' : \" 1\"  admin',1,'Purchase','/purchase/state/delivery?id=25&_pjax=%23state-pjax',25),(3419,'2020-11-10 09:27:00','BOSS','',' : \" \"  admin',1,'Item','/core/item/create?regularity_id=15',69),(3420,'2020-11-10 09:28:55','BOSS','',' : \" \"  admin',1,'Item','/core/item/update?id=69',69),(3421,'2020-11-10 09:29:57','BOSS','',' : \" \"  admin',1,'Regularity','/core/regularity/create',31),(3422,'2020-11-10 09:30:17','BOSS','',' : \" \"  admin',1,'Regularity','/core/regularity/update?id=31',31),(3424,'2020-11-10 09:44:53','BOSS','',' ',1,'Login','/login/zaglushka',1),(3523,'2020-11-10 10:32:27','BOSS','',' ',1,'Login','/login/zaglushka',1),(3559,'2020-11-10 10:48:07','BOSS','',' ',1,'Login','/login/zaglushka',1),(3593,'2020-11-10 11:58:13','BOSS','',' ',1,'Login','/login/zaglushka',1),(3643,'2020-11-11 06:25:52','BOSS','',' ',1,'Login','/login/zaglushka',1),(3644,'2020-11-11 06:29:26','BOSS','',' ',1,'Login','/login/zaglushka',1),(3645,'2020-11-11 06:51:06','BOSS','',' ',1,'Login','/login/zaglushka',1),(3660,'2020-11-11 09:09:58','BOSS','',' ',1,'Login','/login/zaglushka',1),(3661,'2020-11-11 09:21:45','BOSS','',' ',1,'Login','/login/zaglushka',1),(3662,'2020-11-11 09:22:15','ERP','',' : \" \"  admin',1,'Purchase','/purchase/form/save',26),(3663,'2020-11-11 09:22:27','ERP','',' : \" \"  admin',1,'Purchase','/purchase/state/payment?id=26&_pjax=%23state-pjax',26),(3664,'2020-11-11 09:22:35','ERP','',' : \" \"  admin',1,'Purchase','/purchase/state/initial?id=26&_pjax=%23state-pjax',26),(3665,'2020-11-11 09:22:39','ERP','',' : \" \"  admin',1,'Purchase','/purchase/state/payment?id=26&_pjax=%23state-pjax',26),(3666,'2020-11-11 09:22:44','ERP','',' : \" \"  admin',1,'Purchase','/purchase/state/delivery?id=26&_pjax=%23state-pjax',26),(3667,'2020-11-11 09:22:49','ERP','',' : \" \"  admin',1,'Purchase','/purchase/state/confirm?id=26&_pjax=%23state-pjax',26),(3668,'2020-11-11 09:23:57','ERP','',' : \"   \"  admin',1,'Purchase','/purchase/form/save',27),(3669,'2020-11-11 09:24:01','ERP','',' : \"   \"  admin',1,'Purchase','/purchase/state/payment?id=27&_pjax=%23state-pjax',27),(3670,'2020-11-11 09:24:07','ERP','',' : \"   \"  admin',1,'Purchase','/purchase/state/initial?id=27&_pjax=%23state-pjax',27),(3671,'2020-11-11 09:24:12','ERP','',' : \"   \"  admin',1,'Purchase','/purchase/state/payment?id=27&_pjax=%23state-pjax',27),(3672,'2020-11-11 09:24:13','ERP','',' : \"   \"  admin',1,'Purchase','/purchase/state/payment?id=27',27),(3673,'2020-11-11 09:24:22','ERP','',' : \"   \"  admin',1,'Purchase','/purchase/state/delivery?id=27&_pjax=%23state-pjax',27),(3674,'2020-11-11 09:24:27','ERP','',' : \"   \"  admin',1,'Purchase','/purchase/state/confirm?id=27&_pjax=%23state-pjax',27),(3675,'2020-11-11 09:25:23','ERP','',' : \"  \"  admin',1,'Purchase','/purchase/form/save',28),(3676,'2020-11-11 09:25:38','ERP','','  :   admin',1,'OverheadCost','/purchase/nomenclature/add-position',22),(3677,'2020-11-11 09:25:38','ERP','','  : \" \"  admin',1,'PurchaseProduct','/purchase/nomenclature/add-position',3),(3678,'2020-11-11 09:25:38','ERP','','  : \" \"  admin',1,'WarehouseProduct','/purchase/nomenclature/add-position',10),(3679,'2020-11-11 09:25:38','ERP','','  : \" \"  admin',1,'PurchaseProduct','/purchase/nomenclature/add-position',3),(3680,'2020-11-11 09:25:51','ERP','','  :   admin',1,'OverheadCost','/purchase/nomenclature/add-position',23),(3681,'2020-11-11 09:25:51','ERP','','  : \" \"  admin',1,'PurchaseProduct','/purchase/nomenclature/add-position',4),(3682,'2020-11-11 09:25:51','ERP','','  : \" \"  admin',1,'WarehouseProduct','/purchase/nomenclature/add-position',11),(3683,'2020-11-11 09:25:51','ERP','','  : \" \"  admin',1,'PurchaseProduct','/purchase/nomenclature/add-position',4),(3684,'2020-11-11 09:25:55','ERP','',' : \"  \"  admin',1,'Purchase','/purchase/state/payment?id=28&_pjax=%23state-pjax',28),(3685,'2020-11-11 09:25:58','ERP','',' : \"  \"  admin',1,'Purchase','/purchase/state/delivery?id=28&_pjax=%23state-pjax',28),(3686,'2020-11-11 09:26:02','ERP','',' : \"  \"  admin',1,'Purchase','/purchase/state/delivery?id=28&_pjax=%23state-pjax',28),(3687,'2020-11-11 09:26:10','ERP','','  : \" \"  admin',1,'WarehouseProduct','/purchase/state/confirm?id=28&_pjax=%23state-pjax',10),(3688,'2020-11-11 09:26:10','ERP','','  : \" \"  admin',1,'WarehouseProduct','/purchase/state/confirm?id=28&_pjax=%23state-pjax',11),(3689,'2020-11-11 09:26:10','ERP','',' : \"  \"  admin',1,'Purchase','/purchase/state/confirm?id=28&_pjax=%23state-pjax',28),(3690,'2020-11-11 09:31:34','ERP','',' : \"wadfc\"  admin',1,'Purchase','/purchase/form/save',26),(3691,'2020-11-11 09:31:46','ERP','','  :   admin',1,'OverheadCost','/purchase/nomenclature/add-position',24),(3692,'2020-11-11 09:31:46','ERP','','  : \"  50\"  admin',1,'PurchaseProduct','/purchase/nomenclature/add-position',3),(3693,'2020-11-11 09:31:47','ERP','','  : \"  50\"  admin',1,'WarehouseProduct','/purchase/nomenclature/add-position',12),(3694,'2020-11-11 09:31:47','ERP','','  : \"  50\"  admin',1,'PurchaseProduct','/purchase/nomenclature/add-position',3),(3695,'2020-11-11 09:31:50','ERP','',' : \"wadfc\"  admin',1,'Purchase','/purchase/state/payment?id=26&_pjax=%23state-pjax',26),(3696,'2020-11-11 09:31:54','ERP','',' : \"wadfc\"  admin',1,'Purchase','/purchase/state/delivery?id=26&_pjax=%23state-pjax',26),(3697,'2020-11-11 09:32:03','ERP','','  : \"  50\"  admin',1,'WarehouseProduct','/purchase/state/confirm?id=26&_pjax=%23state-pjax',12),(3698,'2020-11-11 09:32:03','ERP','',' : \"wadfc\"  admin',1,'Purchase','/purchase/state/confirm?id=26&_pjax=%23state-pjax',26),(3699,'2020-11-11 09:32:04','ERP','','  : \"  50\"  admin',1,'WarehouseProduct','/purchase/state/confirm?id=26',12),(3700,'2020-11-11 09:32:04','ERP','',' : \"wadfc\"  admin',1,'Purchase','/purchase/state/confirm?id=26',26),(3701,'2020-11-11 09:35:11','ERP','',' : \"ffsgfdhghmjh,\"  admin',1,'Purchase','/purchase/form/save',27),(3702,'2020-11-11 09:35:16','ERP','',' : \"ffsgfdhghmjh,\"  admin',1,'Purchase','/purchase/state/payment?id=27&_pjax=%23state-pjax',27),(3703,'2020-11-11 09:35:19','ERP','',' : \"ffsgfdhghmjh,\"  admin',1,'Purchase','/purchase/state/payment?id=27&_pjax=%23purchase-nomenclature-pjax',27),(3704,'2020-11-11 09:35:20','ERP','',' : \"ffsgfdhghmjh,\"  admin',1,'Purchase','/purchase/state/payment?id=27',27),(3705,'2020-11-11 09:35:50','ERP','',' : \"ffsgfdhghmjh,\"  admin',1,'Purchase','/purchase/state/delivery?id=27',27),(3706,'2020-11-11 09:35:55','ERP','',' : \"ffsgfdhghmjh,\"  admin',1,'Purchase','/purchase/state/confirm?id=27',27),(3707,'2020-11-11 09:37:29','ERP','',' : \"ffsgfdhghmjh,\"  admin',1,'Purchase','/purchase/state/confirm?id=27',27),(3708,'2020-11-11 09:41:19','ERP','',' : \"wadfc\"  admin',1,'Purchase','/purchase/state/payment?id=26&_pjax=%23state-pjax',26),(3709,'2020-11-11 09:41:24','ERP','',' : \"wadfc\"  admin',1,'Purchase','/purchase/state/delivery?id=26&_pjax=%23state-pjax',26),(3710,'2020-11-11 09:41:32','ERP','','  : \"  50\"  admin',1,'WarehouseProduct','/purchase/state/confirm?id=26&_pjax=%23state-pjax',12),(3711,'2020-11-11 09:41:32','ERP','',' : \"wadfc\"  admin',1,'Purchase','/purchase/state/confirm?id=26&_pjax=%23state-pjax',26),(3712,'2020-11-11 09:41:33','ERP','','  : \"  50\"  admin',1,'WarehouseProduct','/purchase/state/confirm?id=26',12),(3713,'2020-11-11 09:41:33','ERP','',' : \"wadfc\"  admin',1,'Purchase','/purchase/state/confirm?id=26',26),(3714,'2020-11-11 09:41:57','ERP','',' : \"ffsgfdhghmjh,\"  admin',1,'Purchase','/purchase/state/confirm?id=27',27),(3715,'2020-11-11 09:42:11','ERP','',' : \"ffsgfdhghmjh,\"  admin',1,'Purchase','/purchase/state/confirm?id=27',27),(3716,'2020-11-11 09:42:14','ERP','',' : \"ffsgfdhghmjh,\"  admin',1,'Purchase','/purchase/state/confirm?id=27',27),(3717,'2020-11-11 09:42:20','ERP','',' : \"ffsgfdhghmjh,\"  admin',1,'Purchase','/purchase/state/confirm?id=27',27),(3718,'2020-11-11 09:42:34','ERP','',' : \"ffsgfdhghmjh,\"  admin',1,'Purchase','/purchase/state/confirm?id=27',27),(3719,'2020-11-11 09:42:42','ERP','',' : \"ffsgfdhghmjh,\"  admin',1,'Purchase','/purchase/state/confirm?id=27',27),(3720,'2020-11-11 09:45:39','ERP','',' : \"ffsgfdhghmjh,\"  admin',1,'Purchase','/purchase/state/confirm?id=27',27),(3721,'2020-11-11 09:45:41','ERP','',' : \"ffsgfdhghmjh,\"  admin',1,'Purchase','/purchase/state/confirm?id=27',27),(3722,'2020-11-11 09:46:11','ERP','',' : \"ffsgfdhghmjh,\"  admin',1,'Purchase','/purchase/state/confirm?id=27',27),(3723,'2020-11-11 09:46:33','ERP','',' : \"ffsgfdhghmjh,\"  admin',1,'Purchase','/purchase/state/confirm?id=27',27),(3724,'2020-11-11 10:18:27','ERP','',' : \"ffsgfdhghmjh,\"  admin',1,'Purchase','/purchase/state/confirm?id=27',27),(3725,'2020-11-11 10:18:27','ERP','',' : \"ffsgfdhghmjh,\"  admin',1,'Purchase','/purchase/state/confirm?id=27',27),(3726,'2020-11-11 10:19:31','ERP','',' : \"ffsgfdhghmjh,\"  admin',1,'Purchase','/purchase/state/confirm?id=27',27),(3727,'2020-11-11 10:21:18','BOSS','',' : \" \"  admin',1,'Item','/core/item/update?id=25',25),(3728,'2020-11-11 10:23:05','BOSS','',' : \"fsdgfhgjhmj,\"  admin',1,'Item','/core/item/create?regularity_id=22&parent_id=25',70),(3729,'2020-11-11 10:24:17','BOSS','',' : \"wafgdhgkjkl;\"  admin',1,'Item','/core/item/create?regularity_id=22&parent_id=25',71),(3730,'2020-11-11 10:28:46','ERP','',' : \"\"  admin',1,'Field','/product/field/update?id=119',119),(3731,'2020-11-11 10:28:46','ERP','','  : \"adsfdgfhgjhkjlk;hjghdgd11111\"  admin',1,'FieldValue','/product/field/update?id=119',216),(3732,'2020-11-11 10:28:46','ERP','','  : \"\"  admin',1,'FieldValue','/product/field/update?id=119',164),(3733,'2020-11-11 10:28:46','ERP','','  : \"dwa\"  admin',1,'FieldValue','/product/field/update?id=119',173),(3734,'2020-11-11 10:29:04','ERP','',' : \"\"  admin',1,'Field','/product/field/update?id=119',119),(3735,'2020-11-11 10:29:04','ERP','','  : \"\"  admin',1,'FieldValue','/product/field/update?id=119',164),(3736,'2020-11-11 10:29:04','ERP','','  : \"dwa\"  admin',1,'FieldValue','/product/field/update?id=119',173),(3737,'2020-11-11 10:29:04','ERP','','  : \"adsfdgfhgjhkjlkhjghdgd11111\"  admin',1,'FieldValue','/product/field/update?id=119',216),(3738,'2020-11-11 10:29:19','ERP','',' : \"\"  admin',1,'Field','/product/field/update?id=119',119),(3739,'2020-11-11 10:29:19','ERP','','  : \"\"  admin',1,'FieldValue','/product/field/update?id=119',164),(3740,'2020-11-11 10:29:19','ERP','','  : \"dwa\"  admin',1,'FieldValue','/product/field/update?id=119',173),(3741,'2020-11-11 10:29:19','ERP','','  : \"adsfdgfhgjhkjlkhjghdgd11111\"  admin',1,'FieldValue','/product/field/update?id=119',216),(3742,'2020-11-11 10:29:31','ERP','',' : \"\"  admin',1,'Field','/product/field/update?id=119',119),(3743,'2020-11-11 10:32:22','ERP','',' : \"\"  admin',1,'Field','/product/field/delete?id=121',121),(3744,'2020-11-11 10:40:35','BOSS','',' ',1,'Login','/login/zaglushka',1),(3745,'2020-11-11 10:41:54','ERP','',' : \"ffsgfdhghmjh,\"  admin',1,'Purchase','/purchase/state/confirm?id=27',27),(3749,'2020-11-11 12:52:23','ERP','',' : \"\"  admin',1,'Product','/product/product/create',140),(3750,'2020-11-11 12:52:23','ERP','','   : \"\"  admin',1,'FieldProductValue','/product/product/create',283),(3751,'2020-11-11 12:52:23','ERP','','   : \"\"  admin',1,'FieldProductValue','/product/product/create',284),(3752,'2020-11-11 12:52:24','ERP','','   : \"\"  admin',1,'FieldProductValue','/product/product/create',285),(3753,'2020-11-11 12:52:24','ERP','','   : \"\"  admin',1,'FieldProductValue','/product/product/create',286),(3754,'2020-11-11 12:52:24','ERP','','   : \"\"  admin',1,'FieldProductValue','/product/product/create',287),(3755,'2020-11-11 12:52:24','ERP','','   : \"\"  admin',1,'FieldProductValue','/product/product/create',288),(3756,'2020-11-11 12:52:24','ERP','','   : \"\"  admin',1,'FieldProductValue','/product/product/create',289),(3757,'2020-11-11 12:53:24','ERP','','   : \"\"  admin',1,'FieldProductValue','/product/product/update?id=140',283),(3758,'2020-11-11 12:53:24','ERP','','   : \"\"  admin',1,'FieldProductValue','/product/product/update?id=140',284),(3759,'2020-11-11 12:53:24','ERP','','   : \"\"  admin',1,'FieldProductValue','/product/product/update?id=140',285),(3760,'2020-11-11 12:53:24','ERP','','   : \"\"  admin',1,'FieldProductValue','/product/product/update?id=140',286),(3761,'2020-11-11 12:53:25','ERP','','   : \"\"  admin',1,'FieldProductValue','/product/product/update?id=140',287),(3762,'2020-11-11 12:53:25','ERP','','   : \"\"  admin',1,'FieldProductValue','/product/product/update?id=140',288),(3763,'2020-11-11 12:53:25','ERP','','   : \"\"  admin',1,'FieldProductValue','/product/product/update?id=140',289),(3764,'2020-11-11 12:53:25','ERP','',' : \"\"  admin',1,'Product','/product/product/update?id=140',140),(3765,'2020-11-11 12:56:38','ERP','','   : \"\"  admin',1,'FieldProductValue','/product/product/update?id=140',283),(3766,'2020-11-11 12:56:38','ERP','','   : \"\"  admin',1,'FieldProductValue','/product/product/update?id=140',284),(3767,'2020-11-11 12:56:39','ERP','','   : \"\"  admin',1,'FieldProductValue','/product/product/update?id=140',285),(3768,'2020-11-11 12:56:39','ERP','','   : \"\"  admin',1,'FieldProductValue','/product/product/update?id=140',286),(3769,'2020-11-11 12:56:39','ERP','','   : \"\"  admin',1,'FieldProductValue','/product/product/update?id=140',287),(3770,'2020-11-11 12:56:39','ERP','','   : \"\"  admin',1,'FieldProductValue','/product/product/update?id=140',288),(3771,'2020-11-11 12:56:39','ERP','','   : \"\"  admin',1,'FieldProductValue','/product/product/update?id=140',289),(3772,'2020-11-11 12:56:39','ERP','',' : \"\"  admin',1,'Product','/product/product/update?id=140',140),(3773,'2020-11-11 12:59:35','ERP','',' : \"\"  admin',1,'Manufacturer','/product/manufacturer/create',15),(3774,'2020-11-11 13:00:10','ERP','','   : \"\"  admin',1,'FieldProductValue','/product/product/update?id=140',283),(3775,'2020-11-11 13:00:10','ERP','','   : \"\"  admin',1,'FieldProductValue','/product/product/update?id=140',284),(3776,'2020-11-11 13:00:10','ERP','','   : \"\"  admin',1,'FieldProductValue','/product/product/update?id=140',285),(3777,'2020-11-11 13:00:10','ERP','','   : \"\"  admin',1,'FieldProductValue','/product/product/update?id=140',286),(3778,'2020-11-11 13:00:10','ERP','','   : \"\"  admin',1,'FieldProductValue','/product/product/update?id=140',287),(3779,'2020-11-11 13:00:10','ERP','','   : \"\"  admin',1,'FieldProductValue','/product/product/update?id=140',288),(3780,'2020-11-11 13:00:11','ERP','','   : \"\"  admin',1,'FieldProductValue','/product/product/update?id=140',289),(3781,'2020-11-11 13:00:11','ERP','',' : \"\"  admin',1,'Product','/product/product/update?id=140',140),(3782,'2020-11-11 13:35:59','ERP','',' : \"\"  admin',1,'Field','/product/field/update?id=130',130),(3783,'2020-11-11 13:35:59','ERP','','  : \"\"  admin',1,'FieldValue','/product/field/update?id=130',216),(3784,'2020-11-11 13:35:59','ERP','','  : \" \"  admin',1,'FieldValue','/product/field/update?id=130',194),(3785,'2020-11-11 13:35:59','ERP','','  : \"\"  admin',1,'FieldValue','/product/field/update?id=130',195),(3786,'2020-11-11 13:36:00','ERP','','  : \" \"  admin',1,'FieldValue','/product/field/update?id=130',196),(3787,'2020-11-11 13:36:00','ERP','','  : \"\"  admin',1,'FieldValue','/product/field/update?id=130',197),(3788,'2020-11-11 13:42:16','ERP','',' : \"\"  admin',1,'Product','/product/product/create',141),(3794,'2020-11-11 13:48:31','BOSS','',' ',1,'Login','/login/zaglushka',1),(3795,'2020-11-11 13:55:59','BOSS','',' ',1,'Login','/login/zaglushka',1),(3796,'2020-11-11 13:57:48','BOSS','',' ',1,'Login','/login/zaglushka',1),(3797,'2020-11-11 14:33:17','BOSS','',' ',1,'Login','/login/zaglushka',1),(3798,'2020-11-11 14:38:35','CRM','',' :   admin',1,'Selling','/selling/form/save',417),(3799,'2020-11-11 14:38:35','CRM','',' : \"417\"  admin',1,'Selling','/selling/form/save',417),(3800,'2020-11-11 14:39:17','CRM','',' : \"417\"  admin',1,'Selling','/selling/talk/save-dialog',417),(3801,'2020-11-11 14:39:18','CRM','',' : \" \"  admin',1,'Customer','/selling/talk/end-talk?sellingId=417',113),(3802,'2020-11-11 14:39:38','ERP','',' : \"\"  admin',1,'Field','/product/field/update?id=118',118),(3803,'2020-11-11 14:39:38','ERP','','  : \"awfesgdhfj\"  admin',1,'FieldValue','/product/field/update?id=118',217),(3804,'2020-11-11 14:39:38','ERP','','  : \"sgdfhgjhj,m\"  admin',1,'FieldValue','/product/field/update?id=118',218),(3805,'2020-11-11 14:39:39','ERP','','  : \"qwdfesvd\"  admin',1,'FieldValue','/product/field/update?id=118',178),(3806,'2020-11-11 14:39:39','ERP','','  : \"qdwfevsd\"  admin',1,'FieldValue','/product/field/update?id=118',179),(3807,'2020-11-11 14:39:39','ERP','','  : \"eq2dwfesvdf\"  admin',1,'FieldValue','/product/field/update?id=118',180),(3808,'2020-11-11 14:40:45','CRM','',' : \"417\"  admin',1,'Selling','/selling/talk/save-dialog',417),(3809,'2020-11-11 14:40:47','CRM','',' : \" \"  admin',1,'Customer','/selling/talk/end-talk?sellingId=417',113),(3818,'2020-11-11 14:50:30','ERP','',' : \"\"  admin',1,'Field','/product/field/update?id=119',119),(3819,'2020-11-11 14:50:30','ERP','','  : \"3wwterytyjk\"  admin',1,'FieldValue','/product/field/update?id=119',219),(3820,'2020-11-11 14:50:30','ERP','','  : \"gdfhgmh\"  admin',1,'FieldValue','/product/field/update?id=119',220),(3821,'2020-11-11 14:50:30','ERP','','  : \"ghmdxfcgvm\"  admin',1,'FieldValue','/product/field/update?id=119',221),(3822,'2020-11-11 14:50:30','ERP','','  : \"gvmhb\"  admin',1,'FieldValue','/product/field/update?id=119',222),(3829,'2020-11-11 14:58:30','ERP','',' : \"wdasc\"  admin',1,'Field','/product/field/update?id=123',123),(3830,'2020-11-11 14:58:30','ERP','','  : \"wafesgdfgn\"  admin',1,'FieldValue','/product/field/update?id=123',223),(3831,'2020-11-11 14:58:31','ERP','','  : \"sefgdfbgn\"  admin',1,'FieldValue','/product/field/update?id=123',224),(3832,'2020-11-11 14:58:31','ERP','','  : \"sfdgfbgnvhbn\"  admin',1,'FieldValue','/product/field/update?id=123',225),(3833,'2020-11-11 14:59:53','ERP','',' : \"wdasc\"  admin',1,'Field','/product/field/update?id=123',123),(3834,'2020-11-11 15:00:25','ERP','','   : \" Red Lable_new  \"  admin',1,'FieldProductValue','/product/product/update?id=70',214),(3835,'2020-11-11 15:00:26','ERP','','   : \" Red Lable_new  \"  admin',1,'FieldProductValue','/product/product/update?id=70',292),(3836,'2020-11-11 15:00:26','ERP','','   : \" Red Lable_new  \"  admin',1,'FieldProductValue','/product/product/update?id=70',228),(3837,'2020-11-11 15:00:26','ERP','','   : \" Red Lable_new  \"  admin',1,'FieldProductValue','/product/product/update?id=70',293),(3838,'2020-11-11 15:00:26','ERP','','   : \" Red Lable_new  \"  admin',1,'FieldProductValue','/product/product/update?id=70',277),(3839,'2020-11-11 15:00:26','ERP','','   : \" Red Lable_new  \"  admin',1,'FieldProductValue','/product/product/update?id=70',278),(3840,'2020-11-11 15:00:26','ERP','','   : \" Red Lable_new  \"  admin',1,'FieldProductValue','/product/product/update?id=70',279),(3841,'2020-11-11 15:00:26','ERP','',' : \" Red Lable_new  \"  admin',1,'Product','/product/product/update?id=70',70),(3842,'2020-11-11 15:01:21','ERP','',' : \"wdasc\"  admin',1,'Field','/product/field/update?id=123',123),(3843,'2020-11-11 15:01:21','ERP','','  : \"weafesgd\"  admin',1,'FieldValue','/product/field/update?id=123',223),(3844,'2020-11-11 15:01:22','ERP','','  : \"sefgdfbgn\"  admin',1,'FieldValue','/product/field/update?id=123',224),(3845,'2020-11-11 15:01:49','ERP','','   : \" Red Lable_new  \"  admin',1,'FieldProductValue','/product/product/update?id=70',214),(3846,'2020-11-11 15:01:49','ERP','','   : \" Red Lable_new  \"  admin',1,'FieldProductValue','/product/product/update?id=70',292),(3847,'2020-11-11 15:01:50','ERP','','   : \" Red Lable_new  \"  admin',1,'FieldProductValue','/product/product/update?id=70',228),(3848,'2020-11-11 15:01:50','ERP','','   : \" Red Lable_new  \"  admin',1,'FieldProductValue','/product/product/update?id=70',293),(3849,'2020-11-11 15:01:50','ERP','','   : \" Red Lable_new  \"  admin',1,'FieldProductValue','/product/product/update?id=70',277),(3850,'2020-11-11 15:01:50','ERP','','   : \" Red Lable_new  \"  admin',1,'FieldProductValue','/product/product/update?id=70',278),(3851,'2020-11-11 15:01:50','ERP','','   : \" Red Lable_new  \"  admin',1,'FieldProductValue','/product/product/update?id=70',279),(3852,'2020-11-11 15:01:50','ERP','',' : \" Red Lable_new  \"  admin',1,'Product','/product/product/update?id=70',70),(3853,'2020-11-11 15:02:41','ERP','',' : \"wdasc\"  admin',1,'Field','/product/field/update?id=123',123),(3859,'2020-11-11 15:43:44','BOSS','',' ',1,'Login','/login/zaglushka',1),(3864,'2020-11-11 15:59:05','BOSS','',' ',1,'Login','/login/zaglushka',1),(3865,'2020-11-11 16:00:22','BOSS','',' ',1,'Login','/login/zaglushka',1),(3866,'2020-11-11 16:04:52','CRM','',' :   admin',1,'Selling','/selling/form/save',418),(3867,'2020-11-11 16:04:52','CRM','',' : \"418\"  admin',1,'Selling','/selling/form/save',418),(3868,'2020-11-11 16:05:07','CRM','',' : \"418\"  admin',1,'Selling','/selling/talk/comment-history',418),(3869,'2020-11-11 16:05:15','CRM','',' : \"418\"  admin',1,'Selling','/selling/talk/comment-history',418),(3871,'2020-11-11 16:20:29','CRM','',' : \"418\"  admin',1,'Selling','/selling/talk/comment-history',418),(3872,'2020-11-11 16:20:35','CRM','',' : \"418\"  admin',1,'Selling','/selling/talk/comment-history',418),(3873,'2020-11-11 16:20:46','CRM','',' : \"418\"  admin',1,'Selling','/selling/talk/comment-history',418),(3874,'2020-11-11 16:20:50','CRM','',' : \"418\"  admin',1,'Selling','/selling/talk/comment-history',418),(3875,'2020-11-12 05:58:00','BOSS','',' ',1,'Login','/login/zaglushka',1),(3878,'2020-11-12 08:59:34','BOSS','',' ',1,'Login','/login/zaglushka',1),(3879,'2020-11-12 09:48:29','ERP','',' : \" 21\"  admin',1,'Purchase','/purchase/form/save',28),(3880,'2020-11-12 09:49:28','ERP','','  :   admin',1,'OverheadCost','/purchase/nomenclature/add-position',25),(3881,'2020-11-12 09:49:28','ERP','','  : \" Red Lable_new  \"  admin',1,'PurchaseProduct','/purchase/nomenclature/add-position',4),(3882,'2020-11-12 09:49:28','ERP','','  : \" Red Lable_new  \"  admin',1,'PurchaseProduct','/purchase/nomenclature/add-position',4),(3883,'2020-11-12 09:51:30','ERP','','  :   admin',1,'OverheadCost','/purchase/nomenclature/add-position',26),(3884,'2020-11-12 09:51:30','ERP','','  : \"\"  admin',1,'PurchaseProduct','/purchase/nomenclature/add-position',5),(3885,'2020-11-12 09:51:30','ERP','','  : \"\"  admin',1,'WarehouseProduct','/purchase/nomenclature/add-position',13),(3886,'2020-11-12 09:51:30','ERP','','  : \"\"  admin',1,'PurchaseProduct','/purchase/nomenclature/add-position',5),(3887,'2020-11-12 09:53:34','ERP','','  :   admin',1,'OverheadCost','/purchase/nomenclature/add-overhead-cost?id=28',27),(3888,'2020-11-12 09:53:34','ERP','','   :   admin',1,'PurchaseOverheadCost','/purchase/nomenclature/add-overhead-cost?id=28',6),(3889,'2020-11-12 09:54:00','ERP','',' : \" 21\"  admin',1,'Purchase','/purchase/state/payment?id=28&_pjax=%23state-pjax',28),(3890,'2020-11-12 09:54:27','ERP','',' : \" 21\"  admin',1,'Purchase','/purchase/state/delivery?id=28&_pjax=%23state-pjax',28),(3891,'2020-11-12 09:55:46','ERP','','  : \" Red Lable_new  \"  admin',1,'WarehouseProduct','/purchase/state/confirm?id=28&_pjax=%23state-pjax',9),(3892,'2020-11-12 09:55:47','ERP','','  : \" Red Lable_new  \"  admin',1,'WarehouseProduct','/purchase/state/confirm?id=28',9),(3893,'2020-11-12 09:56:47','ERP','','  :   admin',1,'OverheadCost','/purchase/nomenclature/delete-overhead-cost?id=27&purchaseId=28',27),(3894,'2020-11-12 09:56:52','ERP','','  : \" Red Lable_new  \"  admin',1,'WarehouseProduct','/purchase/state/confirm?id=28&_pjax=%23state-pjax',9),(3895,'2020-11-12 09:56:52','ERP','','  : \"\"  admin',1,'WarehouseProduct','/purchase/state/confirm?id=28&_pjax=%23state-pjax',13),(3896,'2020-11-12 09:56:52','ERP','',' : \" 21\"  admin',1,'Purchase','/purchase/state/confirm?id=28&_pjax=%23state-pjax',28),(3897,'2020-11-12 10:15:25','HRM','',' : \"-\"  admin',1,'Interview','/hr/form/save',146),(3898,'2020-11-12 10:18:39','HRM','',' : \"-\"  admin',1,'Interview','/hr/talk/save-dialog',146),(3899,'2020-11-12 10:18:57','HRM','',' : \"-\"  admin',1,'Interview','/hr/state/hot?id=146&_pjax=%23state-pjax',146),(3900,'2020-11-12 10:19:26','HRM','',' : \"-\"  admin',1,'Interview','/hr/form/save',147),(3909,'2020-11-12 12:48:46','BOSS','',' ',1,'Login','/login/zaglushka',1),(3986,'2020-11-12 13:42:48','BOSS','',' : \"\"  admin',1,'Event','/event/event/create?date_from=2020-11-11&date_to=2020-11-11&start_time=5:30:00&end_time=8:30:00',24),(3987,'2020-11-12 13:43:17','BOSS','',' : \"\"  admin',1,'Event','/event/event/create?date_from=2020-11-13&date_to=2020-11-13&start_time=2:30:00&end_time=6:30:00',25),(4011,'2020-11-12 13:56:54','BOSS','',' : \"fghj\"  admin',1,'Event','/event/event/create?date_from=2020-11-14&date_to=2020-11-14&start_time=4:30:00&end_time=18:0:00',26),(4012,'2020-11-12 13:57:22','BOSS','',' : \"fgbn\"  admin',1,'Event','/event/event/create?date_from=2020-11-13&date_to=2020-11-13&start_time=4:30:00&end_time=5:30:00',27),(4013,'2020-11-12 13:58:38','BOSS','',' : \" \"  admin',1,'Event','/event/event/update?json&id=22',22),(4014,'2020-11-12 13:58:55','BOSS','',' : \"\"  admin',1,'Event','/event/event/update?json&id=24',24),(4015,'2020-11-12 13:59:18','BOSS','',' : \"test\"  admin',1,'Event','/event/event/create?date_from=2020-11-13&date_to=2020-11-14&start_time=12:30:00&end_time=13:30:00',28),(4019,'2020-11-12 13:59:57','BOSS','',' : \"test\"  admin',1,'Event','/event/event/update?json&id=28',28),(4020,'2020-11-12 14:00:17','BOSS','',' : \"test\"  admin',1,'Event','/event/event/update?json&id=28',28),(4028,'2020-11-12 14:02:05','BOSS','',' : \"ddedeed\"  admin',1,'Event','/event/event/create?date_from=2020-11-14&date_to=2020-11-14&start_time=9:0:00&end_time=14:30:00',29),(4031,'2020-11-12 14:04:09','BOSS','',' : \"edeeded\"  admin',1,'Event','/event/event/create?date_from=2020-11-15&date_to=2020-11-15&start_time=2:0:00&end_time=13:30:00',30),(4114,'2020-11-12 15:11:49','BOSS','',' ',1,'Login','/login/zaglushka',1),(4115,'2020-11-12 15:12:19','BOSS','',' ',1,'Login','/login/zaglushka',1),(4145,'2020-11-12 15:54:29','BOSS','',' ',1,'Login','/login/zaglushka',1),(4163,'2020-11-13 08:12:01','CRM','','  ',1,'Selling','/selling/form/save?id=142',142),(4164,'2020-11-13 08:12:01','CRM','',' :   admin',1,'Selling','/selling/form/save?id=142',142),(4165,'2020-11-13 08:12:01','CRM','',' : \"142\"  admin',1,'Selling','/selling/form/save?id=142',142),(4166,'2020-11-13 09:53:31','ERP','',' : \" 1\"  admin',1,'Purchase','/purchase/form/save',32),(4167,'2020-11-13 10:03:38','HRM','',' : \" 555555\"  admin',1,'Project','/project/project/create',84),(4168,'2020-11-13 10:03:53','HRM','',' : \"Yoyoidlkdm\"  admin',1,'Project','/project/project/delete?id=80',80),(4169,'2020-11-13 10:07:28','HRM','',' : \"\"  admin',1,'Worker','/worker/worker/update?id=30',30),(4170,'2020-11-13 10:10:13','HRM','',' : \"-\"  admin',1,'Interview','/hr/form/save',152),(4171,'2020-11-13 10:11:46','HRM','',' : \"\"  admin',1,'Worker','/worker/worker/create',133),(4172,'2020-11-13 10:20:36','CRM','','  ',1,'Selling','/selling/form/save?id=154',154),(4173,'2020-11-13 10:20:36','CRM','',' :   admin',1,'Selling','/selling/form/save?id=154',154),(4174,'2020-11-13 10:20:36','CRM','',' : \"154\"  admin',1,'Selling','/selling/form/save?id=154',154),(4175,'2020-11-13 10:23:12','CRM','',' : \"154\"  admin',1,'Selling','/selling/form/save?id=154',154),(4176,'2020-11-13 10:23:12','CRM','',' : \"154154\"  admin',1,'Selling','/selling/form/save?id=154',154),(4177,'2020-11-13 10:23:38','CRM','','   : \"  50\"  admin',1,'SellingProduct','/selling/nomenclature/add-position',26),(4178,'2020-11-13 10:26:05','CRM','',' : \"154154\"  admin',1,'Selling','/selling/form/save?id=154',154),(4179,'2020-11-13 10:26:05','CRM','',' : \"154154154\"  admin',1,'Selling','/selling/form/save?id=154',154),(4205,'2020-11-13 12:14:00','BOSS','',' ',1,'Login','/login/zaglushka',1),(4214,'2020-11-13 12:29:44','BOSS','',' ',1,'Login','/login/zaglushka',1),(4222,'2020-11-13 13:22:57','CRM','',' : \"142\"  admin',1,'Selling','/selling/form/save?id=142',142),(4223,'2020-11-13 13:22:57','CRM','',' : \"142142\"  admin',1,'Selling','/selling/form/save?id=142',142),(4224,'2020-11-13 13:23:37','CRM','',' :   admin',1,'Selling','/selling/form/save',422),(4225,'2020-11-13 13:23:37','CRM','',' : \"422\"  admin',1,'Selling','/selling/form/save',422),(4226,'2020-11-13 13:23:53','CRM','',' : \"422\"  admin',1,'Selling','/selling/form/save?id=422',422),(4227,'2020-11-13 13:23:54','CRM','',' : \"422422\"  admin',1,'Selling','/selling/form/save?id=422',422),(4228,'2020-11-13 13:24:06','CRM','',' : \"422422\"  admin',1,'Selling','/selling/form/save?id=422',422),(4229,'2020-11-13 13:24:06','CRM','',' : \"422422422\"  admin',1,'Selling','/selling/form/save?id=422',422),(4230,'2020-11-13 13:24:54','CRM','',' : \"422422422\"  admin',1,'Selling','/selling/form/save?id=422',422),(4231,'2020-11-13 13:24:54','CRM','',' : \"422422422422\"  admin',1,'Selling','/selling/form/save?id=422',422),(4232,'2020-11-13 13:25:05','CRM','',' : \"422422422422\"  admin',1,'Selling','/selling/form/save?id=422',422),(4233,'2020-11-13 13:25:05','CRM','',' : \"422422422422422\"  admin',1,'Selling','/selling/form/save?id=422',422),(4234,'2020-11-13 13:47:11','BOSS','',' : \"\"  admin',1,'Event','/event/event/create?date_from=2020-11-07&date_to=2020-11-08&start_time=0:0:00&end_time=0:0:00',32),(4239,'2020-11-13 14:06:04','BOSS','',' ',1,'Login','/login/zaglushka',1),(4242,'2020-11-13 14:13:54','BOSS','',' ',1,'Login','/login/zaglushka',1),(4244,'2020-11-13 14:25:36','BOSS','',' : \"fwerfwf\"  admin',1,'Event','/event/event/create?date_from=2020-11-08&date_to=2020-11-09&start_time=0:0:00&end_time=0:0:00',33),(4284,'2020-11-13 14:54:03','BOSS','',' : \"test\"  admin',1,'Event','/event/event/create?date_from=2020-11-14&date_to=2020-11-14&start_time=3:30:00&end_time=9:0:00',34),(4291,'2020-11-13 15:08:04','BOSS','',' : \"test\"  admin',1,'Event','/event/event/update?json&id=34',34),(4292,'2020-11-13 15:08:37','BOSS','',' : \"rfdgtfhjkl\"  admin',1,'Event','/event/event/create?date_from=2020-11-14&date_to=2020-11-14&start_time=2:30:00&end_time=10:30:00',35),(4293,'2020-11-13 15:08:48','BOSS','',' : \"rfdgtfhjkl\"  admin',1,'Event','/event/event/update?json&id=35',35),(4294,'2020-11-13 15:09:40','BOSS','',' : \"test\"  admin',1,'Event','/event/event/update?json&id=34',34),(4295,'2020-11-13 15:10:02','BOSS','',' : \"rerere\"  admin',1,'Event','/event/event/create?date_from=2020-11-14&date_to=2020-11-14&start_time=7:30:00&end_time=8:0:00',36),(4296,'2020-11-13 15:10:11','BOSS','',' : \"rerere\"  admin',1,'Event','/event/event/update?json&id=36',36),(4297,'2020-11-13 15:11:14','BOSS','',' : \"rerere\"  admin',1,'Event','/event/event/update?json&id=36',36),(4298,'2020-11-13 15:11:37','BOSS','',' : \"rerere\"  admin',1,'Event','/event/event/update?json&id=36',36),(4299,'2020-11-13 15:11:41','BOSS','',' : \"rerere\"  admin',1,'Event','/event/event/update?json&id=36',36),(4300,'2020-11-13 15:12:03','BOSS','',' : \"rerere\"  admin',1,'Event','/event/event/update?json&id=36',36),(4310,'2020-11-13 15:22:49','BOSS','',' : \"rerere\"  admin',1,'Event','/event/event/update?json&id=36',36),(4311,'2020-11-13 15:24:20','BOSS','',' : \"rfdgtfhjkl\"  admin',1,'Event','/event/event/update?json&id=35',35),(4312,'2020-11-13 15:24:20','BOSS','',' : \"rfdgtfhjkl\"  admin',1,'Event','/event/event/update?json&id=35',35),(4313,'2020-11-13 15:24:56','BOSS','',' : \"test\"  admin',1,'Event','/event/event/update?json&id=34',34),(4314,'2020-11-13 15:24:56','BOSS','',' : \"test\"  admin',1,'Event','/event/event/update?json&id=34',34),(4315,'2020-11-13 15:25:08','BOSS','',' : \"test\"  admin',1,'Event','/event/event/update?json&id=34',34),(4316,'2020-11-13 15:25:08','BOSS','',' : \"test\"  admin',1,'Event','/event/event/update?json&id=34',34),(4317,'2020-11-13 15:25:32','BOSS','',' : \"rerere\"  admin',1,'Event','/event/event/update?json&id=36',36),(4318,'2020-11-13 15:25:32','BOSS','',' : \"rerere\"  admin',1,'Event','/event/event/update?json&id=36',36),(4319,'2020-11-13 15:25:52','BOSS','',' : \"rerere\"  admin',1,'Event','/event/event/update?json&id=36',36),(4320,'2020-11-13 15:25:52','BOSS','',' : \"rerere\"  admin',1,'Event','/event/event/update?json&id=36',36),(4321,'2020-11-13 15:26:34','BOSS','',' : \"rerere\"  admin',1,'Event','/event/event/update?json&id=36',36),(4322,'2020-11-13 15:26:34','BOSS','',' : \"rerere\"  admin',1,'Event','/event/event/update?json&id=36',36),(4323,'2020-11-13 15:26:58','BOSS','',' ',1,'Login','/login/zaglushka',1),(4324,'2020-11-13 15:27:16','BOSS','',' : \"rerere\"  admin',1,'Event','/event/event/update?json&id=36',36),(4325,'2020-11-13 15:27:16','BOSS','',' : \"rerere\"  admin',1,'Event','/event/event/update?json&id=36',36),(4326,'2020-11-13 15:45:00','BOSS','',' : \"wswsswws\"  admin',1,'Event','/event/event/create?date_from=2020-11-12&date_to=2020-11-12&start_time=6:0:00&end_time=6:30:00',37),(4328,'2020-11-13 15:46:14','BOSS','',' : \"weee\"  admin',1,'Event','/event/event/create?date_from=2020-11-12&date_to=2020-11-12&start_time=10:0:00&end_time=15:0:00',38),(4329,'2020-11-13 15:47:03','BOSS','',' : \"weee\"  admin',1,'Event','/event/event/update?json&id=38',38),(4330,'2020-11-13 15:48:47','BOSS','',' : \"weee\"  admin',1,'Event','/event/event/update?json&id=38',38),(4331,'2020-11-13 15:49:02','BOSS','',' : \"weee\"  admin',1,'Event','/event/event/update?json&id=38',38),(4332,'2020-11-13 15:49:03','BOSS','',' : \"weee\"  admin',1,'Event','/event/event/update?json&id=38',38),(4333,'2020-11-13 15:49:07','BOSS','',' : \"weee\"  admin',1,'Event','/event/event/update?json&id=38',38),(4334,'2020-11-13 15:49:11','BOSS','',' : \"weee\"  admin',1,'Event','/event/event/update?json&id=38',38),(4338,'2020-11-13 15:57:32','BOSS','',' : \"sdc\"  admin',1,'Event','/event/event/create?date_from=2020-11-12&date_to=2020-11-12&start_time=8:0:00&end_time=8:30:00',39),(4339,'2020-11-13 15:57:38','BOSS','',' : \"sdc\"  admin',1,'Event','/event/event/update?json&id=39',39),(4347,'2020-11-13 16:23:36','BOSS','',' : \"sdc\"  admin',1,'Event','/event/event/update?json&id=39',39),(4348,'2020-11-13 16:23:46','BOSS','',' : \"sdc\"  admin',1,'Event','/event/event/update?json&id=39',39),(4349,'2020-11-13 16:25:12','BOSS','',' : \"sdc\"  admin',1,'Event','/event/event/update?json&id=39',39),(4358,'2020-11-16 08:51:49','BOSS','',' ',1,'Login','/login/zaglushka',1),(4365,'2020-11-16 09:21:42','BOSS','',' : \"\"  admin',1,'Event','/event/event/create?date_from=2020-11-18&date_to=2020-11-18&start_time=4:0:00&end_time=6:30:00',40),(4366,'2020-11-16 09:21:46','BOSS','',' : \"\"  admin',1,'Event','/event/event/update?json&id=40',40),(4367,'2020-11-16 09:32:54','BOSS','',' : \"\"  admin',1,'Event','/event/event/update?json&id=40',40),(4368,'2020-11-16 09:37:45','BOSS','',' : \"\"  admin',1,'Event','/event/event/update?json&id=40',40),(4369,'2020-11-16 09:44:58','BOSS','',' : \"\"  admin',1,'Event','/event/event/update?json&id=40',40),(4370,'2020-11-16 09:45:12','BOSS','',' : \"\"  admin',1,'Event','/event/event/update?json&id=40',40),(4371,'2020-11-16 09:45:58','BOSS','',' : \"\"  admin',1,'Event','/event/event/update?json&id=40',40),(4372,'2020-11-16 09:47:43','BOSS','',' : \"\"  admin',1,'Event','/event/event/update?json&id=40',40),(4383,'2020-11-16 11:30:02','BOSS','',' : \"\"  admin',1,'Event','/event/event/update?json&id=40',40),(4385,'2020-11-16 11:47:18','BOSS','',' : \"\"  admin',1,'Event','/event/event/update?json&id=40',40),(4386,'2020-11-16 11:47:42','BOSS','',' : \"\"  admin',1,'Event','/event/event/update?json&id=40',40),(4387,'2020-11-16 11:50:00','BOSS','',' : \"\"  admin',1,'Event','/event/event/update?json&id=40',40),(4388,'2020-11-16 11:50:35','BOSS','',' : \"\"  admin',1,'Event','/event/event/update?json&id=40',40),(4389,'2020-11-16 11:50:47','BOSS','',' : \"\"  admin',1,'Event','/event/event/update?json&id=40',40),(4390,'2020-11-16 11:58:03','BOSS','',' : \"\"  admin',1,'Event','/event/event/update?json&id=40',40),(4391,'2020-11-16 12:02:54','BOSS','',' : \"fwerfwf\"  admin',1,'Event','/event/event/create?date_from=2020-11-20&date_to=2020-11-20&start_time=4:0:0&end_time=4:30:0',41),(4392,'2020-11-16 13:40:30','BOSS','',' : \"dfbgnbhgn\"  admin',1,'Event','/event/event/create?date_from=2020-11-19&date_to=2020-11-19&start_time=1:30:0&end_time=7:0:0',42),(4393,'2020-11-16 13:45:04','BOSS','',' : \"dfbgnbhgn\"  admin',1,'Event','/event/event/update?json&id=42',42),(4394,'2020-11-16 13:45:38','BOSS','',' : \"fwerfwf\"  admin',1,'Event','/event/event/update?json&id=41',41),(4395,'2020-11-16 13:46:27','BOSS','',' : \"dfbgnbhgn\"  admin',1,'Event','/event/event/update?json&id=42',42),(4396,'2020-11-16 13:46:45','BOSS','',' : \"dfbgnbhgn\"  admin',1,'Event','/event/event/update?json&id=42',42),(4397,'2020-11-16 13:47:04','BOSS','',' : \"dfbgnbhgn\"  admin',1,'Event','/event/event/update?json&id=42',42),(4398,'2020-11-16 14:21:34','BOSS','',' : \"\"  admin',1,'Event','/event/event/update?json&id=40',40),(4399,'2020-11-16 14:21:43','BOSS','',' : \"\"  admin',1,'Event','/event/event/update?json&id=40',40),(4400,'2020-11-16 15:20:49','BOSS','',' : \"\"  admin',1,'Event','/event/event/update?json&id=40',40),(4401,'2020-11-16 15:21:30','BOSS','',' : \"\"  admin',1,'Event','/event/event/update?json&id=40',40),(4402,'2020-11-16 15:22:46','BOSS','',' : \"\"  admin',1,'Event','/event/event/update?json&id=40',40),(4403,'2020-11-16 15:27:07','BOSS','',' : \"\"  admin',1,'Event','/event/event/update?json&id=40',40),(4404,'2020-11-16 15:28:28','BOSS','',' : \"\"  admin',1,'Event','/event/event/update?json&id=40',40),(4405,'2020-11-16 15:29:43','BOSS','',' : \"\"  admin',1,'Event','/event/event/update?json&id=40',40),(4406,'2020-11-16 15:30:24','BOSS','',' : \"\"  admin',1,'Event','/event/event/update?json&id=40',40),(4407,'2020-11-16 15:42:47','BOSS','',' : \"sdfghjk\"  admin',1,'Event','/event/event/create?date_from=2020-11-20&date_to=2020-11-20&start_time=14:30:0&end_time=16:0:0',43),(4408,'2020-11-16 15:43:35','BOSS','',' : \"\"  admin',1,'Event','/event/event/update?json&id=40',40),(4409,'2020-11-16 15:55:56','BOSS','',' : \"\"  admin',1,'Event','/event/event/update?json&id=40',40),(4410,'2020-11-16 15:56:04','BOSS','',' : \"sdfghjk\"  admin',1,'Event','/event/event/update?json&id=43',43),(4411,'2020-11-16 15:59:35','BOSS','',' : \"\"  admin',1,'Event','/event/event/update?json&id=40',40),(4412,'2020-11-16 16:00:04','BOSS','',' : \"\"  admin',1,'Event','/event/event/update?json&id=40',40),(4413,'2020-11-16 16:01:01','BOSS','',' : \"\"  admin',1,'Event','/event/event/update?json&id=40',40),(4414,'2020-11-16 16:02:27','BOSS','',' : \"\"  admin',1,'Event','/event/event/update?json&id=40',40),(4415,'2020-11-16 16:25:02','BOSS','',' : \"\"  admin',1,'Event','/event/event/update?json&id=40',40),(4416,'2020-11-16 16:26:05','BOSS','',' : \"\"  admin',1,'Event','/event/event/update?json&id=40',40),(4417,'2020-11-16 16:27:39','BOSS','',' : \"\"  admin',1,'Event','/event/event/update?json&id=40',40),(4418,'2020-11-16 16:31:34','BOSS','',' : \"\"  admin',1,'Event','/event/event/update?json&id=40',40),(4419,'2020-11-16 16:39:37','BOSS','',' : \"\"  admin',1,'Event','/event/event/update?json&id=40',40),(4420,'2020-11-16 16:41:12','BOSS','',' : \"\"  admin',1,'Event','/event/event/update?json&id=40',40),(4421,'2020-11-16 16:58:47','BOSS','',' : \"\"  admin',1,'Event','/event/event/update?json&id=40',40),(4422,'2020-11-16 17:01:15','BOSS','',' : \"dfbgnbhgn\"  admin',1,'Event','/event/event/update?json&id=42',42),(4423,'2020-11-17 07:55:53','BOSS','',' ',1,'Login','/login/zaglushka',1),(4424,'2020-11-17 07:56:07','ERP','','  : \" Red Lable_new  \"  admin',1,'WarehouseProduct','/warehouse/warehouse-product/delete?id=9',9),(4425,'2020-11-17 07:56:10','ERP','','  : \"qdhtf\"  admin',1,'WarehouseProduct','/warehouse/warehouse-product/delete?id=5',5),(4426,'2020-11-17 07:56:22','ERP','',' : \"   17.11.2020 09:56:22\"  admin',1,'Purchase','/purchase/main/create-by-warehouse',37),(4427,'2020-11-17 07:56:24','ERP','',' : \"   17.11.2020 09:56:23\"  admin',1,'Purchase','/purchase/main/create-by-warehouse',38),(4428,'2020-11-17 07:57:14','ERP','',' : \"  \"  admin',1,'Warehouse','/warehouse/warehouse/delete?id=1',1),(4429,'2020-11-17 07:57:16','ERP','',' : \" 53\"  admin',1,'Warehouse','/warehouse/warehouse/delete?id=7',7),(4430,'2020-11-17 07:57:17','ERP','',' : \" \"  admin',1,'Warehouse','/warehouse/warehouse/delete?id=8',8),(4431,'2020-11-17 07:57:19','ERP','',' : \" 2\"  admin',1,'Warehouse','/warehouse/warehouse/delete?id=18',18),(4432,'2020-11-17 07:57:22','ERP','',' : \"\"  admin',1,'Warehouse','/warehouse/warehouse/delete?id=19',19),(4433,'2020-11-17 07:57:23','ERP','',' : \" \"  admin',1,'Warehouse','/warehouse/warehouse/delete?id=20',20),(4435,'2020-11-17 09:16:22','BOSS','',' : \"\"  admin',1,'Event','/event/event/update?json&id=40',40),(4436,'2020-11-17 09:17:45','BOSS','',' : \"sdfghjk\"  admin',1,'Event','/event/event/update?json&id=43',43),(4437,'2020-11-17 09:18:23','BOSS','',' : \"\"  admin',1,'Event','/event/event/update?json&id=40',40),(4438,'2020-11-17 09:18:38','BOSS','',' : \"\"  admin',1,'Event','/event/event/update?json&id=40',40),(4439,'2020-11-17 09:24:10','BOSS','',' : \"rvergrg\"  admin',1,'Event','/event/event/create?date_from=2020-11-18&date_to=2020-11-18&start_time=4:0:00&end_time=9:0:00',44),(4440,'2020-11-17 09:24:19','BOSS','',' : \"rvergrg\"  admin',1,'Event','/event/event/update?json&id=44',44),(4441,'2020-11-17 09:27:08','BOSS','',' : \"rvergrg\"  admin',1,'Event','/event/event/update?json&id=44',44),(4442,'2020-11-17 09:27:22','BOSS','',' : \"rvergrg\"  admin',1,'Event','/event/event/update?json&id=44',44),(4443,'2020-11-17 09:30:00','BOSS','',' : \"rvergrg\"  admin',1,'Event','/event/event/update?json&id=44',44),(4454,'2020-11-17 09:32:11','BOSS','',' : \"rvergrg\"  admin',1,'Event','/event/event/update?json&id=44',44),(4461,'2020-11-17 09:33:03','BOSS','',' : \"rvergrg\"  admin',1,'Event','/event/event/update?json&id=44',44),(4462,'2020-11-17 09:33:21','BOSS','',' : \"rfgfhj\"  admin',1,'Event','/event/event/create?date_from=2020-11-19&date_to=2020-11-19&start_time=2:0:00&end_time=6:30:00',45),(4463,'2020-11-17 09:36:07','BOSS','',' : \"rvergrg\"  admin',1,'Event','/event/event/update?json&id=44',44),(4464,'2020-11-17 10:13:14','BOSS','',' : \"rvergrg\"  admin',1,'Event','/event/event/update?json&id=44',44),(4465,'2020-11-17 10:13:42','BOSS','',' ',1,'Login','/login/zaglushka',1),(4466,'2020-11-17 10:13:58','CRM','',' :   admin',1,'Selling','/selling/form/save',425),(4467,'2020-11-17 10:13:58','CRM','',' : \"425\"  admin',1,'Selling','/selling/form/save',425),(4468,'2020-11-17 10:14:42','BOSS','',' ',1,'Login','/login/zaglushka',1),(4469,'2020-11-17 10:15:06','CRM','',' :   admin',1,'Selling','/selling/form/save',426),(4470,'2020-11-17 10:15:06','CRM','',' : \"426\"  admin',1,'Selling','/selling/form/save',426),(4471,'2020-11-17 10:15:47','CRM','',' : \"426\"  admin',1,'Selling','/selling/form/save?id=426',426),(4472,'2020-11-17 10:15:47','CRM','',' : \"426426\"  admin',1,'Selling','/selling/form/save?id=426',426),(4473,'2020-11-17 10:16:44','BOSS','',' ',1,'Login','/login/zaglushka',1),(4474,'2020-11-17 10:17:39','CRM','','  ',1,'Selling','/selling/form/save?id=176',176),(4475,'2020-11-17 10:17:39','CRM','',' : \"176176\"  admin',1,'Selling','/selling/form/save?id=176',176),(4476,'2020-11-17 10:17:39','CRM','',' : \"176176176\"  admin',1,'Selling','/selling/form/save?id=176',176),(4477,'2020-11-17 10:20:02','BOSS','',' : \"rvergrg\"  admin',1,'Event','/event/event/update?json&id=44',44),(4478,'2020-11-17 10:20:36','BOSS','',' : \"rvergrg\"  admin',1,'Event','/event/event/update?json&id=44',44),(4479,'2020-11-17 10:21:06','BOSS','',' : \"rvergrg\"  admin',1,'Event','/event/event/update?json&id=44',44),(4480,'2020-11-17 10:22:30','BOSS','',' : \"rvergrg\"  admin',1,'Event','/event/event/update?json&id=44',44),(4534,'2020-11-17 11:16:49','BOSS','',' ',1,'Login','/login/zaglushka',1),(4535,'2020-11-17 11:21:16','BOSS','',' ',1,'Login','/login/zaglushka',1),(4555,'2020-11-17 12:45:48','BOSS','',' : \"rfgfhj\"  admin',1,'Event','/event/event/update?json&id=45',45),(4556,'2020-11-17 12:46:22','BOSS','',' : \"rfgfhj\"  admin',1,'Event','/event/event/update?json&id=45',45),(4557,'2020-11-17 12:47:11','BOSS','',' : \"rfgfhj\"  admin',1,'Event','/event/event/update?json&id=45',45),(4558,'2020-11-17 12:47:46','BOSS','',' : \"rfgfhj\"  admin',1,'Event','/event/event/update?json&id=45',45),(4559,'2020-11-17 12:48:06','BOSS','',' : \"rfgfhj\"  admin',1,'Event','/event/event/update?json&id=45',45),(4560,'2020-11-17 12:48:26','BOSS','',' : \"rfgfhj\"  admin',1,'Event','/event/event/update?json&id=45',45),(4561,'2020-11-17 12:52:57','BOSS','',' : \"rfgfhj\"  admin',1,'Event','/event/event/update?json&id=45',45),(4568,'2020-11-17 13:10:06','BOSS','',' : \"rvergrg\"  admin',1,'Event','/event/event/update?json&id=44',44),(4569,'2020-11-17 13:14:51','BOSS','',' : \"rvergrg\"  admin',1,'Event','/event/event/update?id=44',44),(4570,'2020-11-17 13:15:17','BOSS','',' : \"rvergrg\"  admin',1,'Event','/event/event/update?id=44',44),(4571,'2020-11-17 13:30:06','BOSS','',' : \"rfgfhj\"  admin',1,'Event','/event/event/update?id=45',45),(4572,'2020-11-17 13:30:07','BOSS','',' : \"rfgfhj\"  admin',1,'Event','/event/event/update?id=45',45),(4573,'2020-11-17 13:33:21','BOSS','',' : \"rvergrg\"  admin',1,'Event','/event/event/update?id=44',44),(4574,'2020-11-17 13:34:15','BOSS','',' ',1,'Login','/login/zaglushka',1),(4575,'2020-11-17 13:39:04','BOSS','',' : \"rvergrg\"  admin',1,'Event','/event/event/update?id=44',44),(4576,'2020-11-17 13:39:07','ERP','',' () : \" \"  admin',1,'Transit','/transit/form/save',9),(4577,'2020-11-17 13:39:45','BOSS','',' : \"rvergrg\"  admin',1,'Event','/event/event/update?id=44',44),(4578,'2020-11-17 13:41:05','BOSS','',' : \"rvergrg\"  admin',1,'Event','/event/event/update?id=44',44),(4579,'2020-11-17 13:42:42','BOSS','',' : \"rfgfhj\"  admin',1,'Event','/event/event/update?id=45',45),(4580,'2020-11-17 13:44:08','BOSS','',' : \"rfgfhj\"  admin',1,'Event','/event/event/update?id=45',45),(4581,'2020-11-17 13:44:23','BOSS','',' : \"rfgfhj\"  admin',1,'Event','/event/event/update?json&id=45',45),(4582,'2020-11-17 13:45:26','BOSS','',' : \"rfgfhj\"  admin',1,'Event','/event/event/update?id=45',45),(4583,'2020-11-17 13:55:16','BOSS','',' : \"rvergrg\"  admin',1,'Event','/event/event/update?json&id=44',44),(4586,'2020-11-17 14:02:12','BOSS','',' : \"rvergrg\"  admin',1,'Event','/event/event/update?json&id=44',44),(4587,'2020-11-17 14:02:44','BOSS','',' : \"rvergrg\"  admin',1,'Event','/event/event/update?json&id=44',44),(4588,'2020-11-17 14:05:02','BOSS','',' : \"rvergrg\"  admin',1,'Event','/event/event/update?json&id=44',44),(4594,'2020-11-17 14:05:58','BOSS','',' : \"rvergrg\"  admin',1,'Event','/event/event/update?json&id=44',44),(4597,'2020-11-17 14:06:38','BOSS','',' : \"rvergrg\"  admin',1,'Event','/event/event/update?json&id=44',44),(4598,'2020-11-17 14:07:17','BOSS','',' : \"rfgfhj\"  admin',1,'Event','/event/event/update?json&id=45',45),(4599,'2020-11-17 14:12:11','BOSS','',' : \"rvergrg\"  admin',1,'Event','/event/event/update?id=44',44),(4600,'2020-11-17 14:12:20','BOSS','',' : \"rvergrgsdfghjkl\"  admin',1,'Event','/event/event/update?id=44',44),(4607,'2020-11-17 14:13:44','BOSS','',' : \"test\"  admin',1,'Event','/event/event/create?date_from=2020-11-18&date_to=2020-11-18&start_time=10:30:00&end_time=12:30:00',46),(4610,'2020-11-17 14:13:55','BOSS','',' : \"testegwvdjhebfj\"  admin',1,'Event','/event/event/update?id=46',46),(4614,'2020-11-17 14:16:38','BOSS','',' : \"testegwvdjhebfj\"  admin',1,'Event','/event/event/update?id=46',46),(4615,'2020-11-17 14:16:52','BOSS','',' ',1,'Login','/login/zaglushka',1),(4616,'2020-11-17 14:17:53','BOSS','',' : \"testegwvdjhebfj\"  admin',1,'Event','/event/event/update?id=46',46),(4617,'2020-11-17 14:18:39','BOSS','',' : \"testegwvdjhebfj\"  admin',1,'Event','/event/event/update?id=46',46),(4618,'2020-11-17 14:19:08','BOSS','',' : \"testegwvdjhebfjfghjklllllllllllllllllllllllllllll\"  admin',1,'Event','/event/event/update?id=46',46),(4619,'2020-11-17 14:25:41','BOSS','',' ',1,'Login','/login/zaglushka',1),(4620,'2020-11-17 14:30:11','BOSS','',' : \"test\"  admin',1,'Event','/event/event/update?id=46',46),(4621,'2020-11-17 14:31:16','BOSS','',' : \"test\"  admin',1,'Event','/event/event/update?json&id=46',46),(4622,'2020-11-17 14:31:29','BOSS','',' : \"test\"  admin',1,'Event','/event/event/update?json&id=46',46),(4623,'2020-11-17 14:32:06','BOSS','',' : \"test\"  admin',1,'Event','/event/event/update?json&id=46',46),(4624,'2020-11-17 14:32:16','BOSS','',' : \"test\"  admin',1,'Event','/event/event/update?json&id=46',46),(4625,'2020-11-17 14:33:06','BOSS','',' : \"test\"  admin',1,'Event','/event/event/update?json&id=46',46),(4626,'2020-11-17 14:34:46','BOSS','',' : \"test\"  admin',1,'Event','/event/event/update?json&id=46',46),(4627,'2020-11-17 14:35:09','BOSS','',' : \"test\"  admin',1,'Event','/event/event/update?json&id=46',46),(4628,'2020-11-17 14:35:59','BOSS','',' : \"test\"  admin',1,'Event','/event/event/update?json&id=46',46),(4629,'2020-11-17 14:36:31','BOSS','',' : \"test\"  admin',1,'Event','/event/event/update?json&id=46',46),(4630,'2020-11-17 14:37:15','BOSS','',' : \"wdsfgbhj\"  admin',1,'Event','/event/event/create?date_from=2020-11-20&date_to=2020-11-20&start_time=2:30:00&end_time=8:30:00',47),(4631,'2020-11-17 14:38:07','BOSS','',' : \"wdsfgbhjdfvfdfb\"  admin',1,'Event','/event/event/update?id=47',47),(4632,'2020-11-17 14:38:57','BOSS','',' : \"wdsfgbhjdfvfdfbrgregrg\"  admin',1,'Event','/event/event/update?id=47',47),(4633,'2020-11-17 14:41:45','BOSS','',' : \"wdsfgbhjdfvfdfbrgregrg\"  admin',1,'Event','/event/event/update?id=47',47),(4634,'2020-11-17 14:50:18','CRM','',' :   admin',1,'Selling','/selling/form/save',427),(4635,'2020-11-17 14:50:19','CRM','',' : \"427\"  admin',1,'Selling','/selling/form/save',427),(4636,'2020-11-17 14:50:23','CRM','',' : \"427\"  admin',1,'Selling','/selling/form/save?id=427',427),(4637,'2020-11-17 14:50:23','CRM','',' : \"427427\"  admin',1,'Selling','/selling/form/save?id=427',427),(4638,'2020-11-17 14:50:26','CRM','',' : \"427427\"  admin',1,'Selling','/selling/form/save?id=427',427),(4639,'2020-11-17 14:50:27','CRM','',' : \"427427427\"  admin',1,'Selling','/selling/form/save?id=427',427),(4640,'2020-11-17 14:50:27','CRM','',' : \"427427427\"  admin',1,'Selling','/selling/form/save?id=427&_pjax=%23selling-nomenclature-pjax',427),(4641,'2020-11-17 14:50:27','CRM','',' : \"427427427427\"  admin',1,'Selling','/selling/form/save?id=427&_pjax=%23selling-nomenclature-pjax',427),(4642,'2020-11-17 14:50:28','CRM','',' : \"427427427427\"  admin',1,'Selling','/selling/form/save?id=427',427),(4643,'2020-11-17 14:50:28','CRM','',' : \"427427427427427\"  admin',1,'Selling','/selling/form/save?id=427',427),(4644,'2020-11-17 14:50:32','CRM','',' : \"427427427427427\"  admin',1,'Selling','/selling/form/save?id=427',427),(4645,'2020-11-17 14:50:32','CRM','',' : \"427427427427427427\"  admin',1,'Selling','/selling/form/save?id=427',427),(4646,'2020-11-17 14:50:34','CRM','',' : \"427427427427427427\"  admin',1,'Selling','/selling/form/save?id=427',427),(4647,'2020-11-17 14:50:34','CRM','',' : \"427427427427427427427\"  admin',1,'Selling','/selling/form/save?id=427',427),(4648,'2020-11-17 14:50:50','CRM','',' : \"427427427427427427427\"  admin',1,'Selling','/selling/form/save?id=427',427),(4649,'2020-11-17 14:50:51','CRM','',' : \"427427427427427427427427\"  admin',1,'Selling','/selling/form/save?id=427',427),(4650,'2020-11-17 14:51:05','CRM','',' : \"427427427427427427427427\"  admin',1,'Selling','/selling/form/save?id=427',427),(4651,'2020-11-17 14:51:05','CRM','',' : \"427427427427427427427427427\"  admin',1,'Selling','/selling/form/save?id=427',427),(4652,'2020-11-17 14:51:12','BOSS','',' : \"uyfbvk\"  admin',1,'Event','/event/event/update?id=47',47),(4653,'2020-11-17 14:51:23','CRM','',' : \"427427427427427427427427427\"  admin',1,'Selling','/selling/form/save?id=427',427),(4654,'2020-11-17 14:51:24','CRM','',' : \"427427427427427427427427427427\"  admin',1,'Selling','/selling/form/save?id=427',427),(4655,'2020-11-17 14:52:03','BOSS','',' : \"tttt\"  admin',1,'Event','/event/event/update?id=44',44),(4656,'2020-11-17 14:52:48','CRM','',' :   admin',1,'Selling','/selling/form/save',428),(4657,'2020-11-17 14:52:49','CRM','',' : \"428\"  admin',1,'Selling','/selling/form/save',428),(4658,'2020-11-17 14:53:33','CRM','','   : \" \"  admin',1,'SellingProduct','/selling/nomenclature/add-position',26),(4659,'2020-11-17 14:53:40','BOSS','',' : \"ttttdsfdfd\"  admin',1,'Event','/event/event/update?id=44',44),(4660,'2020-11-17 14:54:25','BOSS','',' : \"frfrfrfr\"  admin',1,'Event','/event/event/create?date_from=2020-11-21&date_to=2020-11-22&start_time=0:0:00&end_time=0:0:00&name=frfrfrfr',48),(4661,'2020-11-17 14:54:46','BOSS','',' : \"frfrfrfr\"  admin',1,'Event','/event/event/update?json&id=48',48),(4662,'2020-11-17 14:54:54','BOSS','',' : \"frfrfrfr\"  admin',1,'Event','/event/event/update?json&id=48',48),(4663,'2020-11-17 14:55:48','BOSS','',' : \"frfrfrfr\"  admin',1,'Event','/event/event/update?json&id=48',48),(4665,'2020-11-17 14:58:14','BOSS','',' : \"frfrfrfr\"  admin',1,'Event','/event/event/update?json&id=48',48),(4666,'2020-11-17 15:02:06','BOSS','',' : \"frfrfrfr\"  admin',1,'Event','/event/event/update?json&id=48',48),(4667,'2020-11-17 15:02:51','BOSS','',' : \"frfrfrfr\"  admin',1,'Event','/event/event/update?json&id=48',48),(4668,'2020-11-17 15:03:53','BOSS','',' : \"frfrfrfr\"  admin',1,'Event','/event/event/update?json&id=48',48),(4672,'2020-11-17 15:04:16','BOSS','',' : \"rfffff\"  admin',1,'Event','/event/event/create?date_from=2020-11-22&date_to=2020-11-22&start_time=7:30:00&end_time=9:30:00&name=rfffff',49),(4677,'2020-11-17 15:05:12','BOSS','',' : \"rfffff\"  admin',1,'Event','/event/event/update?json&id=49',49),(4678,'2020-11-17 15:05:31','BOSS','',' : \"rfffff\"  admin',1,'Event','/event/event/update?json&id=49',49),(4692,'2020-11-18 07:25:37','BOSS','',' : \"rfgfhj\"  admin',1,'Event','/event/event/update?id=45',45),(4693,'2020-11-18 07:26:42','BOSS','',' : \"rfgfhj\"  admin',1,'Event','/event/event/update?json&id=45',45),(4694,'2020-11-18 07:27:07','BOSS','',' : \"uyfbvk\"  admin',1,'Event','/event/event/update?json&id=47',47),(4697,'2020-11-18 08:59:19','BOSS','',' ',1,'Login','/login/zaglushka',1),(4698,'2020-11-18 09:00:06','ERP','',' () : \" \"  admin',1,'Transit','/transit/form/save',10),(4699,'2020-11-18 09:05:57','ERP','',' () : \" \"  admin',1,'Transit','/transit/form/save?id=10',10),(4700,'2020-11-18 09:07:41','ERP','',' () : \"       \"  admin',1,'Transit','/transit/form/save?id=10',10),(4701,'2020-11-18 09:11:18','ERP','',' : \"\"  admin',1,'Purchase','/purchase/form/save',41),(4702,'2020-11-18 09:11:45','ERP','','  :   admin',1,'OverheadCost','/purchase/nomenclature/add-position',52),(4703,'2020-11-18 09:11:45','ERP','','  : \" \"  admin',1,'PurchaseProduct','/purchase/nomenclature/add-position',16),(4704,'2020-11-18 09:11:45','ERP','','  : \" \"  admin',1,'PurchaseProduct','/purchase/nomenclature/add-position',16),(4705,'2020-11-18 09:11:50','ERP','',' : \"\"  admin',1,'Purchase','/purchase/state/payment?id=41&_pjax=%23state-pjax',41),(4706,'2020-11-18 09:11:52','ERP','',' : \"\"  admin',1,'Purchase','/purchase/state/delivery?id=41&_pjax=%23state-pjax',41),(4707,'2020-11-18 09:11:54','ERP','','  : \" \"  admin',1,'WarehouseProduct','/purchase/state/confirm?id=41&_pjax=%23state-pjax',10),(4708,'2020-11-18 09:11:54','ERP','',' : \"\"  admin',1,'Purchase','/purchase/state/confirm?id=41&_pjax=%23state-pjax',41),(4709,'2020-11-18 09:12:57','ERP','','  :   admin',1,'OverheadCost','/transit/nomenclature/add-position',53),(4710,'2020-11-18 09:12:57','ERP','','  : \" \"  admin',1,'TransitProduct','/transit/nomenclature/add-position',4),(4711,'2020-11-18 09:12:57','ERP','','  : \" \"  admin',1,'WarehouseProduct','/transit/nomenclature/add-position',23),(4712,'2020-11-18 09:12:57','ERP','','  : \" \"  admin',1,'TransitProduct','/transit/nomenclature/add-position',4),(4713,'2020-11-18 09:13:11','ERP','','  : \" \"  admin',1,'WarehouseProduct','/transit/state/confirm?id=10&_pjax=%23state-pjax',10),(4714,'2020-11-18 09:13:11','ERP','','  : \" \"  admin',1,'WarehouseProduct','/transit/state/confirm?id=10&_pjax=%23state-pjax',23),(4715,'2020-11-18 09:13:11','ERP','',' () : \"       \"  admin',1,'Transit','/transit/state/confirm?id=10&_pjax=%23state-pjax',10),(4716,'2020-11-18 09:13:12','ERP','','  : \" \"  admin',1,'WarehouseProduct','/transit/state/confirm?id=10',10),(4717,'2020-11-18 09:13:12','ERP','','  : \" \"  admin',1,'WarehouseProduct','/transit/state/confirm?id=10',23),(4718,'2020-11-18 09:13:12','ERP','',' () : \"       \"  admin',1,'Transit','/transit/state/confirm?id=10',10),(4735,'2020-11-18 15:53:12','BOSS','',' ',1,'Login','/login/zaglushka',1),(4736,'2020-11-18 16:04:12','ERP','',' : \"   18.11.2020 18:04:12\"  admin',1,'Inventorization','/inventorization/form/create?warehouseId=21',15),(4737,'2020-11-18 16:12:37','BOSS','',' ',1,'Login','/login/zaglushka',1),(4739,'2020-11-18 16:50:00','BOSS','',' ',1,'Login','/login/zaglushka',1),(4740,'2020-11-18 16:51:13','CRM','','  ',1,'Selling','/selling/form/save?id=167',167),(4741,'2020-11-18 16:51:13','CRM','',' :   admin',1,'Selling','/selling/form/save?id=167',167),(4742,'2020-11-18 16:51:13','CRM','',' : \"167\"  admin',1,'Selling','/selling/form/save?id=167',167),(4743,'2020-11-18 16:51:18','CRM','',' : \"167\"  admin',1,'Selling','/selling/form/save?id=167',167),(4744,'2020-11-18 16:51:19','CRM','',' : \"167167\"  admin',1,'Selling','/selling/form/save?id=167',167),(4745,'2020-11-18 16:51:21','CRM','',' : \"167167\"  admin',1,'Selling','/selling/form/save?id=167',167),(4746,'2020-11-18 16:51:21','CRM','',' : \"167167167\"  admin',1,'Selling','/selling/form/save?id=167',167),(4747,'2020-11-18 16:51:22','CRM','',' : \"167167167\"  admin',1,'Selling','/selling/form/save?id=167',167),(4748,'2020-11-18 16:51:23','CRM','',' : \"167167167167\"  admin',1,'Selling','/selling/form/save?id=167',167),(4749,'2020-11-18 16:51:24','CRM','',' : \"167167167167\"  admin',1,'Selling','/selling/form/save?id=167',167),(4750,'2020-11-18 16:51:25','CRM','',' : \"167167167167167\"  admin',1,'Selling','/selling/form/save?id=167',167),(4751,'2020-11-18 16:51:25','CRM','',' : \"167167167167167\"  admin',1,'Selling','/selling/form/save?id=167',167),(4752,'2020-11-18 16:51:25','CRM','',' : \"167167167167167167\"  admin',1,'Selling','/selling/form/save?id=167',167),(4753,'2020-11-18 16:51:27','CRM','',' : \"167167167167167167\"  admin',1,'Selling','/selling/form/save?id=167',167),(4754,'2020-11-18 16:51:28','CRM','',' : \"167167167167167167167\"  admin',1,'Selling','/selling/form/save?id=167',167),(4755,'2020-11-18 16:51:28','CRM','',' : \"167167167167167167167\"  admin',1,'Selling','/selling/form/save?id=167',167),(4756,'2020-11-18 16:51:29','CRM','',' : \"167167167167167167167167\"  admin',1,'Selling','/selling/form/save?id=167',167),(4757,'2020-11-18 16:51:30','CRM','',' : \"167167167167167167167167\"  admin',1,'Selling','/selling/form/save?id=167',167),(4758,'2020-11-18 16:51:31','CRM','',' : \"167167167167167167167167167\"  admin',1,'Selling','/selling/form/save?id=167',167),(4759,'2020-11-18 16:51:31','CRM','',' : \"167167167167167167167167167\"  admin',1,'Selling','/selling/form/save?id=167',167),(4760,'2020-11-18 16:51:32','CRM','',' : \"167167167167167167167167167167\"  admin',1,'Selling','/selling/form/save?id=167',167),(4761,'2020-11-18 16:51:34','CRM','',' : \"167167167167167167167167167167\"  admin',1,'Selling','/selling/form/save?id=167',167),(4762,'2020-11-18 16:51:34','CRM','',' : \"167167167167167167167167167167167\"  admin',1,'Selling','/selling/form/save?id=167',167),(4763,'2020-11-18 17:05:26','BOSS','',' : \"\"  admin',1,'Regularity','/core/regularity/create',34),(4764,'2020-11-19 09:16:41','BOSS','',' : \"frfrfrfr\"  admin',1,'Event','/event/event/update?json&id=48',48),(4765,'2020-11-19 09:17:13','BOSS','',' : \"frfrfrfr\"  admin',1,'Event','/event/event/update?json&id=48',48),(4766,'2020-11-19 09:48:11','BOSS','',' : \"rfffff\"  admin',1,'Event','/event/event/update?json&id=49',49),(4767,'2020-11-19 09:48:20','BOSS','',' : \"rfffff\"  admin',1,'Event','/event/event/update?json&id=49',49),(4768,'2020-11-19 10:19:02','BOSS','',' : \"uyfbvk\"  admin',1,'Event','/event/event/update?json&id=47',47),(4770,'2020-11-19 10:19:45','BOSS','',' : \"ttttdsfdfd\"  admin',1,'Event','/event/event/update?json&id=44',44),(4771,'2020-11-19 10:22:03','BOSS','',' : \"rfgfhj\"  admin',1,'Event','/event/event/update?json&id=45',45),(4772,'2020-11-19 10:22:14','BOSS','',' : \"ttttdsfdfd\"  admin',1,'Event','/event/event/update?json&id=44',44),(4773,'2020-11-19 10:22:48','BOSS','',' : \"ttttdsf\"  admin',1,'Event','/event/event/update?id=44',44),(4774,'2020-11-19 10:23:07','BOSS','',' : \"uyfbvk\"  admin',1,'Event','/event/event/update?json&id=47',47),(4775,'2020-11-19 10:23:52','BOSS','',' : \"uyfbvk\"  admin',1,'Event','/event/event/update?json&id=47',47),(4776,'2020-11-19 10:24:26','BOSS','',' : \"uyfbvk\"  admin',1,'Event','/event/event/update?json&id=47',47),(4777,'2020-11-19 10:25:00','BOSS','',' : \"uyfbvk\"  admin',1,'Event','/event/event/update?json&id=47',47),(4778,'2020-11-19 10:34:59','BOSS','',' ',1,'Login','/login/zaglushka',1),(4779,'2020-11-19 10:40:57','BOSS','',' ',1,'Login','/login/zaglushka',1),(4780,'2020-11-19 10:41:19','CRM','',' :   admin',1,'Selling','/selling/form/save',429),(4781,'2020-11-19 10:41:19','CRM','',' : \"429\"  admin',1,'Selling','/selling/form/save',429),(4782,'2020-11-19 10:44:46','CRM','',' : \"429\"  admin',1,'Selling','/selling/talk/save-dialog',429),(4783,'2020-11-19 10:44:47','CRM','',' : \" \"  admin',1,'Customer','/selling/talk/end-talk?sellingId=429',29),(4784,'2020-11-19 10:46:38','BOSS','',' : \"frfrfrfr\"  admin',1,'Event','/event/event/update?json&id=48',48),(4785,'2020-11-19 10:47:11','BOSS','',' : \"frfrfrfr\"  admin',1,'Event','/event/event/update?json&id=48',48),(4786,'2020-11-19 10:47:22','BOSS','',' : \"frfrfrfr\"  admin',1,'Event','/event/event/update?json&id=48',48),(4787,'2020-11-19 10:48:45','BOSS','',' : \"uyfbvk\"  admin',1,'Event','/event/event/update?json&id=47',47),(4788,'2020-11-19 10:55:56','BOSS','',' : \"ghjkl;\"  admin',1,'Event','/event/event/create?date_from=2020-11-20&date_to=2020-11-20&start_time=6:30:00&end_time=9:30:00',50),(4789,'2020-11-19 10:56:07','BOSS','',' : \"ghjkl;\"  admin',1,'Event','/event/event/update?json&id=50',50),(4790,'2020-11-19 10:56:20','BOSS','',' : \"ghjkl;\"  admin',1,'Event','/event/event/update?json&id=50',50),(4791,'2020-11-19 10:56:30','BOSS','',' : \"ghjkl;\"  admin',1,'Event','/event/event/update?json&id=50',50),(4792,'2020-11-19 11:02:06','BOSS','',' ',1,'Login','/login/zaglushka',1),(4793,'2020-11-19 11:04:12','BOSS','',' : \"ghjkl;\"  admin',1,'Event','/event/event/create?date_from=2020-11-20&date_to=2020-11-21&start_time=0:0:00&end_time=0:0:00',51),(4794,'2020-11-19 11:05:31','BOSS','',' : \"ghjkl;\"  admin',1,'Event','/event/event/update?json&id=51',51),(4795,'2020-11-19 11:05:52','BOSS','',' : \"ghjkl;\"  admin',1,'Event','/event/event/update?json&id=51',51),(4796,'2020-11-19 11:06:13','BOSS','',' : \"ghjkl;\"  admin',1,'Event','/event/event/update?json&id=51',51),(4797,'2020-11-19 11:07:15','BOSS','',' : \"ghjkl;\"  admin',1,'Event','/event/event/update?json&id=51',51),(4798,'2020-11-19 11:09:38','BOSS','',' : \"ghjkl;\"  admin',1,'Event','/event/event/update?json&id=51',51),(4799,'2020-11-19 11:10:29','BOSS','',' ',1,'Login','/login/zaglushka',1),(4800,'2020-11-19 11:12:19','BOSS','',' : \"ghjkl;\"  admin',1,'Event','/event/event/update?json&id=51',51),(4801,'2020-11-19 11:12:45','BOSS','',' : \"ghjkl;\"  admin',1,'Event','/event/event/update?json&id=51',51),(4802,'2020-11-19 11:13:36','BOSS','',' : \"ghjkl;\"  admin',1,'Event','/event/event/update?json&id=51',51),(4803,'2020-11-19 11:13:47','ERP','',' : \"\"  admin',1,'Warehouse','/warehouse/warehouse/create',39),(4804,'2020-11-19 11:13:48','ERP','','  :   admin',1,'WarehouseUser','/warehouse/warehouse/create',40),(4805,'2020-11-19 11:14:22','ERP','','  : \"  50\"  admin',1,'WarehouseProduct','/warehouse/warehouse-product/create?warehouse_id=39',24),(4807,'2020-11-19 11:24:24','BOSS','',' ',1,'Login','/login/zaglushka',1),(4808,'2020-11-19 11:27:48','CRM','',' :   admin',1,'Selling','/selling/form/save',430),(4809,'2020-11-19 11:27:48','CRM','',' : \"430\"  admin',1,'Selling','/selling/form/save',430),(4810,'2020-11-19 11:32:38','CRM','',' : \"430\"  admin',1,'Selling','/selling/form/save?id=430',430),(4811,'2020-11-19 11:32:38','CRM','',' : \"430430\"  admin',1,'Selling','/selling/form/save?id=430',430),(4812,'2020-11-19 11:32:46','CRM','',' : \"430430\"  admin',1,'Selling','/selling/form/save?id=430',430),(4813,'2020-11-19 11:32:46','CRM','',' : \"430430430\"  admin',1,'Selling','/selling/form/save?id=430',430),(4814,'2020-11-19 11:36:32','BOSS','',' : \"ghjkl;\"  admin',1,'Event','/event/event/update?json&id=51',51),(4815,'2020-11-19 11:37:14','BOSS','',' : \"ghjkl;\"  admin',1,'Event','/event/event/update?json&id=51',51),(4816,'2020-11-19 11:41:12','BOSS','',' : \"ghjkl;\"  admin',1,'Event','/event/event/update?json&id=51',51),(4817,'2020-11-19 11:41:16','CRM','',' : \"430430430\"  admin',1,'Selling','/selling/form/save?id=430',430),(4818,'2020-11-19 11:41:16','CRM','',' : \"430430430430\"  admin',1,'Selling','/selling/form/save?id=430',430),(4819,'2020-11-19 11:41:25','CRM','',' : \"430430430430\"  admin',1,'Selling','/selling/form/save?id=430',430),(4820,'2020-11-19 11:41:26','CRM','',' : \"430430430430430\"  admin',1,'Selling','/selling/form/save?id=430',430),(4821,'2020-11-19 11:41:43','CRM','',' : \"430430430430430\"  admin',1,'Selling','/selling/form/save?id=430',430),(4822,'2020-11-19 11:41:43','CRM','',' : \"430430430430430430\"  admin',1,'Selling','/selling/form/save?id=430',430),(4823,'2020-11-19 11:43:22','BOSS','',' : \"ghjkl;\"  admin',1,'Event','/event/event/update?id=51',51),(4824,'2020-11-19 11:46:32','BOSS','',' : \"ghjkl;\"  admin',1,'Event','/event/event/update?json&id=51',51),(4825,'2020-11-19 11:56:24','BOSS','',' : \"ghjkl;\"  admin',1,'Event','/event/event/update?json&id=51',51),(4826,'2020-11-19 11:56:54','BOSS','',' : \"test\"  admin',1,'Event','/event/event/create?date_from=2020-11-21&date_to=2020-11-21&start_time=3:30:00&end_time=8:0:00',52),(4827,'2020-11-19 11:57:12','BOSS','',' : \"test\"  admin',1,'Event','/event/event/update?json&id=52',52),(4828,'2020-11-19 11:57:22','BOSS','',' : \"test\"  admin',1,'Event','/event/event/update?json&id=52',52),(4829,'2020-11-19 11:59:36','CRM','',' : \"430430430430430430\"  admin',1,'Selling','/selling/main/delete?id=430',430),(4830,'2020-11-19 12:08:16','BOSS','',' : \"ghjkl;\"  admin',1,'Event','/event/event/update?json&id=51',51),(4831,'2020-11-19 12:08:33','BOSS','',' : \"ghjkl;\"  admin',1,'Event','/event/event/update?json&id=51',51),(4832,'2020-11-19 12:09:00','BOSS','',' : \"ghjkl;\"  admin',1,'Event','/event/event/update?json&id=51',51),(4833,'2020-11-19 12:15:07','BOSS','',' : \"test\"  admin',1,'Event','/event/event/update?json&id=52',52),(4834,'2020-11-19 12:18:19','BOSS','',' : \" 1\"  admin',1,'Event','/event/event/create?date_from=2020-11-04&date_to=2020-11-05&start_time=0:0:00&end_time=0:0:00',53),(4835,'2020-11-19 12:18:56','BOSS','',' : \" 2\"  admin',1,'Event','/event/event/create?date_from=2020-11-16&date_to=2020-11-16&start_time=1:0:00&end_time=4:30:00',54),(4836,'2020-11-19 12:19:48','BOSS','',' : \" 2\"  admin',1,'Event','/event/event/update?json&id=54',54),(4837,'2020-11-19 12:23:31','BOSS','',' : \"test\"  admin',1,'Event','/event/event/update?json&id=52',52),(4839,'2020-11-19 13:34:24','BOSS','',' ',1,'Login','/login/zaglushka',1),(4840,'2020-11-19 13:34:43','CRM','',' :   admin',1,'Selling','/selling/form/save',431),(4841,'2020-11-19 13:34:44','CRM','',' : \"431\"  admin',1,'Selling','/selling/form/save',431),(4842,'2020-11-19 14:12:44','BOSS','',' : \"test\"  admin',1,'Event','/event/event/update?json&id=52',52),(4843,'2020-11-19 14:14:57','BOSS','',' : \"test\"  admin',1,'Event','/event/event/update?json&id=52',52),(4875,'2020-11-19 15:26:39','BOSS','',' ',1,'Login','/login/zaglushka',1),(4894,'2020-11-19 17:44:46','BOSS','',' ',1,'Login','/login/zaglushka',1),(4895,'2020-11-19 18:01:58','BOSS','',' ',1,'Login','/login/zaglushka',1),(4896,'2020-11-19 18:09:58','BOSS','',' ',1,'Login','/login/zaglushka',1),(4897,'2020-11-20 09:37:13','BOSS','',' ',1,'Login','/login/zaglushka',1),(4898,'2020-11-20 09:40:22','BOSS','',' ',1,'Login','/login/zaglushka',1),(4899,'2020-11-20 09:45:45','BOSS','',' : \"\"  admin',1,'Event','/event/event/create?date_from=2020-11-21&date_to=2020-11-22&start_time=0:0:00&end_time=0:0:00&name=%D0%B2%D0%B2%D0%BC%D0%B0%D0%B8%D0%BC%D0%B0%D0%B2',55),(4900,'2020-11-20 09:46:01','BOSS','',' : \"\"  admin',1,'Event','/event/event/create?date_from=2020-11-19&date_to=2020-11-19&start_time=6:0:00&end_time=9:0:00&name=%D0%B2%D0%B2%D0%BC%D0%B0%D0%B8%D0%BC%D0%B0%D0%B2',56),(4901,'2020-11-20 10:07:38','BOSS','',' : \"test\"  admin',1,'Event','/event/event/update?json&id=52',52),(4902,'2020-11-20 10:07:52','BOSS','',' : \"test\"  admin',1,'Event','/event/event/update?json&id=52',52),(4904,'2020-11-20 11:15:08','ERP','',' : \"  50\"  admin',1,'Product','/core/default/accessory',151),(4958,'2020-11-20 15:20:06','BOSS','',' ',1,'Login','/login/zaglushka',1),(4963,'2020-11-20 15:21:09','BOSS','',' : \"wertyjkl\"  admin',1,'Event','/event/event/create?date_from=2020-11-18&date_to=2020-11-19&start_time=0:0:00&end_time=0:0:00&name=wertyjkl',57),(4979,'2020-11-20 15:25:20','BOSS','',' ',1,'Login','/login/zaglushka',1),(5055,'2020-11-20 15:46:00','BOSS','',' ',1,'Login','/login/zaglushka',1),(5056,'2020-11-20 15:46:56','BOSS','',' : \"  \"  admin',1,'Item','/core/item/create?regularity_id=34',1),(5223,'2020-11-22 12:41:17','BOSS','',' ',1,'Login','/login/zaglushka',1),(5224,'2020-11-24 12:19:17','BOSS','',' ',1,'Login','/login/zaglushka',1),(5225,'2020-11-24 14:44:37','BOSS','',' : \"  1\"  admin',1,'Item','/core/item/update?id=2',2),(5226,'2020-11-24 14:50:03','BOSS','',' : \"\"  admin',1,'Regularity','/core/regularity/update?id=34',34),(5227,'2020-11-24 15:31:21','BOSS','',' : \" \"  admin',1,'Event','/event/event/create?date_from=2020-11-19&date_to=2020-11-21&start_time=0:0:00&end_time=0:0:00',58),(5228,'2020-11-25 10:26:50','BOSS','',' ',1,'Login','/login/zaglushka',1),(5229,'2020-11-25 10:29:02','BOSS','',' ',1,'Login','/login/zaglushka',1),(5230,'2020-11-25 10:48:53','BOSS','',' ',1,'Login','/login/zaglushka',1),(5231,'2020-11-25 11:27:32','BOSS','',' ',1,'Login','/login/zaglushka',1),(5232,'2020-11-25 11:30:28','BOSS','',' ',1,'Login','/login/zaglushka',1),(5233,'2020-11-25 11:58:26','CRM','','   : \"  50\"  admin',1,'SellingProduct','/selling/nomenclature/add-position',1),(5234,'2020-11-25 12:04:06','CRM','',' :   admin',1,'Selling','/selling/form/save',432),(5235,'2020-11-25 12:04:06','CRM','',' : \"432\"  admin',1,'Selling','/selling/form/save',432),(5236,'2020-11-25 12:04:33','CRM','','   : \"  50\"  admin',1,'SellingProduct','/selling/nomenclature/add-position',2),(5237,'2020-11-25 12:06:27','CRM','','   : \"\"  admin',1,'SellingProduct','/selling/nomenclature/add-position',3),(5238,'2020-11-25 12:25:33','BOSS','',' ',1,'Login','/login/zaglushka',1),(5239,'2020-11-25 12:47:51','CRM','','   : \" \"  admin',1,'SellingProduct','/selling/nomenclature/add-position',5),(5240,'2020-11-25 12:51:39','CRM','','   : \" \"  admin',1,'SellingProduct','/selling/nomenclature/add-position',5),(5241,'2020-11-25 12:58:31','CRM','','   : \" \"  admin',1,'SellingProduct','/selling/nomenclature/add-position',6),(5242,'2020-11-25 13:01:05','CRM','','   : \" \"  admin',1,'SellingProduct','/selling/nomenclature/add-position',6),(5243,'2020-11-25 13:01:11','CRM','','   : \" \"  admin',1,'SellingProduct','/selling/nomenclature/add-position',6),(5244,'2020-11-25 13:01:21','CRM','','   : \" \"  admin',1,'SellingProduct','/selling/nomenclature/editCell?id=6',6),(5245,'2020-11-25 13:02:25','CRM','','   : \" \"  admin',1,'SellingProduct','/selling/nomenclature/editCell?id=6',6),(5246,'2020-11-25 13:03:10','CRM','','   : \" \"  admin',1,'SellingProduct','/selling/nomenclature/editCell?id=6',6),(5247,'2020-11-25 13:03:27','CRM','','   : \" \"  admin',1,'SellingProduct','/selling/nomenclature/editCell?id=6',6),(5248,'2020-11-25 13:03:34','CRM','','   : \" \"  admin',1,'SellingProduct','/selling/nomenclature/editCell?id=6',6),(5249,'2020-11-25 13:03:41','CRM','','   : \" \"  admin',1,'SellingProduct','/selling/nomenclature/change-currency?id=6',6),(5250,'2020-11-25 13:03:52','CRM','','   : \" \"  admin',1,'SellingProduct','/selling/nomenclature/change-currency?id=6',6),(5251,'2020-11-25 13:04:26','CRM','','   : \" \"  admin',1,'SellingProduct','/selling/nomenclature/editCell?id=6',6),(5252,'2020-11-25 13:06:45','CRM','','   : \" \"  admin',1,'SellingProduct','/selling/nomenclature/editCell?id=6',6),(5253,'2020-11-25 13:07:12','CRM','','   : \" \"  admin',1,'SellingProduct','/selling/nomenclature/editCell?id=6',6),(5254,'2020-11-25 13:08:20','CRM','','   : \" \"  admin',1,'SellingProduct','/selling/nomenclature/editCell?id=6',6),(5255,'2020-11-25 13:18:48','CRM','','   : \" \"  admin',1,'SellingProduct','/selling/nomenclature/editCell?id=6',6),(5256,'2020-11-25 13:21:57','CRM','','   : \" \"  admin',1,'SellingProduct','/selling/nomenclature/editCell?id=6',6),(5257,'2020-11-25 13:24:52','CRM','','   : \" \"  admin',1,'SellingProduct','/selling/nomenclature/editCell?id=6',6),(5258,'2020-11-25 13:25:22','CRM','','   : \" \"  admin',1,'SellingProduct','/selling/nomenclature/editCell?id=6',6),(5259,'2020-11-25 13:25:37','CRM','','   : \" \"  admin',1,'SellingProduct','/selling/nomenclature/editCell?id=6',6),(5260,'2020-11-25 13:27:01','CRM','','   : \" \"  admin',1,'SellingProduct','/selling/nomenclature/editCell?id=6',6),(5261,'2020-11-25 13:27:10','CRM','','   : \" \"  admin',1,'SellingProduct','/selling/nomenclature/editCell?id=6',6),(5262,'2020-11-25 13:27:27','CRM','','   : \" \"  admin',1,'SellingProduct','/selling/nomenclature/editCell?id=6',6),(5263,'2020-11-25 13:27:42','CRM','','   : \" \"  admin',1,'SellingProduct','/selling/nomenclature/editCell?id=6',6),(5264,'2020-11-25 13:28:25','CRM','','   : \" \"  admin',1,'SellingProduct','/selling/nomenclature/editCell?id=6',6),(5265,'2020-11-25 13:30:02','CRM','','   : \" \"  admin',1,'SellingProduct','/selling/nomenclature/editCell?id=6',6),(5266,'2020-11-25 13:31:12','CRM','','   : \" \"  admin',1,'SellingProduct','/selling/nomenclature/editCell?id=6',6),(5267,'2020-11-25 13:31:12','CRM','','   : \" \"  admin',1,'SellingProduct','/selling/nomenclature/editCell?id=6',6),(5268,'2020-11-25 13:31:13','CRM','','   : \" \"  admin',1,'SellingProduct','/selling/nomenclature/editCell?id=6',6),(5269,'2020-11-25 13:31:13','CRM','','   : \" \"  admin',1,'SellingProduct','/selling/nomenclature/editCell?id=6',6),(5270,'2020-11-25 13:31:29','CRM','','   : \" \"  admin',1,'SellingProduct','/selling/nomenclature/editCell?id=6',6),(5271,'2020-11-25 13:31:44','CRM','','   : \" \"  admin',1,'SellingProduct','/selling/nomenclature/editCell?id=6',6),(5272,'2020-11-25 13:32:01','CRM','','   : \" \"  admin',1,'SellingProduct','/selling/nomenclature/change-currency?id=6',6),(5273,'2020-11-25 13:32:27','CRM','','   : \"  50\"  admin',1,'SellingProduct','/selling/nomenclature/add-position',7),(5274,'2020-11-25 13:32:42','CRM','','   : \"  50\"  admin',1,'SellingProduct','/selling/nomenclature/add-position',7),(5275,'2020-11-25 13:32:50','CRM','','   : \" \"  admin',1,'SellingProduct','/selling/nomenclature/delete-position?id=6&selling_token=',6),(5276,'2020-11-25 13:32:56','CRM','','   : \"  50\"  admin',1,'SellingProduct','/selling/nomenclature/delete-position?id=7&selling_token=',7),(5277,'2020-11-25 13:36:10','CRM','','   : \" \"  admin',1,'SellingProduct','/selling/nomenclature/add-position',8),(5278,'2020-11-25 13:36:29','CRM','','   : \" \"  admin',1,'SellingProduct','/selling/nomenclature/editCell?id=8',8),(5279,'2020-11-25 13:36:56','CRM','','   : \" \"  admin',1,'SellingProduct','/selling/nomenclature/change-currency?id=8',8),(5280,'2020-11-25 13:36:57','CRM','','   : \" \"  admin',1,'SellingProduct','/selling/nomenclature/change-currency?id=8',8),(5281,'2020-11-25 13:46:34','CRM','','   : \" \"  admin',1,'SellingProduct','/selling/nomenclature/change-currency?id=8',8),(5282,'2020-11-25 13:47:02','CRM','','   : \" \"  admin',1,'SellingProduct','/selling/nomenclature/editCell?id=8',8),(5283,'2020-11-25 13:52:28','BOSS','',' ',1,'Login','/login/zaglushka',1),(5284,'2020-11-25 15:06:44','CRM','','   : \" \"  admin',1,'SellingProduct','/selling/nomenclature/editCell?id=8',8),(5285,'2020-11-25 15:07:00','CRM','','   : \" \"  admin',1,'SellingProduct','/selling/nomenclature/editCell?id=8',8),(5286,'2020-11-25 15:07:03','CRM','','   : \" \"  admin',1,'SellingProduct','/selling/nomenclature/editCell?id=8',8),(5287,'2020-11-25 15:07:09','CRM','','   : \" \"  admin',1,'SellingProduct','/selling/nomenclature/change-currency?id=8',8),(5288,'2020-11-25 15:07:19','CRM','','   : \" \"  admin',1,'SellingProduct','/selling/nomenclature/editCell?id=8',8),(5289,'2020-11-25 15:07:35','CRM','','   : \" \"  admin',1,'SellingProduct','/selling/nomenclature/editCell?id=8',8),(5290,'2020-11-25 15:07:52','CRM','','   : \"  50\"  admin',1,'SellingProduct','/selling/nomenclature/add-position',9),(5291,'2020-11-25 15:07:58','CRM','','   : \"  50\"  admin',1,'SellingProduct','/selling/nomenclature/add-position',9),(5292,'2020-11-25 15:08:03','CRM','','   : \"  50\"  admin',1,'SellingProduct','/selling/nomenclature/add-position',9),(5293,'2020-11-25 16:03:13','BOSS','',' : \" 1 \"  admin',1,'Event','/event/event/update?id=53',53),(5294,'2020-11-25 16:10:35','BOSS','',' : \" 1 34\"  admin',1,'Event','/event/event/create?date_from=2020-11-05&date_to=2020-11-06&start_time=0:0:00&end_time=0:0:00',59),(5295,'2020-11-25 16:14:40','BOSS','',' : \" 1 34\"  admin',1,'Event','/event/event/update?id=59',59),(5296,'2020-11-25 16:30:55','BOSS','',' : \"\"  admin',1,'Event','/event/event/create?date_from=2020-12-03&date_to=2020-12-03&start_time=5:0:00&end_time=7:30:00',60),(5297,'2020-11-25 16:31:54','BOSS','',' : \"\"  admin',1,'Event','/event/event/update?json&id=60',60),(5298,'2020-11-25 16:32:00','BOSS','',' : \"\"  admin',1,'Event','/event/event/update?json&id=60',60),(5299,'2020-11-25 16:32:19','BOSS','',' : \"\"  admin',1,'Event','/event/event/update?json&id=60',60),(5300,'2020-11-25 16:32:44','BOSS','',' ',1,'Login','/login/zaglushka',1),(5301,'2020-11-25 16:33:28','BOSS','',' : \"\"  admin',1,'Event','/event/event/update?json&id=60',60),(5302,'2020-11-25 16:33:51','BOSS','',' : \"\"  admin',1,'Event','/event/event/update?json&id=60',60),(5303,'2020-11-25 16:33:57','BOSS','',' : \"\"  admin',1,'Event','/event/event/update?json&id=60',60),(5304,'2020-11-25 16:33:58','BOSS','',' : \"\"  admin',1,'Event','/event/event/update?json&id=60',60),(5305,'2020-11-25 16:33:58','BOSS','',' : \"\"  admin',1,'Event','/event/event/update?json&id=60',60),(5306,'2020-11-25 16:33:59','BOSS','',' : \"\"  admin',1,'Event','/event/event/update?json&id=60',60),(5329,'2020-11-27 09:02:26','BOSS','',' ',1,'Login','/login/zaglushka',1),(5330,'2020-11-27 09:20:37','BOSS','',' ',1,'Login','/login/zaglushka',1),(5331,'2020-11-27 09:23:14','BOSS','',' : \"Cccc\"  admin',1,'Event','/event/event/create?date_from=2020-11-06&date_to=2020-11-07&start_time=0:0:00&end_time=0:0:00&name=Cccc',61),(5336,'2020-11-27 11:27:17','BOSS','',' ',1,'Login','/login/zaglushka',1),(5377,'2020-11-30 09:01:26','BOSS','',' ',1,'Login','/login/zaglushka',1),(5984,'2020-11-30 12:58:10','BOSS','',' ',1,'Login','/login/zaglushka',1),(5985,'2020-11-30 13:00:08','CRM','',' : \" \"  admin',1,'Strategy','/selling/strategy/create',13),(6317,'2020-11-30 14:13:25','BOSS','',' ',1,'Login','/login/zaglushka',1),(6318,'2020-11-30 14:19:53','CRM','',' : \"431\"  admin',1,'Selling','/selling/talk/save-dialog',431),(6319,'2020-11-30 14:19:55','CRM','',' : \"   Yii2  PHP\"  admin',1,'Customer','/selling/talk/end-talk?sellingId=431',143),(6320,'2020-11-30 14:22:47','CRM','',' : \"431\"  admin',1,'Selling','/selling/talk/save-dialog',431),(6321,'2020-11-30 14:22:49','CRM','',' : \"   Yii2  PHP\"  admin',1,'Customer','/selling/talk/end-talk?sellingId=431',143),(6322,'2020-11-30 14:27:07','CRM','',' : \"431\"  admin',1,'Selling','/selling/talk/save-dialog',431),(6323,'2020-11-30 14:27:09','CRM','',' : \"   Yii2  PHP\"  admin',1,'Customer','/selling/talk/end-talk?sellingId=431',143),(6324,'2020-11-30 14:27:19','CRM','',' : \"431\"  admin',1,'Selling','/selling/talk/save-dialog',431),(6325,'2020-11-30 14:33:13','CRM','',' : \"   Yii2  PHP\"  admin',1,'Customer','/selling/talk/end-talk?sellingId=431',143),(6326,'2020-11-30 14:37:50','CRM','',' : \"431\"  admin',1,'Selling','/selling/talk/save-dialog',431),(6327,'2020-11-30 14:37:51','CRM','',' : \"   Yii2  PHP\"  admin',1,'Customer','/selling/talk/end-talk?sellingId=431',143),(6328,'2020-11-30 14:37:51','CRM','',' : \"431\"  admin',1,'Selling','/selling/talk/save-dialog',431),(6329,'2020-11-30 14:41:21','CRM','',' : \"431\"  admin',1,'Selling','/selling/talk/save-dialog',431),(6330,'2020-11-30 14:41:22','CRM','',' : \"   Yii2  PHP\"  admin',1,'Customer','/selling/talk/end-talk?sellingId=431',143),(6331,'2020-11-30 14:42:09','CRM','',' : \"431\"  admin',1,'Selling','/selling/talk/save-dialog',431),(6332,'2020-11-30 14:42:11','CRM','',' : \"   Yii2  PHP\"  admin',1,'Customer','/selling/talk/end-talk?sellingId=431',143),(6737,'2020-11-30 14:54:08','CRM','',' : \"431\"  admin',1,'Selling','/selling/talk/save-dialog',431),(6743,'2020-11-30 14:54:10','CRM','',' : \"   Yii2  PHP\"  admin',1,'Customer','/selling/talk/end-talk?sellingId=431',143),(7985,'2020-11-30 15:12:52','CRM','',' : \"431\"  admin',1,'Selling','/selling/talk/save-dialog',431),(7986,'2020-11-30 15:12:54','CRM','',' : \"   Yii2  PHP\"  admin',1,'Customer','/selling/talk/end-talk?sellingId=431',143),(7987,'2020-11-30 15:13:15','CRM','',' : \"431\"  admin',1,'Selling','/selling/talk/comment-history',431),(10713,'2020-11-30 15:44:33','BOSS','',' ',1,'Login','/login/zaglushka',1),(10826,'2020-11-30 15:45:31','CRM','',' : \"431\"  admin',1,'Selling','/selling/talk/save-dialog',431),(10827,'2020-11-30 15:45:32','CRM','',' : \"   Yii2  PHP\"  admin',1,'Customer','/selling/talk/end-talk?sellingId=431',143),(10828,'2020-11-30 15:47:07','CRM','',' : \"431\"  admin',1,'Selling','/selling/talk/comment-history',431),(10829,'2020-11-30 15:49:20','BOSS','',' ',1,'Login','/login/zaglushka',1),(10830,'2020-11-30 15:49:36','CRM','',' : \"431\"  admin',1,'Selling','/selling/talk/save-dialog',431),(10831,'2020-11-30 15:49:37','CRM','',' : \"   Yii2  PHP\"  admin',1,'Customer','/selling/talk/end-talk?sellingId=431',143),(10911,'2020-11-30 15:54:23','CRM','',' : \"   Yii2  PHP\"  admin',1,'Customer','/selling/talk/end-talk?sellingId=431',143),(11057,'2020-11-30 15:56:35','CRM','',' : \"431\"  admin',1,'Selling','/selling/talk/save-dialog',431),(11058,'2020-11-30 15:56:36','CRM','',' : \"   Yii2  PHP\"  admin',1,'Customer','/selling/talk/end-talk?sellingId=431',143),(11745,'2020-12-01 08:58:46','BOSS','',' ',1,'Login','/login/zaglushka',1),(11746,'2020-12-01 09:11:45','BOSS','',' : \"\"  admin',1,'Item','/core/item/create?regularity_id=34',95),(11747,'2020-12-01 09:12:11','BOSS','',' : \"\"  admin',1,'Item','/core/item/create?regularity_id=34',96),(11748,'2020-12-01 09:12:32','BOSS','',' : \" \"  admin',1,'Item','/core/item/create?regularity_id=34',97),(11788,'2020-12-01 09:31:35','BOSS','',' ',1,'Login','/login/zaglushka',1),(11789,'2020-12-01 09:31:51','BOSS','',' : \"\"  admin',1,'Item','/core/item/delet?id=95',95),(11790,'2020-12-01 09:31:53','BOSS','',' : \"\"  admin',1,'Item','/core/item/delet?id=96',96),(11791,'2020-12-01 09:31:55','BOSS','',' : \" \"  admin',1,'Item','/core/item/delet?id=97',97),(11826,'2020-12-01 09:38:14','BOSS','',' : \" \"  admin',1,'Regularity','/core/regularity/update?id=34',34),(11827,'2020-12-01 09:40:13','BOSS','',' : \"\"  admin',1,'Regularity','/core/regularity/create',153),(11828,'2020-12-01 09:41:04','BOSS','',' : \" \"  admin',1,'Regularity','/core/regularity/create',154),(11829,'2020-12-01 09:41:43','BOSS','',' : \"\"  admin',1,'Regularity','/core/regularity/create',155),(11830,'2020-12-01 09:42:09','BOSS','',' : \"\"  admin',1,'Regularity','/core/regularity/create',156),(11831,'2020-12-01 09:42:40','BOSS','',' : \"\"  admin',1,'Regularity','/core/regularity/create',157),(11832,'2020-12-01 09:43:34','BOSS','',' : \" \"  admin',1,'Regularity','/core/regularity/create',158),(11875,'2020-12-01 09:47:47','BOSS','',' : \"\"  admin',1,'Item','/core/item/update?id=1',1),(11876,'2020-12-01 09:48:22','BOSS','',' : \"\"  admin',1,'Item','/core/item/create?regularity_id=34',98),(11877,'2020-12-01 09:48:44','BOSS','',' : \"\"  admin',1,'Item','/core/item/create?regularity_id=34',99),(11951,'2020-12-01 09:50:11','BOSS','',' : \" \"  admin',1,'Item','/core/item/create?regularity_id=34',100),(11955,'2020-12-01 09:52:04','ERP','',' : \" 12\"  admin',1,'Warehouse','/warehouse/warehouse/create',69),(11956,'2020-12-01 09:52:04','ERP','','  :   admin',1,'WarehouseUser','/warehouse/warehouse/create',70),(11995,'2020-12-01 09:52:22','CRM','',' : \" \"  admin',1,'Customer','/customer/customer/create',1392),(11996,'2020-12-01 09:52:23','BOSS','',' : \"\"  admin',1,'Item','/core/item/create?regularity_id=34',101),(11997,'2020-12-01 09:52:26','CRM','',' :   admin',1,'Selling','/selling/form/save',510),(11998,'2020-12-01 09:52:26','CRM','',' : \"510\"  admin',1,'Selling','/selling/form/save',510),(12040,'2020-12-01 09:52:57','CRM','',' : \"510\"  admin',1,'Selling','/selling/form/save?id=510',510),(12041,'2020-12-01 09:52:57','CRM','',' : \"510510\"  admin',1,'Selling','/selling/form/save?id=510',510),(12042,'2020-12-01 09:56:11','BOSS','',' : \"\"  admin',1,'Item','/core/item/create?regularity_id=34',102),(12192,'2020-12-01 09:58:22','CRM','',' : \"510510\"  admin',1,'Selling','/selling/talk/comment-history',510),(12673,'2020-12-01 10:06:16','ERP','',' : \"\"  admin',1,'Purchase','/purchase/form/save',177),(12674,'2020-12-01 10:07:25','ERP','',' : \"\"  admin',1,'Purchase','/purchase/state/payment?id=177&_pjax=%23state-pjax',177),(12675,'2020-12-01 10:07:31','ERP','',' : \"\"  admin',1,'Purchase','/purchase/state/initial?id=177&_pjax=%23state-pjax',177),(12676,'2020-12-01 10:08:05','ERP','','  :   admin',1,'OverheadCost','/purchase/nomenclature/add-position',531),(12677,'2020-12-01 10:08:07','ERP','','  : \"  50\"  admin',1,'PurchaseProduct','/purchase/nomenclature/add-position',1),(12678,'2020-12-01 10:08:07','ERP','','  : \"  50\"  admin',1,'WarehouseProduct','/purchase/nomenclature/add-position',111),(12679,'2020-12-01 10:08:07','ERP','','  : \"  50\"  admin',1,'PurchaseProduct','/purchase/nomenclature/add-position',1),(12680,'2020-12-01 10:08:19','ERP','',' : \"\"  admin',1,'Purchase','/purchase/state/payment?id=177&_pjax=%23state-pjax',177),(12681,'2020-12-01 10:08:27','ERP','',' : \"\"  admin',1,'Purchase','/purchase/state/delivery?id=177&_pjax=%23state-pjax',177),(12682,'2020-12-01 10:09:23','BOSS','',' : \" \"  admin',1,'Item','/core/item/create?regularity_id=34',117),(12683,'2020-12-01 10:09:51','BOSS','',' : \" \"  admin',1,'Item','/core/item/create?regularity_id=153',118),(12684,'2020-12-01 10:10:05','BOSS','',' : \" \"  admin',1,'Item','/core/item/create?regularity_id=153',119),(12685,'2020-12-01 10:10:18','BOSS','',' : \"\"  admin',1,'Item','/core/item/create?regularity_id=153',120),(12686,'2020-12-01 10:10:51','BOSS','',' : \"\"  admin',1,'Item','/core/item/create?regularity_id=154',121),(12687,'2020-12-01 10:11:42','BOSS','',' : \"\"  admin',1,'Item','/core/item/create?regularity_id=154',122),(12688,'2020-12-01 10:12:53','BOSS','',' : \"  1\"  admin',1,'Item','/core/item/delet?id=2',2),(12689,'2020-12-01 10:16:23','ERP','',' : \"\"  admin',1,'Purchase','/purchase/form/save',178),(12690,'2020-12-01 10:16:33','ERP','',' : \"\"  admin',1,'Purchase','/purchase/state/payment?id=178&_pjax=%23state-pjax',178),(12691,'2020-12-01 10:16:35','ERP','',' : \"\"  admin',1,'Purchase','/purchase/state/delivery?id=178&_pjax=%23state-pjax',178),(12692,'2020-12-01 10:16:57','ERP','','  :   admin',1,'OverheadCost','/purchase/nomenclature/add-position',532),(12693,'2020-12-01 10:16:57','ERP','','  : \"  50\"  admin',1,'PurchaseProduct','/purchase/nomenclature/add-position',2),(12694,'2020-12-01 10:16:58','ERP','','  : \"  50\"  admin',1,'PurchaseProduct','/purchase/nomenclature/add-position',2),(12695,'2020-12-01 10:18:22','ERP','','  :   admin',1,'OverheadCost','/purchase/nomenclature/add-overhead-cost?id=178',533),(12696,'2020-12-01 10:18:23','ERP','','   :   admin',1,'PurchaseOverheadCost','/purchase/nomenclature/add-overhead-cost?id=178',1),(12697,'2020-12-01 10:19:40','BOSS','',' : \"\"  admin',1,'Item','/core/item/create?regularity_id=154',123),(12698,'2020-12-01 10:22:35','ERP','','  :   admin',1,'OverheadCost','/purchase/nomenclature/add-overhead-cost?id=178',534),(12699,'2020-12-01 10:22:35','ERP','','   :   admin',1,'PurchaseOverheadCost','/purchase/nomenclature/add-overhead-cost?id=178',2),(12700,'2020-12-01 10:26:41','BOSS','',' : \" \"  admin',1,'Regularity','/core/regularity/update?id=34',34),(12701,'2020-12-01 10:28:07','BOSS','',' : \"\"  admin',1,'Item','/core/item/create?regularity_id=154',124),(12702,'2020-12-01 10:28:38','BOSS','',' : \" \"  admin',1,'Item','/core/item/create?regularity_id=155',125),(12703,'2020-12-01 10:28:58','BOSS','',' : \" \"  admin',1,'Item','/core/item/create?regularity_id=155',126),(12704,'2020-12-01 10:29:18','BOSS','',' : \" \"  admin',1,'Item','/core/item/create?regularity_id=155',127),(12705,'2020-12-01 10:29:31','BOSS','',' : \" \"  admin',1,'Item','/core/item/create?regularity_id=155',128),(12706,'2020-12-01 10:29:46','BOSS','',' : \" \"  admin',1,'Item','/core/item/create?regularity_id=155',129),(12707,'2020-12-01 10:29:59','BOSS','',' : \"- \"  admin',1,'Item','/core/item/create?regularity_id=155',130),(12708,'2020-12-01 10:30:12','BOSS','',' : \"- \"  admin',1,'Item','/core/item/create?regularity_id=155',131),(12709,'2020-12-01 10:30:27','BOSS','',' : \"- \"  admin',1,'Item','/core/item/create?regularity_id=156',132),(12710,'2020-12-01 10:31:02','BOSS','',' : \" \"  admin',1,'Item','/core/item/update?id=132',132),(12711,'2020-12-01 10:31:18','BOSS','',' : \"\"  admin',1,'Item','/core/item/create?regularity_id=156',133),(12712,'2020-12-01 10:31:32','BOSS','',' : \"\"  admin',1,'Item','/core/item/create?regularity_id=156',134),(12713,'2020-12-01 10:31:46','BOSS','',' : \"\"  admin',1,'Item','/core/item/create?regularity_id=156',135),(12714,'2020-12-01 10:31:59','BOSS','',' : \" \"  admin',1,'Item','/core/item/create?regularity_id=156',136),(12715,'2020-12-01 10:32:12','BOSS','',' : \" \"  admin',1,'Item','/core/item/create?regularity_id=156',137),(12716,'2020-12-01 10:32:42','BOSS','',' : \"\"  admin',1,'Item','/core/item/create?regularity_id=157',138),(12717,'2020-12-01 10:35:06','BOSS','',' : \"\"  admin',1,'Item','/core/item/create?regularity_id=157',139),(12718,'2020-12-01 10:35:45','BOSS','',' : \"  \"  admin',1,'Item','/core/item/create?regularity_id=157',140),(12719,'2020-12-01 10:36:10','BOSS','',' : \"\"  admin',1,'Item','/core/item/create?regularity_id=157',141),(12720,'2020-12-01 10:36:34','BOSS','',' : \"\"  admin',1,'Item','/core/item/create?regularity_id=157',142),(12721,'2020-12-01 10:36:59','BOSS','',' : \"\"  admin',1,'Item','/core/item/create?regularity_id=157',143),(12722,'2020-12-01 10:37:15','BOSS','',' : \"\"  admin',1,'Item','/core/item/create?regularity_id=158',144),(12723,'2020-12-01 10:37:26','BOSS','',' : \" \"  admin',1,'Item','/core/item/create?regularity_id=158',145),(12724,'2020-12-01 10:37:38','BOSS','',' : \" \"  admin',1,'Item','/core/item/create?regularity_id=158',146),(12725,'2020-12-01 10:37:51','BOSS','',' : \" \"  admin',1,'Item','/core/item/create?regularity_id=158',147),(12726,'2020-12-01 10:38:04','BOSS','',' : \" \"  admin',1,'Item','/core/item/create?regularity_id=158',148),(12727,'2020-12-01 10:38:16','BOSS','',' : \" \"  admin',1,'Item','/core/item/create?regularity_id=158',149),(12728,'2020-12-01 10:38:30','BOSS','',' : \"IOT -  \"  admin',1,'Item','/core/item/create?regularity_id=158',150),(12729,'2020-12-01 10:38:42','BOSS','',' : \" \"  admin',1,'Item','/core/item/create?regularity_id=158',151),(12730,'2020-12-01 10:38:59','BOSS','',' : \" \"  admin',1,'Item','/core/item/create?regularity_id=158',152),(12731,'2020-12-01 10:39:08','BOSS','',' : \" \"  admin',1,'Item','/core/item/create?regularity_id=158',153),(12732,'2020-12-01 10:39:21','BOSS','',' : \" \"  admin',1,'Item','/core/item/create?regularity_id=158',154),(12733,'2020-12-01 10:39:33','BOSS','',' : \" \"  admin',1,'Item','/core/item/create?regularity_id=158',155),(12734,'2020-12-01 10:48:12','CRM','','   :   admin',1,'StateToState','/selling/state-to-state/delete?id=24',24),(12740,'2020-12-01 12:29:26','CRM','',' : \"431\"  admin',1,'Selling','/selling/talk/comment-history',431),(12741,'2020-12-01 12:30:59','CRM','',' : \"431\"  admin',1,'Selling','/selling/talk/comment-history',431),(12742,'2020-12-01 12:31:59','BOSS','',' ',1,'Login','/login/zaglushka',1),(12743,'2020-12-01 12:35:24','BOSS','',' ',1,'Login','/login/zaglushka',1),(12744,'2020-12-01 12:36:24','CRM','',' : \"431\"  admin',1,'Selling','/selling/talk/save-dialog',431),(12745,'2020-12-01 12:36:25','CRM','',' : \"   Yii2  PHP\"  admin',1,'Customer','/selling/talk/end-talk?sellingId=431',143),(12746,'2020-12-01 12:37:02','BOSS','',' ',1,'Login','/login/zaglushka',1),(12747,'2020-12-01 12:38:11','CRM','',' : \"   Yii2  PHP\"  admin',1,'Customer','/selling/talk/end-talk?sellingId=431',143),(12748,'2020-12-01 12:47:34','CRM','',' : \"431\"  admin',1,'Selling','/selling/talk/save-dialog',431),(12749,'2020-12-01 12:47:36','CRM','',' : \"   Yii2  PHP\"  admin',1,'Customer','/selling/talk/end-talk?sellingId=431',143),(12750,'2020-12-01 12:49:37','BOSS','',' ',1,'Login','/login/zaglushka',1),(12751,'2020-12-01 12:50:12','CRM','',' : \"431\"  admin',1,'Selling','/selling/talk/save-dialog',431),(12752,'2020-12-01 12:50:14','CRM','',' : \"   Yii2  PHP\"  admin',1,'Customer','/selling/talk/end-talk?sellingId=431',143),(12754,'2020-12-01 12:56:13','BOSS','',' ',1,'Login','/login/zaglushka',1),(12755,'2020-12-01 12:58:47','CRM','',' :   admin',1,'Answer','/selling/talk/save-custom-answer?requestId=35&answer=bbrrer%20rg%20e34g',137),(12756,'2020-12-01 13:06:39','BOSS','',' ',1,'Login','/login/zaglushka',1),(12757,'2020-12-01 13:13:36','ERP','','  :   admin',1,'OverheadCost','/purchase/nomenclature/add-position',535),(12758,'2020-12-01 13:13:37','ERP','','  : \" \"  admin',1,'PurchaseProduct','/purchase/nomenclature/add-position',3),(12759,'2020-12-01 13:13:37','ERP','','  : \" \"  admin',1,'PurchaseProduct','/purchase/nomenclature/add-position',3),(12760,'2020-12-01 13:13:52','ERP','',' : \"  \"  admin',1,'Purchase','/purchase/state/payment?id=1&_pjax=%23state-pjax',1),(12761,'2020-12-01 13:13:53','ERP','',' : \"  \"  admin',1,'Purchase','/purchase/state/payment?id=1',1),(12762,'2020-12-01 13:15:43','ERP','','  :   admin',1,'OverheadCost','/purchase/nomenclature/add-position',536),(12763,'2020-12-01 13:15:43','ERP','','  : \"  50\"  admin',1,'PurchaseProduct','/purchase/nomenclature/add-position',4),(12764,'2020-12-01 13:15:44','ERP','','  : \"  50\"  admin',1,'PurchaseProduct','/purchase/nomenclature/add-position',4),(12765,'2020-12-01 13:15:51','ERP','',' : \"  \"  admin',1,'Purchase','/purchase/state/delivery?id=1&_pjax=%23state-pjax',1),(12766,'2020-12-01 13:15:51','ERP','',' : \"  \"  admin',1,'Purchase','/purchase/state/delivery?id=1',1),(12767,'2020-12-01 13:22:16','BOSS','',' ',1,'Login','/login/zaglushka',1),(12768,'2020-12-01 13:25:49','CRM','',' : \"431\"  admin',1,'Selling','/selling/talk/save-dialog',431),(12769,'2020-12-01 13:25:57','CRM','',' : \"   Yii2  PHP\"  admin',1,'Customer','/selling/talk/end-talk?sellingId=431',143),(12770,'2020-12-01 13:29:09','ERP','',' : \"\"  admin',1,'Purchase','/purchase/state/payment?id=177&_pjax=%23state-pjax',177),(12771,'2020-12-01 13:29:16','ERP','',' : \"\"  admin',1,'Purchase','/purchase/state/delivery?id=177&_pjax=%23state-pjax',177),(12772,'2020-12-01 13:29:19','ERP','',' : \"\"  admin',1,'Purchase','/purchase/state/delivery?id=177',177),(12773,'2020-12-01 13:29:21','ERP','',' : \"\"  admin',1,'Purchase','/purchase/state/payment?id=177&_pjax=%23purchase-form-pjax',177),(12774,'2020-12-01 13:29:22','ERP','',' : \"\"  admin',1,'Purchase','/purchase/state/payment?id=177',177),(12775,'2020-12-01 13:33:05','ERP','',' : \"\"  admin',1,'Warehouse','/warehouse/warehouse/delete?id=39',39),(12776,'2020-12-01 13:33:07','ERP','',' : \" 12\"  admin',1,'Warehouse','/warehouse/warehouse/delete?id=69',69),(12777,'2020-12-01 13:38:13','ERP','',' : \" 13\"  admin',1,'Warehouse','/warehouse/warehouse/create',82),(12778,'2020-12-01 13:38:13','ERP','','  :   admin',1,'WarehouseUser','/warehouse/warehouse/create',71),(12779,'2020-12-01 13:38:16','CRM','',' :   admin',1,'Selling','/selling/form/save',611),(12780,'2020-12-01 13:38:17','CRM','',' : \"611\"  admin',1,'Selling','/selling/form/save',611),(12781,'2020-12-01 13:38:45','ERP','',' : \"  \"  admin',1,'Warehouse','/warehouse/warehouse/create',83),(12782,'2020-12-01 13:38:45','ERP','','  :   admin',1,'WarehouseUser','/warehouse/warehouse/create',72),(12783,'2020-12-01 13:40:21','CRM','',' :   admin',1,'Answer','/selling/talk/save-custom-answer?requestId=37&answer=%D0%94%D0%96%D0%B0%D0%B3%D0%BD%D0%BE',138),(12784,'2020-12-01 13:40:24','ERP','',' : \"   (2)\"  admin',1,'Warehouse','/warehouse/warehouse/update?id=82',82),(12785,'2020-12-01 13:40:24','ERP','','  :   admin',1,'WarehouseUser','/warehouse/warehouse/update?id=82',73),(12786,'2020-12-01 13:40:25','CRM','',' : \"   Yii2  PHP\"  admin',1,'Customer','/selling/talk/end-talk?sellingId=611',143),(12787,'2020-12-01 13:40:59','ERP','',' : \"\"  admin',1,'Category','/product/category/delete?id=18',18),(12788,'2020-12-01 13:41:03','ERP','',' : \"\"  admin',1,'Category','/product/category/delete?id=19',19),(12789,'2020-12-01 13:41:05','ERP','',' : \"\"  admin',1,'Purchase','/purchase/form/save',179),(12790,'2020-12-01 13:41:05','CRM','',' : \"611\"  admin',1,'Selling','/selling/talk/save-dialog',611),(12791,'2020-12-01 13:41:07','ERP','',' : \"\"  admin',1,'Category','/product/category/delete?id=21',21),(12792,'2020-12-01 13:41:08','CRM','',' : \"   Yii2  PHP\"  admin',1,'Customer','/selling/talk/end-talk?sellingId=611',143),(12793,'2020-12-01 13:41:28','ERP','','  :   admin',1,'OverheadCost','/purchase/nomenclature/add-position',537),(12794,'2020-12-01 13:41:28','ERP','','  : \" \"  admin',1,'PurchaseProduct','/purchase/nomenclature/add-position',5),(12795,'2020-12-01 13:41:28','ERP','','  : \" \"  admin',1,'WarehouseProduct','/purchase/nomenclature/add-position',112),(12796,'2020-12-01 13:41:28','ERP','','  : \" \"  admin',1,'PurchaseProduct','/purchase/nomenclature/add-position',5),(12797,'2020-12-01 13:41:33','ERP','',' : \"\"  admin',1,'Category','/product/category/create',190),(12798,'2020-12-01 13:41:39','CRM','',' :   admin',1,'Answer','/selling/talk/save-custom-answer?requestId=47&answer=%D0%91%D0%B8%D1%80%D1%8E%D0%B7%D0%BE%D0%B2%D1%8B%D0%B9',139),(12799,'2020-12-01 13:41:44','ERP','',' : \"\"  admin',1,'Category','/product/category/create',191),(12800,'2020-12-01 13:41:45','CRM','',' : \"611\"  admin',1,'Selling','/selling/talk/save-dialog',611),(12801,'2020-12-01 13:41:47','CRM','',' : \"   Yii2  PHP\"  admin',1,'Customer','/selling/talk/end-talk?sellingId=611',143),(12802,'2020-12-01 13:41:48','ERP','',' : \"\"  admin',1,'Purchase','/purchase/state/payment?id=179&_pjax=%23state-pjax',179),(12803,'2020-12-01 13:41:59','ERP','',' : \" \"  admin',1,'Category','/product/category/create',192),(12804,'2020-12-01 13:42:19','ERP','',' : \" \"  admin',1,'Category','/product/category/create',193),(12805,'2020-12-01 13:42:30','ERP','',' : \"\"  admin',1,'Purchase','/purchase/state/delivery?id=179&_pjax=%23state-pjax',179),(12806,'2020-12-01 13:42:31','ERP','',' : \"\"  admin',1,'Purchase','/purchase/state/delivery?id=179',179),(12807,'2020-12-01 13:42:42','ERP','',' : \"\"  admin',1,'Purchase','/purchase/state/payment?id=179&_pjax=%23state-pjax',179),(12808,'2020-12-01 13:45:00','ERP','','  :   admin',1,'OverheadCost','/purchase/nomenclature/add-overhead-cost?id=179',538),(12809,'2020-12-01 13:45:01','ERP','','   :   admin',1,'PurchaseOverheadCost','/purchase/nomenclature/add-overhead-cost?id=179',3),(12810,'2020-12-01 13:45:14','ERP','',' : \"\"  admin',1,'Purchase','/purchase/state/delivery?id=179&_pjax=%23state-pjax',179),(12811,'2020-12-01 13:45:15','ERP','',' : \"\"  admin',1,'Purchase','/purchase/state/delivery?id=179',179),(12812,'2020-12-01 13:47:40','ERP','',' : \"\"  admin',1,'Purchase','/purchase/state/payment?id=179&_pjax=%23state-pjax',179),(12813,'2020-12-01 13:47:42','ERP','',' : \"\"  admin',1,'Purchase','/purchase/state/payment?id=179',179),(12814,'2020-12-01 13:47:51','ERP','',' : \"\"  admin',1,'Purchase','/purchase/state/delivery?id=179&_pjax=%23state-pjax',179),(12815,'2020-12-01 13:47:52','ERP','',' : \"\"  admin',1,'Purchase','/purchase/state/delivery?id=179',179),(12816,'2020-12-01 13:47:55','ERP','',' : \"\"  admin',1,'Purchase','/purchase/state/payment?id=179',179),(12817,'2020-12-01 13:47:58','ERP','',' : \"\"  admin',1,'Purchase','/purchase/state/initial?id=179',179),(12818,'2020-12-01 13:48:02','ERP','',' : \"\"  admin',1,'Purchase','/purchase/state/payment?id=179',179),(12819,'2020-12-01 13:48:05','ERP','',' : \"\"  admin',1,'Purchase','/purchase/state/delivery?id=179',179),(12820,'2020-12-01 13:48:16','ERP','',' : \"\"  admin',1,'Purchase','/purchase/state/payment?id=179&_pjax=%23state-pjax',179),(12821,'2020-12-01 13:48:19','ERP','',' : \"\"  admin',1,'Purchase','/purchase/state/delivery?id=179&_pjax=%23state-pjax',179),(12822,'2020-12-01 13:48:23','ERP','',' : \"\"  admin',1,'Purchase','/purchase/state/payment?id=179&_pjax=%23state-pjax',179),(12823,'2020-12-01 13:48:26','ERP','',' : \"\"  admin',1,'Purchase','/purchase/state/delivery?id=179&_pjax=%23state-pjax',179),(12824,'2020-12-01 13:48:27','ERP','',' : \"\"  admin',1,'Purchase','/purchase/state/delivery?id=179',179),(12825,'2020-12-01 13:48:36','ERP','',' : \"\"  admin',1,'Purchase','/purchase/state/payment?id=179&_pjax=%23state-pjax',179),(12826,'2020-12-01 13:48:40','ERP','',' : \"\"  admin',1,'Purchase','/purchase/state/delivery?id=179&_pjax=%23state-pjax',179),(12827,'2020-12-01 13:48:41','ERP','',' : \"\"  admin',1,'Purchase','/purchase/state/delivery?id=179',179),(12828,'2020-12-01 13:50:23','ERP','',' : \"\"  admin',1,'Purchase','/purchase/state/payment?id=179&_pjax=%23state-pjax',179),(12829,'2020-12-01 13:50:34','ERP','',' : \" \"  admin',1,'Field','/product/category/update?id=190',334),(12830,'2020-12-01 13:50:35','ERP','','  : \"4,1`` - 4,5``\"  admin',1,'FieldValue','/product/category/update?id=190',85),(12831,'2020-12-01 13:50:35','ERP','','  : \"4,6``- 5``\"  admin',1,'FieldValue','/product/category/update?id=190',86),(12832,'2020-12-01 13:50:35','ERP','','  : \"5,1`` - 5,5``\"  admin',1,'FieldValue','/product/category/update?id=190',87),(12833,'2020-12-01 13:50:35','ERP','','  : \"5,55`` - 6``\"  admin',1,'FieldValue','/product/category/update?id=190',88),(12834,'2020-12-01 13:50:35','ERP','','  : \"6`` - 6,49``\"  admin',1,'FieldValue','/product/category/update?id=190',89),(12835,'2020-12-01 13:50:35','ERP','','  : \"6,5``  \"  admin',1,'FieldValue','/product/category/update?id=190',90),(12836,'2020-12-01 13:50:35','ERP','','  : \" 4``\"  admin',1,'FieldValue','/product/category/update?id=190',91),(12837,'2020-12-01 13:50:41','ERP','',' : \"\"  admin',1,'Purchase','/purchase/state/delivery?id=179&_pjax=%23state-pjax',179),(12838,'2020-12-01 13:51:47','CRM','',' : \"611\"  admin',1,'Selling','/selling/talk/save-dialog',611),(12839,'2020-12-01 13:51:49','CRM','',' : \"   Yii2  PHP\"  admin',1,'Customer','/selling/talk/end-talk?sellingId=611',143),(12840,'2020-12-01 13:53:12','CRM','',' : \"611\"  admin',1,'Selling','/selling/talk/save-dialog',611),(12841,'2020-12-01 13:53:13','CRM','',' : \"   Yii2  PHP\"  admin',1,'Customer','/selling/talk/end-talk?sellingId=611',143),(12842,'2020-12-01 13:54:00','CRM','',' : \"   Yii2  PHP\"  admin',1,'Customer','/selling/talk/end-talk?sellingId=611',143),(12843,'2020-12-01 13:55:57','CRM','',' : \"611\"  admin',1,'Selling','/selling/talk/save-dialog',611),(12844,'2020-12-01 13:55:59','CRM','',' : \"   Yii2  PHP\"  admin',1,'Customer','/selling/talk/end-talk?sellingId=611',143),(12845,'2020-12-01 14:02:32','CRM','',' : \"611\"  admin',1,'Selling','/selling/talk/save-dialog',611),(12846,'2020-12-01 14:02:34','CRM','',' : \"   Yii2  PHP\"  admin',1,'Customer','/selling/talk/end-talk?sellingId=611',143),(12847,'2020-12-01 14:03:20','CRM','',' : \"611\"  admin',1,'Selling','/selling/talk/save-dialog',611),(12848,'2020-12-01 14:03:23','CRM','',' : \"   Yii2  PHP\"  admin',1,'Customer','/selling/talk/end-talk?sellingId=611',143),(12849,'2020-12-01 14:03:29','ERP','',' : \"  \"  admin',1,'Field','/product/category/update?id=190',335),(12850,'2020-12-01 14:04:23','CRM','',' :   admin',1,'Answer','/selling/talk/save-custom-answer?requestId=37&answer=%D0%92%D0%BE%D0%BF%D1%80%D0%BE%D1%81%20%D0%BE%D1%82%20%D0%BA%D0%BB%D0%B8%D0%B5%D0%BD%D1%82%D0%B0%20%D0%BE%D1%82%D0%B2%D0%B5%D1%87%D0%B0%D0%B5%D1%82%20%D0%BC%D0%B5%D0%BD%D0%B5%D0%B4%D0%B6%D0%B5%D1%80',140),(12851,'2020-12-01 14:04:28','CRM','',' : \"611\"  admin',1,'Selling','/selling/talk/save-dialog',611),(12852,'2020-12-01 14:04:30','CRM','',' : \"   Yii2  PHP\"  admin',1,'Customer','/selling/talk/end-talk?sellingId=611',143),(12853,'2020-12-01 14:05:07','CRM','',' :   admin',1,'Answer','/selling/talk/save-custom-answer?requestId=35&answer=%D0%BE%D1%82%20%D0%BC%D0%B5%D0%BD%D0%B5%D0%B4%D0%B4%D0%B5%D1%80%D0%B0%20%D0%BE%D1%82%D0%B2%D0%B5%D1%87%D0%B0%D0%B5%D1%82%20%D0%BA%D0%BB%D0%BB%D0%B8%D0%B5%D0%BD%D1%82',141),(12854,'2020-12-01 14:05:08','CRM','',' : \"611\"  admin',1,'Selling','/selling/talk/save-dialog',611),(12855,'2020-12-01 14:05:09','CRM','',' : \"   Yii2  PHP\"  admin',1,'Customer','/selling/talk/end-talk?sellingId=611',143),(12856,'2020-12-01 14:08:03','CRM','',' : \" \"  admin',1,'State','/selling/main-state/create',263),(12857,'2020-12-01 14:08:59','ERP','',' : \"\"  admin',1,'Field','/product/category/update?id=190',336),(12858,'2020-12-01 14:08:59','ERP','','  : \"\"  admin',1,'FieldValue','/product/category/update?id=190',92),(12859,'2020-12-01 14:08:59','ERP','','  : \"\"  admin',1,'FieldValue','/product/category/update?id=190',93),(12860,'2020-12-01 14:08:59','ERP','','  : \"\"  admin',1,'FieldValue','/product/category/update?id=190',94),(12861,'2020-12-01 14:08:59','ERP','','  : \"\"  admin',1,'FieldValue','/product/category/update?id=190',95),(12862,'2020-12-01 14:08:59','ERP','','  : \"\"  admin',1,'FieldValue','/product/category/update?id=190',96),(12863,'2020-12-01 14:08:59','ERP','','  : \"\"  admin',1,'FieldValue','/product/category/update?id=190',97),(12864,'2020-12-01 14:08:59','ERP','','  : \"\"  admin',1,'FieldValue','/product/category/update?id=190',98),(12865,'2020-12-01 14:11:29','ERP','',' : \"  \"  admin',1,'Field','/product/category/update?id=190',337),(12866,'2020-12-01 14:12:25','ERP','',' : \" \"  admin',1,'Field','/product/category/update?id=190',338),(12867,'2020-12-01 14:12:57','ERP','',' : \" \"  admin',1,'Field','/product/category/update?id=190',339),(12868,'2020-12-01 14:13:24','ERP','','  : \" \"  admin',1,'WarehouseProduct','/purchase/state/confirm?id=179&_pjax=%23state-pjax',112),(12869,'2020-12-01 14:13:25','ERP','',' : \"\"  admin',1,'Purchase','/purchase/state/confirm?id=179&_pjax=%23state-pjax',179),(12870,'2020-12-01 14:13:26','ERP','','  : \" \"  admin',1,'WarehouseProduct','/purchase/state/confirm?id=179',112),(12871,'2020-12-01 14:13:27','ERP','',' : \"\"  admin',1,'Purchase','/purchase/state/confirm?id=179',179),(12872,'2020-12-01 14:14:30','ERP','','  : \" \"  admin',1,'WarehouseProduct','/purchase/state/confirm?id=179&_pjax=%23state-pjax',112),(12873,'2020-12-01 14:14:31','ERP','',' : \"\"  admin',1,'Purchase','/purchase/state/confirm?id=179&_pjax=%23state-pjax',179),(12874,'2020-12-01 14:14:32','ERP','',' : \" \"  admin',1,'Field','/product/category/update?id=190',340),(12875,'2020-12-01 14:14:32','ERP','','  : \"Android\"  admin',1,'FieldValue','/product/category/update?id=190',99),(12876,'2020-12-01 14:14:32','ERP','','  : \"IOS\"  admin',1,'FieldValue','/product/category/update?id=190',100),(12877,'2020-12-01 14:14:32','ERP','','  : \"Windows\"  admin',1,'FieldValue','/product/category/update?id=190',101),(12878,'2020-12-01 14:14:32','ERP','','  : \" \"  admin',1,'WarehouseProduct','/purchase/state/confirm?id=179',112),(12879,'2020-12-01 14:14:32','ERP','',' : \"\"  admin',1,'Purchase','/purchase/state/confirm?id=179',179),(12880,'2020-12-01 14:15:06','ERP','','  : \" \"  admin',1,'WarehouseProduct','/purchase/state/confirm?id=179&_pjax=%23state-pjax',112),(12881,'2020-12-01 14:15:07','ERP','',' : \"\"  admin',1,'Purchase','/purchase/state/confirm?id=179&_pjax=%23state-pjax',179),(12882,'2020-12-01 14:15:09','ERP','','  : \" \"  admin',1,'WarehouseProduct','/purchase/state/confirm?id=179',112),(12883,'2020-12-01 14:15:09','ERP','',' : \"\"  admin',1,'Purchase','/purchase/state/confirm?id=179',179),(12884,'2020-12-01 14:15:39','ERP','',' : \"  \"  admin',1,'Field','/product/category/update?id=190',341),(12885,'2020-12-01 14:15:56','ERP','',' : \"\"  admin',1,'Purchase','/purchase/form/save',180),(12886,'2020-12-01 14:16:13','ERP','','  :   admin',1,'OverheadCost','/purchase/nomenclature/add-position',539),(12887,'2020-12-01 14:16:14','ERP','','  : \" \"  admin',1,'PurchaseProduct','/purchase/nomenclature/add-position',6),(12888,'2020-12-01 14:16:14','ERP','','  : \" \"  admin',1,'PurchaseProduct','/purchase/nomenclature/add-position',6),(12889,'2020-12-01 14:17:11','ERP','',' : \"\"  admin',1,'Field','/product/category/update?id=190',342),(12890,'2020-12-01 14:17:11','ERP','','  : \"\"  admin',1,'FieldValue','/product/category/update?id=190',102),(12891,'2020-12-01 14:17:12','ERP','','  : \" \"  admin',1,'FieldValue','/product/category/update?id=190',103),(12892,'2020-12-01 14:18:17','ERP','','  :   admin',1,'OverheadCost','/purchase/nomenclature/add-overhead-cost?id=180',540),(12893,'2020-12-01 14:18:17','ERP','','   :   admin',1,'PurchaseOverheadCost','/purchase/nomenclature/add-overhead-cost?id=180',4),(12894,'2020-12-01 14:19:41','ERP','',' : \"Meizu\"  admin',1,'Manufacturer','/product/manufacturer/create',10),(12895,'2020-12-01 14:21:22','ERP','','  :   admin',1,'OverheadCost','/purchase/nomenclature/add-position',541),(12896,'2020-12-01 14:21:23','ERP','','  : \"  50\"  admin',1,'PurchaseProduct','/purchase/nomenclature/add-position',7),(12897,'2020-12-01 14:21:23','ERP','','  : \"  50\"  admin',1,'WarehouseProduct','/purchase/nomenclature/add-position',113),(12898,'2020-12-01 14:21:23','ERP','','  : \"  50\"  admin',1,'PurchaseProduct','/purchase/nomenclature/add-position',7),(12899,'2020-12-01 14:21:33','ERP','',' : \"\"  admin',1,'Purchase','/purchase/state/payment?id=180&_pjax=%23state-pjax',180),(12900,'2020-12-01 14:21:49','ERP','',' : \"\"  admin',1,'Purchase','/purchase/state/initial?id=180&_pjax=%23state-pjax',180),(12901,'2020-12-01 14:21:52','ERP','',' : \"\"  admin',1,'Purchase','/purchase/state/payment?id=180&_pjax=%23state-pjax',180),(12902,'2020-12-01 14:21:57','ERP','',' : \"\"  admin',1,'Purchase','/purchase/state/delivery?id=180&_pjax=%23state-pjax',180),(12903,'2020-12-01 14:21:57','ERP','',' : \"\"  admin',1,'Purchase','/purchase/state/delivery?id=180',180),(12904,'2020-12-01 14:22:18','ERP','',' : \"  Meizu M10 3/32GB Black\"  admin',1,'Product','/product/product/create',246),(12905,'2020-12-01 14:22:19','ERP','','  :   admin',1,'OverheadCost','/purchase/nomenclature/add-overhead-cost?id=180',542),(12906,'2020-12-01 14:22:19','ERP','','   :   admin',1,'PurchaseOverheadCost','/purchase/nomenclature/add-overhead-cost?id=180',5),(12907,'2020-12-01 14:22:21','ERP','','  :   admin',1,'OverheadCost','/purchase/nomenclature/add-overhead-cost?id=180',543),(12908,'2020-12-01 14:22:21','ERP','','   :   admin',1,'PurchaseOverheadCost','/purchase/nomenclature/add-overhead-cost?id=180',6),(12909,'2020-12-01 14:22:32','ERP','','  :   admin',1,'OverheadCost','/purchase/nomenclature/add-overhead-cost?id=180',544),(12910,'2020-12-01 14:22:32','ERP','','   :   admin',1,'PurchaseOverheadCost','/purchase/nomenclature/add-overhead-cost?id=180',7),(12911,'2020-12-01 14:22:34','ERP','','  :   admin',1,'OverheadCost','/purchase/nomenclature/add-overhead-cost?id=180',545),(12912,'2020-12-01 14:22:34','ERP','','   :   admin',1,'PurchaseOverheadCost','/purchase/nomenclature/add-overhead-cost?id=180',8),(12913,'2020-12-01 14:22:58','ERP','','  :   admin',1,'OverheadCost','/purchase/nomenclature/add-overhead-cost?id=180',546),(12914,'2020-12-01 14:22:58','ERP','','   :   admin',1,'PurchaseOverheadCost','/purchase/nomenclature/add-overhead-cost?id=180',9),(12915,'2020-12-01 14:23:02','ERP','','  :   admin',1,'OverheadCost','/purchase/nomenclature/add-overhead-cost?id=180',547),(12916,'2020-12-01 14:23:02','ERP','','   :   admin',1,'PurchaseOverheadCost','/purchase/nomenclature/add-overhead-cost?id=180',10),(12917,'2020-12-01 14:24:22','ERP','','  :   admin',1,'OverheadCost','/purchase/nomenclature/add-overhead-cost?id=180',548),(12918,'2020-12-01 14:24:22','ERP','','   :   admin',1,'PurchaseOverheadCost','/purchase/nomenclature/add-overhead-cost?id=180',11),(12919,'2020-12-01 14:24:32','ERP','',' : \"\"  admin',1,'Purchase','/purchase/state/payment?id=180&_pjax=%23state-pjax',180),(12920,'2020-12-01 14:24:35','ERP','',' : \"\"  admin',1,'Purchase','/purchase/state/delivery?id=180&_pjax=%23state-pjax',180),(12921,'2020-12-01 14:24:37','ERP','',' : \"\"  admin',1,'Purchase','/purchase/state/payment?id=180&_pjax=%23state-pjax',180),(12922,'2020-12-01 14:24:38','ERP','',' : \"\"  admin',1,'Purchase','/purchase/state/payment?id=180',180),(12923,'2020-12-01 14:32:04','ERP','','   : \"  Meizu M10 3/32GB Black\"  admin',1,'FieldProductValue','/product/product/update?id=246',89),(12924,'2020-12-01 14:32:04','ERP','','   : \"  Meizu M10 3/32GB Black\"  admin',1,'FieldProductValue','/product/product/update?id=246',90),(12925,'2020-12-01 14:32:04','ERP','','   : \"  Meizu M10 3/32GB Black\"  admin',1,'FieldProductValue','/product/product/update?id=246',91),(12926,'2020-12-01 14:32:04','ERP','','   : \"  Meizu M10 3/32GB Black\"  admin',1,'FieldProductValue','/product/product/update?id=246',92),(12927,'2020-12-01 14:32:04','ERP','','   : \"  Meizu M10 3/32GB Black\"  admin',1,'FieldProductValue','/product/product/update?id=246',93),(12928,'2020-12-01 14:32:04','ERP','','   : \"  Meizu M10 3/32GB Black\"  admin',1,'FieldProductValue','/product/product/update?id=246',94),(12929,'2020-12-01 14:32:04','ERP','','   : \"  Meizu M10 3/32GB Black\"  admin',1,'FieldProductValue','/product/product/update?id=246',95),(12930,'2020-12-01 14:32:04','ERP','','   : \"  Meizu M10 3/32GB Black\"  admin',1,'FieldProductValue','/product/product/update?id=246',96),(12931,'2020-12-01 14:32:04','ERP','','   : \"  Meizu M10 3/32GB Black\"  admin',1,'FieldProductValue','/product/product/update?id=246',97),(12932,'2020-12-01 14:32:04','ERP','',' : \"  Meizu M10 3/32GB Black\"  admin',1,'Product','/product/product/update?id=246',246),(12933,'2020-12-01 14:33:09','ERP','',' : \"Realme\"  admin',1,'Manufacturer','/product/manufacturer/create',11),(12934,'2020-12-01 14:33:14','ERP','',' : \"  Realme 6 8/128GB White\"  admin',1,'Product','/product/product/create',247),(12935,'2020-12-01 14:33:57','ERP','','   : \"  Realme 6 8/128GB White\"  admin',1,'FieldProductValue','/product/product/update?id=247',98),(12936,'2020-12-01 14:33:57','ERP','','   : \"  Realme 6 8/128GB White\"  admin',1,'FieldProductValue','/product/product/update?id=247',99),(12937,'2020-12-01 14:33:57','ERP','','   : \"  Realme 6 8/128GB White\"  admin',1,'FieldProductValue','/product/product/update?id=247',100),(12938,'2020-12-01 14:33:57','ERP','','   : \"  Realme 6 8/128GB White\"  admin',1,'FieldProductValue','/product/product/update?id=247',101),(12939,'2020-12-01 14:33:57','ERP','','   : \"  Realme 6 8/128GB White\"  admin',1,'FieldProductValue','/product/product/update?id=247',102),(12940,'2020-12-01 14:33:57','ERP','','   : \"  Realme 6 8/128GB White\"  admin',1,'FieldProductValue','/product/product/update?id=247',103),(12941,'2020-12-01 14:33:57','ERP','','   : \"  Realme 6 8/128GB White\"  admin',1,'FieldProductValue','/product/product/update?id=247',104),(12942,'2020-12-01 14:33:57','ERP','','   : \"  Realme 6 8/128GB White\"  admin',1,'FieldProductValue','/product/product/update?id=247',105),(12943,'2020-12-01 14:33:57','ERP','','   : \"  Realme 6 8/128GB White\"  admin',1,'FieldProductValue','/product/product/update?id=247',106),(12944,'2020-12-01 14:33:57','ERP','',' : \"  Realme 6 8/128GB White\"  admin',1,'Product','/product/product/update?id=247',247),(12945,'2020-12-01 14:34:03','CRM','',' : \"Cjc\"  admin',1,'State','/selling/main-state/create',264),(12946,'2020-12-01 14:35:06','ERP','',' : \"Huawei\"  admin',1,'Manufacturer','/product/manufacturer/create',12),(12947,'2020-12-01 14:35:11','ERP','',' : \"  Huawei P Smart 2021 128GB Gold\"  admin',1,'Product','/product/product/create',248),(12948,'2020-12-01 14:35:11','CRM','',' : \"Hep hep hehy\"  admin',1,'State','/selling/main-state/create',265),(12949,'2020-12-01 14:35:41','ERP','',' : \"Samsung\"  admin',1,'Manufacturer','/product/manufacturer/create',13),(12950,'2020-12-01 14:35:46','ERP','',' : \"  Samsung Galaxy Note 10 Lite (SM-N770) 6/128GB Aura Silver (SM-N770FZSDSEK)\"  admin',1,'Product','/product/product/create',249),(12951,'2020-12-01 14:36:21','ERP','',' : \"Apple\"  admin',1,'Manufacturer','/product/manufacturer/create',14),(12952,'2020-12-01 14:36:23','ERP','',' : \"  Apple iPhone 11 128GB PRODUCT Red  \"  admin',1,'Product','/product/product/create',250),(12953,'2020-12-01 14:36:51','ERP','',' : \"  Nokia 3.4 3/64GB Fjord\"  admin',1,'Product','/product/product/create',251),(12954,'2020-12-01 14:37:04','ERP','',' : \"Nokia\"  admin',1,'Manufacturer','/product/manufacturer/create',15),(12955,'2020-12-01 14:37:07','ERP','','   : \"  Nokia 3.4 3/64GB Fjord\"  admin',1,'FieldProductValue','/product/product/update?id=251',107),(12956,'2020-12-01 14:37:07','ERP','','   : \"  Nokia 3.4 3/64GB Fjord\"  admin',1,'FieldProductValue','/product/product/update?id=251',108),(12957,'2020-12-01 14:37:07','ERP','','   : \"  Nokia 3.4 3/64GB Fjord\"  admin',1,'FieldProductValue','/product/product/update?id=251',109),(12958,'2020-12-01 14:37:07','ERP','','   : \"  Nokia 3.4 3/64GB Fjord\"  admin',1,'FieldProductValue','/product/product/update?id=251',110),(12959,'2020-12-01 14:37:07','ERP','','   : \"  Nokia 3.4 3/64GB Fjord\"  admin',1,'FieldProductValue','/product/product/update?id=251',111),(12960,'2020-12-01 14:37:07','ERP','','   : \"  Nokia 3.4 3/64GB Fjord\"  admin',1,'FieldProductValue','/product/product/update?id=251',112),(12961,'2020-12-01 14:37:07','ERP','','   : \"  Nokia 3.4 3/64GB Fjord\"  admin',1,'FieldProductValue','/product/product/update?id=251',113),(12962,'2020-12-01 14:37:07','ERP','','   : \"  Nokia 3.4 3/64GB Fjord\"  admin',1,'FieldProductValue','/product/product/update?id=251',114),(12963,'2020-12-01 14:37:07','ERP','','   : \"  Nokia 3.4 3/64GB Fjord\"  admin',1,'FieldProductValue','/product/product/update?id=251',115),(12964,'2020-12-01 14:37:07','ERP','',' : \"  Nokia 3.4 3/64GB Fjord\"  admin',1,'Product','/product/product/update?id=251',251),(12965,'2020-12-01 14:37:43','ERP','',' : \"Xiaomi\"  admin',1,'Manufacturer','/product/manufacturer/create',16),(12966,'2020-12-01 14:37:45','ERP','',' : \"  Xiaomi Redmi Note 9 Pro 6/128GB Interstellar Grey\"  admin',1,'Product','/product/product/create',252),(12967,'2020-12-01 14:38:26','ERP','',' : \"\"  admin',1,'Product','/product/product/delete?id=107',107),(12968,'2020-12-01 14:38:30','ERP','',' : \"  50\"  admin',1,'Product','/product/product/delete?id=102',102),(12969,'2020-12-01 14:38:33','ERP','',' : \" \"  admin',1,'Product','/product/product/delete?id=103',103),(12970,'2020-12-01 14:39:15','ERP','',' : \"  Nokia 150 TA-1235 DualSim Black (16GMNB01A16)\"  admin',1,'Product','/product/product/create',253),(12971,'2020-12-01 14:39:53','ERP','',' : \"Alcatel\"  admin',1,'Manufacturer','/product/manufacturer/create',17),(12972,'2020-12-01 14:39:55','ERP','',' : \"  Alcatel 3025 Single SIM Metallic Gray (3025X-2AALUA1)\"  admin',1,'Product','/product/product/create',254),(12973,'2020-12-01 14:40:20','ERP','',' : \"Sigma\"  admin',1,'Manufacturer','/product/manufacturer/create',18),(12974,'2020-12-01 14:40:24','ERP','',' : \"  Sigma mobile Comfort 50 Shell Duo Black-Red\"  admin',1,'Product','/product/product/create',255),(12975,'2020-12-01 14:41:45','ERP','','   : \"  Sigma mobile Comfort 50 Shell Duo Black-Red\"  admin',1,'FieldProductValue','/product/product/update?id=255',116),(12976,'2020-12-01 14:41:45','ERP','','   : \"  Sigma mobile Comfort 50 Shell Duo Black-Red\"  admin',1,'FieldProductValue','/product/product/update?id=255',117),(12977,'2020-12-01 14:41:45','ERP','','   : \"  Sigma mobile Comfort 50 Shell Duo Black-Red\"  admin',1,'FieldProductValue','/product/product/update?id=255',118),(12978,'2020-12-01 14:41:45','ERP','','   : \"  Sigma mobile Comfort 50 Shell Duo Black-Red\"  admin',1,'FieldProductValue','/product/product/update?id=255',119),(12979,'2020-12-01 14:41:46','ERP','','   : \"  Sigma mobile Comfort 50 Shell Duo Black-Red\"  admin',1,'FieldProductValue','/product/product/update?id=255',120),(12980,'2020-12-01 14:41:46','ERP','','   : \"  Sigma mobile Comfort 50 Shell Duo Black-Red\"  admin',1,'FieldProductValue','/product/product/update?id=255',121),(12981,'2020-12-01 14:41:46','ERP','','   : \"  Sigma mobile Comfort 50 Shell Duo Black-Red\"  admin',1,'FieldProductValue','/product/product/update?id=255',122),(12982,'2020-12-01 14:41:46','ERP','','   : \"  Sigma mobile Comfort 50 Shell Duo Black-Red\"  admin',1,'FieldProductValue','/product/product/update?id=255',123),(12983,'2020-12-01 14:41:46','ERP','','   : \"  Sigma mobile Comfort 50 Shell Duo Black-Red\"  admin',1,'FieldProductValue','/product/product/update?id=255',124),(12984,'2020-12-01 14:41:46','ERP','',' : \"  Sigma mobile Comfort 50 Shell Duo Black-Red\"  admin',1,'Product','/product/product/update?id=255',255),(12985,'2020-12-01 14:42:31','ERP','','   : \"  Apple iPhone 11 128GB PRODUCT Red  \"  admin',1,'FieldProductValue','/product/product/update?id=250',125),(12986,'2020-12-01 14:42:31','ERP','','   : \"  Apple iPhone 11 128GB PRODUCT Red  \"  admin',1,'FieldProductValue','/product/product/update?id=250',126),(12987,'2020-12-01 14:42:31','ERP','','   : \"  Apple iPhone 11 128GB PRODUCT Red  \"  admin',1,'FieldProductValue','/product/product/update?id=250',127),(12988,'2020-12-01 14:42:31','ERP','','   : \"  Apple iPhone 11 128GB PRODUCT Red  \"  admin',1,'FieldProductValue','/product/product/update?id=250',128),(12989,'2020-12-01 14:42:31','ERP','','   : \"  Apple iPhone 11 128GB PRODUCT Red  \"  admin',1,'FieldProductValue','/product/product/update?id=250',129),(12990,'2020-12-01 14:42:31','ERP','','   : \"  Apple iPhone 11 128GB PRODUCT Red  \"  admin',1,'FieldProductValue','/product/product/update?id=250',130),(12991,'2020-12-01 14:42:31','ERP','','   : \"  Apple iPhone 11 128GB PRODUCT Red  \"  admin',1,'FieldProductValue','/product/product/update?id=250',131),(12992,'2020-12-01 14:42:31','ERP','','   : \"  Apple iPhone 11 128GB PRODUCT Red  \"  admin',1,'FieldProductValue','/product/product/update?id=250',132),(12993,'2020-12-01 14:42:31','ERP','','   : \"  Apple iPhone 11 128GB PRODUCT Red  \"  admin',1,'FieldProductValue','/product/product/update?id=250',133),(12994,'2020-12-01 14:42:31','ERP','',' : \"  Apple iPhone 11 128GB PRODUCT Red  \"  admin',1,'Product','/product/product/update?id=250',250),(12995,'2020-12-01 14:43:12','ERP','','   : \"  Huawei P Smart 2021 128GB Gold\"  admin',1,'FieldProductValue','/product/product/update?id=248',134),(12996,'2020-12-01 14:43:13','ERP','','   : \"  Huawei P Smart 2021 128GB Gold\"  admin',1,'FieldProductValue','/product/product/update?id=248',135),(12997,'2020-12-01 14:43:13','ERP','','   : \"  Huawei P Smart 2021 128GB Gold\"  admin',1,'FieldProductValue','/product/product/update?id=248',136),(12998,'2020-12-01 14:43:13','ERP','','   : \"  Huawei P Smart 2021 128GB Gold\"  admin',1,'FieldProductValue','/product/product/update?id=248',137),(12999,'2020-12-01 14:43:13','ERP','','   : \"  Huawei P Smart 2021 128GB Gold\"  admin',1,'FieldProductValue','/product/product/update?id=248',138),(13000,'2020-12-01 14:43:13','ERP','','   : \"  Huawei P Smart 2021 128GB Gold\"  admin',1,'FieldProductValue','/product/product/update?id=248',139),(13001,'2020-12-01 14:43:13','ERP','','   : \"  Huawei P Smart 2021 128GB Gold\"  admin',1,'FieldProductValue','/product/product/update?id=248',140),(13002,'2020-12-01 14:43:13','ERP','','   : \"  Huawei P Smart 2021 128GB Gold\"  admin',1,'FieldProductValue','/product/product/update?id=248',141),(13003,'2020-12-01 14:43:13','ERP','','   : \"  Huawei P Smart 2021 128GB Gold\"  admin',1,'FieldProductValue','/product/product/update?id=248',142),(13004,'2020-12-01 14:43:13','ERP','',' : \"  Huawei P Smart 2021 128GB Gold\"  admin',1,'Product','/product/product/update?id=248',248),(13005,'2020-12-01 14:44:01','ERP','','   : \"  Samsung Galaxy Note 10 Lite (SM-N770) 6/128GB Aura Silver (SM-N770FZSDSEK)\"  admin',1,'FieldProductValue','/product/product/update?id=249',143),(13006,'2020-12-01 14:44:01','ERP','','   : \"  Samsung Galaxy Note 10 Lite (SM-N770) 6/128GB Aura Silver (SM-N770FZSDSEK)\"  admin',1,'FieldProductValue','/product/product/update?id=249',144),(13007,'2020-12-01 14:44:01','ERP','','   : \"  Samsung Galaxy Note 10 Lite (SM-N770) 6/128GB Aura Silver (SM-N770FZSDSEK)\"  admin',1,'FieldProductValue','/product/product/update?id=249',145),(13008,'2020-12-01 14:44:01','ERP','','   : \"  Samsung Galaxy Note 10 Lite (SM-N770) 6/128GB Aura Silver (SM-N770FZSDSEK)\"  admin',1,'FieldProductValue','/product/product/update?id=249',146),(13009,'2020-12-01 14:44:01','ERP','','   : \"  Samsung Galaxy Note 10 Lite (SM-N770) 6/128GB Aura Silver (SM-N770FZSDSEK)\"  admin',1,'FieldProductValue','/product/product/update?id=249',147),(13010,'2020-12-01 14:44:01','ERP','','   : \"  Samsung Galaxy Note 10 Lite (SM-N770) 6/128GB Aura Silver (SM-N770FZSDSEK)\"  admin',1,'FieldProductValue','/product/product/update?id=249',148),(13011,'2020-12-01 14:44:01','ERP','','   : \"  Samsung Galaxy Note 10 Lite (SM-N770) 6/128GB Aura Silver (SM-N770FZSDSEK)\"  admin',1,'FieldProductValue','/product/product/update?id=249',149),(13012,'2020-12-01 14:44:01','ERP','','   : \"  Samsung Galaxy Note 10 Lite (SM-N770) 6/128GB Aura Silver (SM-N770FZSDSEK)\"  admin',1,'FieldProductValue','/product/product/update?id=249',150),(13013,'2020-12-01 14:44:02','ERP','','   : \"  Samsung Galaxy Note 10 Lite (SM-N770) 6/128GB Aura Silver (SM-N770FZSDSEK)\"  admin',1,'FieldProductValue','/product/product/update?id=249',151),(13014,'2020-12-01 14:44:02','ERP','',' : \"  Samsung Galaxy Note 10 Lite (SM-N770) 6/128GB Aura Silver (SM-N770FZSDSEK)\"  admin',1,'Product','/product/product/update?id=249',249),(13015,'2020-12-01 14:44:35','ERP','','   : \"  Xiaomi Redmi Note 9 Pro 6/128GB Interstellar Grey\"  admin',1,'FieldProductValue','/product/product/update?id=252',152),(13016,'2020-12-01 14:44:35','ERP','','   : \"  Xiaomi Redmi Note 9 Pro 6/128GB Interstellar Grey\"  admin',1,'FieldProductValue','/product/product/update?id=252',153),(13017,'2020-12-01 14:44:36','ERP','','   : \"  Xiaomi Redmi Note 9 Pro 6/128GB Interstellar Grey\"  admin',1,'FieldProductValue','/product/product/update?id=252',154),(13018,'2020-12-01 14:44:36','ERP','','   : \"  Xiaomi Redmi Note 9 Pro 6/128GB Interstellar Grey\"  admin',1,'FieldProductValue','/product/product/update?id=252',155),(13019,'2020-12-01 14:44:36','ERP','','   : \"  Xiaomi Redmi Note 9 Pro 6/128GB Interstellar Grey\"  admin',1,'FieldProductValue','/product/product/update?id=252',156),(13020,'2020-12-01 14:44:36','ERP','','   : \"  Xiaomi Redmi Note 9 Pro 6/128GB Interstellar Grey\"  admin',1,'FieldProductValue','/product/product/update?id=252',157),(13021,'2020-12-01 14:44:36','ERP','','   : \"  Xiaomi Redmi Note 9 Pro 6/128GB Interstellar Grey\"  admin',1,'FieldProductValue','/product/product/update?id=252',158),(13022,'2020-12-01 14:44:36','ERP','','   : \"  Xiaomi Redmi Note 9 Pro 6/128GB Interstellar Grey\"  admin',1,'FieldProductValue','/product/product/update?id=252',159),(13023,'2020-12-01 14:44:36','ERP','','   : \"  Xiaomi Redmi Note 9 Pro 6/128GB Interstellar Grey\"  admin',1,'FieldProductValue','/product/product/update?id=252',160),(13024,'2020-12-01 14:44:36','ERP','',' : \"  Xiaomi Redmi Note 9 Pro 6/128GB Interstellar Grey\"  admin',1,'Product','/product/product/update?id=252',252),(13025,'2020-12-01 14:45:04','ERP','','   : \"  Alcatel 3025 Single SIM Metallic Gray (3025X-2AALUA1)\"  admin',1,'FieldProductValue','/product/product/update?id=254',161),(13026,'2020-12-01 14:45:04','ERP','','   : \"  Alcatel 3025 Single SIM Metallic Gray (3025X-2AALUA1)\"  admin',1,'FieldProductValue','/product/product/update?id=254',162),(13027,'2020-12-01 14:45:04','ERP','','   : \"  Alcatel 3025 Single SIM Metallic Gray (3025X-2AALUA1)\"  admin',1,'FieldProductValue','/product/product/update?id=254',163),(13028,'2020-12-01 14:45:04','ERP','','   : \"  Alcatel 3025 Single SIM Metallic Gray (3025X-2AALUA1)\"  admin',1,'FieldProductValue','/product/product/update?id=254',164),(13029,'2020-12-01 14:45:04','ERP','','   : \"  Alcatel 3025 Single SIM Metallic Gray (3025X-2AALUA1)\"  admin',1,'FieldProductValue','/product/product/update?id=254',165),(13030,'2020-12-01 14:45:04','ERP','','   : \"  Alcatel 3025 Single SIM Metallic Gray (3025X-2AALUA1)\"  admin',1,'FieldProductValue','/product/product/update?id=254',166),(13031,'2020-12-01 14:45:04','ERP','','   : \"  Alcatel 3025 Single SIM Metallic Gray (3025X-2AALUA1)\"  admin',1,'FieldProductValue','/product/product/update?id=254',167),(13032,'2020-12-01 14:45:04','ERP','','   : \"  Alcatel 3025 Single SIM Metallic Gray (3025X-2AALUA1)\"  admin',1,'FieldProductValue','/product/product/update?id=254',168),(13033,'2020-12-01 14:45:04','ERP','','   : \"  Alcatel 3025 Single SIM Metallic Gray (3025X-2AALUA1)\"  admin',1,'FieldProductValue','/product/product/update?id=254',169),(13034,'2020-12-01 14:45:04','ERP','',' : \"  Alcatel 3025 Single SIM Metallic Gray (3025X-2AALUA1)\"  admin',1,'Product','/product/product/update?id=254',254),(13035,'2020-12-01 14:45:39','ERP','','   : \"  Nokia 150 TA-1235 DualSim Black (16GMNB01A16)\"  admin',1,'FieldProductValue','/product/product/update?id=253',170),(13036,'2020-12-01 14:45:39','ERP','','   : \"  Nokia 150 TA-1235 DualSim Black (16GMNB01A16)\"  admin',1,'FieldProductValue','/product/product/update?id=253',171),(13037,'2020-12-01 14:45:39','ERP','','   : \"  Nokia 150 TA-1235 DualSim Black (16GMNB01A16)\"  admin',1,'FieldProductValue','/product/product/update?id=253',172),(13038,'2020-12-01 14:45:39','ERP','','   : \"  Nokia 150 TA-1235 DualSim Black (16GMNB01A16)\"  admin',1,'FieldProductValue','/product/product/update?id=253',173),(13039,'2020-12-01 14:45:39','ERP','','   : \"  Nokia 150 TA-1235 DualSim Black (16GMNB01A16)\"  admin',1,'FieldProductValue','/product/product/update?id=253',174),(13040,'2020-12-01 14:45:39','ERP','','   : \"  Nokia 150 TA-1235 DualSim Black (16GMNB01A16)\"  admin',1,'FieldProductValue','/product/product/update?id=253',175),(13041,'2020-12-01 14:45:39','ERP','','   : \"  Nokia 150 TA-1235 DualSim Black (16GMNB01A16)\"  admin',1,'FieldProductValue','/product/product/update?id=253',176),(13042,'2020-12-01 14:45:39','ERP','','   : \"  Nokia 150 TA-1235 DualSim Black (16GMNB01A16)\"  admin',1,'FieldProductValue','/product/product/update?id=253',177),(13043,'2020-12-01 14:45:39','ERP','','   : \"  Nokia 150 TA-1235 DualSim Black (16GMNB01A16)\"  admin',1,'FieldProductValue','/product/product/update?id=253',178),(13044,'2020-12-01 14:45:39','ERP','',' : \"  Nokia 150 TA-1235 DualSim Black (16GMNB01A16)\"  admin',1,'Product','/product/product/update?id=253',253),(13045,'2020-12-01 14:51:00','BOSS','',' : \" \"  admin',1,'Regularity','/core/regularity/create',159),(13046,'2020-12-01 14:51:22','BOSS','',' : \"\"  admin',1,'Currency','/product/currency/create',104),(13047,'2020-12-01 14:51:41','BOSS','',' : \"\"  admin',1,'Currency','/product/currency/update?id=6',6),(13048,'2020-12-01 14:51:49','BOSS','',' : \"  OAE\"  admin',1,'Currency','/product/currency/delete?id=4',4),(13185,'2020-12-01 14:54:41','ERP','',' : \"  \"  admin',1,'Supplier','/supplier/supplier/update?id=6',6),(13304,'2020-12-01 14:56:18','ERP','',' : \" - \"  admin',1,'Supplier','/supplier/supplier/update?id=8',8),(13305,'2020-12-01 14:57:11','ERP','',' : \"\"  admin',1,'Purchase','/purchase/form/save',201),(13306,'2020-12-01 14:57:54','ERP','','  :   admin',1,'OverheadCost','/purchase/nomenclature/add-position',567),(13307,'2020-12-01 14:57:54','ERP','','  : \"  Samsung Galaxy Note 10 Lite (SM-N770) 6/128GB Aura Silver (SM-N770FZSDSEK)\"  admin',1,'PurchaseProduct','/purchase/nomenclature/add-position',8),(13308,'2020-12-01 14:57:54','ERP','','  : \"  Samsung Galaxy Note 10 Lite (SM-N770) 6/128GB Aura Silver (SM-N770FZSDSEK)\"  admin',1,'WarehouseProduct','/purchase/nomenclature/add-position',114),(13309,'2020-12-01 14:57:54','ERP','','  : \"  Samsung Galaxy Note 10 Lite (SM-N770) 6/128GB Aura Silver (SM-N770FZSDSEK)\"  admin',1,'PurchaseProduct','/purchase/nomenclature/add-position',8),(13310,'2020-12-01 14:58:03','ERP','','  : \"  Samsung Galaxy Note 10 Lite (SM-N770) 6/128GB Aura Silver (SM-N770FZSDSEK)\"  admin',1,'PurchaseProduct','/purchase/nomenclature/change-currency?id=8',8),(13311,'2020-12-01 14:58:03','ERP','','  :   admin',1,'OverheadCost','/purchase/nomenclature/change-currency?id=8',567),(13312,'2020-12-01 14:59:22','ERP','',' : \"\"  admin',1,'Purchase','/purchase/state/payment?id=201&_pjax=%23state-pjax',201),(13313,'2020-12-01 14:59:25','ERP','',' : \"\"  admin',1,'Purchase','/purchase/state/delivery?id=201&_pjax=%23state-pjax',201),(13314,'2020-12-01 14:59:27','ERP','','  : \"  Samsung Galaxy Note 10 Lite (SM-N770) 6/128GB Aura Silver (SM-N770FZSDSEK)\"  admin',1,'WarehouseProduct','/purchase/state/confirm?id=201&_pjax=%23state-pjax',114),(13315,'2020-12-01 14:59:27','ERP','',' : \"\"  admin',1,'Purchase','/purchase/state/confirm?id=201&_pjax=%23state-pjax',201),(13316,'2020-12-01 15:00:10','BOSS','',' : \"\"  admin',1,'Regularity','/core/regularity/delete?id=155',155),(13317,'2020-12-01 15:02:39','ERP','',' () : \"\"  admin',1,'Transit','/transit/form/save',1),(13318,'2020-12-01 15:03:42','ERP','','  :   admin',1,'OverheadCost','/transit/nomenclature/add-position',568),(13319,'2020-12-01 15:03:42','ERP','','  : \"  Samsung Galaxy Note 10 Lite (SM-N770) 6/128GB Aura Silver (SM-N770FZSDSEK)\"  admin',1,'TransitProduct','/transit/nomenclature/add-position',1),(13320,'2020-12-01 15:03:42','ERP','','  : \"  Samsung Galaxy Note 10 Lite (SM-N770) 6/128GB Aura Silver (SM-N770FZSDSEK)\"  admin',1,'WarehouseProduct','/transit/nomenclature/add-position',115),(13321,'2020-12-01 15:03:42','ERP','','  : \"  Samsung Galaxy Note 10 Lite (SM-N770) 6/128GB Aura Silver (SM-N770FZSDSEK)\"  admin',1,'TransitProduct','/transit/nomenclature/add-position',1),(13322,'2020-12-01 15:03:57','ERP','','  : \"  Samsung Galaxy Note 10 Lite (SM-N770) 6/128GB Aura Silver (SM-N770FZSDSEK)\"  admin',1,'WarehouseProduct','/transit/nomenclature/delete-position?id=1',115),(13323,'2020-12-01 15:04:00','ERP','','  : \"  Samsung Galaxy Note 10 Lite (SM-N770) 6/128GB Aura Silver (SM-N770FZSDSEK)\"  admin',1,'TransitProduct','/transit/nomenclature/delete-position?id=1',1),(13324,'2020-12-01 15:04:06','BOSS','',' : \" \"  admin',1,'Regularity','/core/regularity/delete?id=159',159),(13325,'2020-12-01 15:06:03','ERP','','   : \"  Nokia 3.4 3/64GB Fjord\"  admin',1,'FieldProductValue','/product/product/update?id=251',107),(13326,'2020-12-01 15:06:04','ERP','','   : \"  Nokia 3.4 3/64GB Fjord\"  admin',1,'FieldProductValue','/product/product/update?id=251',108),(13327,'2020-12-01 15:06:04','ERP','','   : \"  Nokia 3.4 3/64GB Fjord\"  admin',1,'FieldProductValue','/product/product/update?id=251',109),(13328,'2020-12-01 15:06:04','ERP','','   : \"  Nokia 3.4 3/64GB Fjord\"  admin',1,'FieldProductValue','/product/product/update?id=251',110),(13329,'2020-12-01 15:06:04','ERP','','   : \"  Nokia 3.4 3/64GB Fjord\"  admin',1,'FieldProductValue','/product/product/update?id=251',111),(13330,'2020-12-01 15:06:04','ERP','','   : \"  Nokia 3.4 3/64GB Fjord\"  admin',1,'FieldProductValue','/product/product/update?id=251',112),(13331,'2020-12-01 15:06:04','ERP','','   : \"  Nokia 3.4 3/64GB Fjord\"  admin',1,'FieldProductValue','/product/product/update?id=251',113),(13332,'2020-12-01 15:06:04','ERP','','   : \"  Nokia 3.4 3/64GB Fjord\"  admin',1,'FieldProductValue','/product/product/update?id=251',114),(13333,'2020-12-01 15:06:05','ERP','','   : \"  Nokia 3.4 3/64GB Fjord\"  admin',1,'FieldProductValue','/product/product/update?id=251',115),(13334,'2020-12-01 15:06:05','ERP','',' : \"  Nokia 3.4 3/64GB Fjord\"  admin',1,'Product','/product/product/update?id=251',251),(13335,'2020-12-01 15:17:41','ERP','','  :   admin',1,'OverheadCost','/transit/nomenclature/add-position',569),(13336,'2020-12-01 15:17:41','ERP','','  : \"  Samsung Galaxy Note 10 Lite (SM-N770) 6/128GB Aura Silver (SM-N770FZSDSEK)\"  admin',1,'TransitProduct','/transit/nomenclature/add-position',2),(13337,'2020-12-01 15:17:41','ERP','','  : \"  Samsung Galaxy Note 10 Lite (SM-N770) 6/128GB Aura Silver (SM-N770FZSDSEK)\"  admin',1,'WarehouseProduct','/transit/nomenclature/add-position',116),(13338,'2020-12-01 15:17:41','ERP','','  : \"  Samsung Galaxy Note 10 Lite (SM-N770) 6/128GB Aura Silver (SM-N770FZSDSEK)\"  admin',1,'TransitProduct','/transit/nomenclature/add-position',2),(13339,'2020-12-01 15:17:56','BOSS','',' ',1,'Login','/login/zaglushka',1),(13340,'2020-12-01 15:17:59','ERP','','  :   admin',1,'OverheadCost','/transit/nomenclature/add-overhead-cost?id=1',570),(13341,'2020-12-01 15:17:59','ERP','','   () :   admin',1,'TransitOverheadCost','/transit/nomenclature/add-overhead-cost?id=1',1),(13342,'2020-12-01 15:18:17','ERP','','  : \"  Samsung Galaxy Note 10 Lite (SM-N770) 6/128GB Aura Silver (SM-N770FZSDSEK)\"  admin',1,'WarehouseProduct','/transit/state/confirm?id=1&_pjax=%23state-pjax',114),(13343,'2020-12-01 15:18:17','ERP','','  : \"  Samsung Galaxy Note 10 Lite (SM-N770) 6/128GB Aura Silver (SM-N770FZSDSEK)\"  admin',1,'WarehouseProduct','/transit/state/confirm?id=1&_pjax=%23state-pjax',116),(13344,'2020-12-01 15:18:17','ERP','',' () : \"\"  admin',1,'Transit','/transit/state/confirm?id=1&_pjax=%23state-pjax',1),(13641,'2020-12-01 15:37:02','BOSS','',' : \"\"  admin',1,'Regularity','/core/regularity/create',174),(13648,'2020-12-01 15:37:31','BOSS','',' : \"\"  admin',1,'Regularity','/core/regularity/delete?id=174',174),(14226,'2020-12-01 15:47:12','BOSS','',' : \" \"  admin',1,'Regularity','/core/regularity/update?id=34',34),(14227,'2020-12-01 15:47:30','CRM','',' : \"Hep hep hehy\"  admin',1,'State','/selling/main-state/delete?id=265',265),(14228,'2020-12-01 15:47:33','CRM','',' : \"Cjc\"  admin',1,'State','/selling/main-state/delete?id=264',264),(14229,'2020-12-01 15:47:40','CRM','',' : \" \"  admin',1,'State','/selling/main-state/delete?id=263',263),(14230,'2020-12-01 15:49:03','CRM','',' : \" \"  admin',1,'State','/selling/main-state/update?id=5',5),(14231,'2020-12-01 15:50:44','BOSS','',' ',1,'Login','/login/zaglushka',1),(14232,'2020-12-01 15:50:45','BOSS','',' ',1,'Login','/login/zaglushka',1),(14233,'2020-12-01 15:50:47','BOSS','',' ',1,'Login','/login/zaglushka',1),(14234,'2020-12-01 15:51:04','CRM','',' : \" \"  admin',1,'State','/selling/main-state/update?id=6',6),(14235,'2020-12-01 15:51:28','CRM','',' : \" \"  admin',1,'State','/selling/main-state/update?id=7',7),(14237,'2020-12-01 15:54:42','CRM','',' : \"\"  admin',1,'State','/selling/main-state/update?id=8',8),(14238,'2020-12-01 15:55:02','CRM','',' : \"\"  admin',1,'State','/selling/main-state/update?id=8',8),(14242,'2020-12-01 15:55:52','CRM','',' : \"\"  admin',1,'State','/selling/main-state/create',306),(14245,'2020-12-01 15:56:06','CRM','',' : \"\"  admin',1,'State','/selling/main-state/update?id=8',8),(14246,'2020-12-01 15:56:26','CRM','',' : \"\"  admin',1,'State','/selling/main-state/update?id=306',306),(14247,'2020-12-01 15:56:39','CRM','',' : \"\"  admin',1,'State','/selling/main-state/update?id=306',306),(14252,'2020-12-01 16:02:08','CRM','','  ',1,'Selling','/selling/form/test?id=611&state_id=4',611),(14253,'2020-12-01 16:02:08','CRM','',' : \"611\"  admin',1,'Selling','/selling/form/test?id=611&state_id=4',611),(14254,'2020-12-01 16:02:16','CRM','','  ',1,'Selling','/selling/form/test?id=611&state_id=8',611),(14255,'2020-12-01 16:02:16','CRM','',' : \"611\"  admin',1,'Selling','/selling/form/test?id=611&state_id=8',611),(14517,'2020-12-01 16:04:08','BOSS','',' ',1,'Login','/login/zaglushka',1),(15063,'2020-12-02 13:21:56','BOSS','',' ',1,'Login','/login/zaglushka',1),(15064,'2020-12-02 13:48:58','BOSS','',' ',1,'Login','/login/zaglushka',1),(15065,'2020-12-02 13:49:56','BOSS','',' : \"\"  admin',1,'Item','/core/item/update?id=1',1),(15066,'2020-12-02 13:53:04','BOSS','',' : \"\"  admin',1,'Item','/core/item/update?id=1',1),(15136,'2020-12-02 13:58:47','BOSS','',' ',1,'Login','/login/zaglushka',1),(17037,'2020-12-03 14:50:58','BOSS','',' ',1,'Login','/signup/zaglushka',1),(17038,'2020-12-03 15:05:31','BOSS','',' : \"\"  admin',1,'Item','/core/item/update?id=139',139),(17039,'2020-12-03 15:11:38','BOSS','',' : \"\"  admin',1,'Item','/core/item/update?id=139',139),(17040,'2020-12-03 15:12:53','BOSS','',' : \"\"  admin',1,'Item','/core/item/update?id=139',139),(17041,'2020-12-03 15:15:10','BOSS','',' : \"\"  admin',1,'Item','/core/item/update?id=139',139),(17042,'2020-12-03 15:18:15','BOSS','',' : \"  \"  admin',1,'Item','/core/item/update?id=140',140),(17043,'2020-12-03 15:19:33','BOSS','',' : \"  \"  admin',1,'Item','/core/item/update?id=140',140),(17044,'2020-12-03 15:27:54','BOSS','',' : \"\"  admin',1,'Item','/core/item/update?id=139',139),(17045,'2020-12-03 15:35:33','BOSS','',' : \"\"  admin',1,'Item','/core/item/update?id=141',141),(17046,'2020-12-03 15:42:41','BOSS','',' : \"\"  admin',1,'Item','/core/item/update?id=141',141),(17047,'2020-12-03 15:44:38','BOSS','',' : \"\"  admin',1,'Item','/core/item/update?id=142',142),(17048,'2020-12-03 15:46:44','BOSS','',' : \"\"  admin',1,'Item','/core/item/update?id=143',143),(17049,'2020-12-03 15:48:24','BOSS','',' ',1,'Login','/signup/zaglushka',1),(17050,'2020-12-03 15:55:38','ERP','',' : \" \"  admin',1,'Category','/product/category/delete?id=193',193),(17051,'2020-12-03 16:01:34','HRM','',' : \"   \"  admin',1,'Project','/project/project/delete?id=32',32),(17052,'2020-12-03 16:03:13','ERP','',' : \"\"  admin',1,'Purchase','/purchase/main/delete?id=179',179),(17053,'2020-12-03 16:03:16','ERP','',' : \"\"  admin',1,'Purchase','/purchase/main/delete?id=201',201),(17054,'2020-12-03 16:03:19','ERP','',' : \"\"  admin',1,'Purchase','/purchase/main/delete?id=180',180),(17055,'2020-12-03 16:03:49','ERP','',' : \"  \"  admin',1,'Purchase','/purchase/form/save',202),(17056,'2020-12-03 16:04:38','ERP','','  :   admin',1,'OverheadCost','/purchase/nomenclature/add-position',705),(17057,'2020-12-03 16:04:38','ERP','','  : \"  Samsung Galaxy Note 10 Lite (SM-N770) 6/128GB Aura Silver (SM-N770FZSDSEK)\"  admin',1,'PurchaseProduct','/purchase/nomenclature/add-position',9),(17058,'2020-12-03 16:04:38','ERP','','  : \"  Samsung Galaxy Note 10 Lite (SM-N770) 6/128GB Aura Silver (SM-N770FZSDSEK)\"  admin',1,'WarehouseProduct','/purchase/nomenclature/add-position',1),(17059,'2020-12-03 16:04:38','ERP','','  : \"  Samsung Galaxy Note 10 Lite (SM-N770) 6/128GB Aura Silver (SM-N770FZSDSEK)\"  admin',1,'PurchaseProduct','/purchase/nomenclature/add-position',9),(17060,'2020-12-03 16:05:04','ERP','','  :   admin',1,'OverheadCost','/purchase/nomenclature/add-overhead-cost?id=202',706),(17061,'2020-12-03 16:05:04','ERP','','   :   admin',1,'PurchaseOverheadCost','/purchase/nomenclature/add-overhead-cost?id=202',1),(17062,'2020-12-03 16:05:27','ERP','','  :   admin',1,'OverheadCost','/purchase/nomenclature/delete-overhead-cost?id=706&purchaseId=202',706),(17063,'2020-12-03 16:05:47','ERP','',' : \"  \"  admin',1,'Purchase','/purchase/state/payment?id=202&_pjax=%23state-pjax',202),(17064,'2020-12-03 16:05:52','ERP','',' : \"  \"  admin',1,'Purchase','/purchase/state/delivery?id=202&_pjax=%23state-pjax',202),(17065,'2020-12-03 16:05:56','ERP','','  : \"  Samsung Galaxy Note 10 Lite (SM-N770) 6/128GB Aura Silver (SM-N770FZSDSEK)\"  admin',1,'WarehouseProduct','/purchase/state/confirm?id=202&_pjax=%23state-pjax',1),(17066,'2020-12-03 16:05:56','ERP','',' : \"  \"  admin',1,'Purchase','/purchase/state/confirm?id=202&_pjax=%23state-pjax',202),(17067,'2020-12-03 16:06:40','ERP','',' : \"   \"  admin',1,'Purchase','/purchase/form/save',203),(17068,'2020-12-03 16:06:59','ERP','','  :   admin',1,'OverheadCost','/purchase/nomenclature/add-position',707),(17069,'2020-12-03 16:06:59','ERP','','  : \"  Meizu M10 3/32GB Black\"  admin',1,'PurchaseProduct','/purchase/nomenclature/add-position',10),(17070,'2020-12-03 16:06:59','ERP','','  : \"  Meizu M10 3/32GB Black\"  admin',1,'WarehouseProduct','/purchase/nomenclature/add-position',2),(17071,'2020-12-03 16:06:59','ERP','','  : \"  Meizu M10 3/32GB Black\"  admin',1,'PurchaseProduct','/purchase/nomenclature/add-position',10),(17072,'2020-12-03 16:07:14','ERP','','  :   admin',1,'OverheadCost','/purchase/nomenclature/add-position',708),(17073,'2020-12-03 16:07:14','ERP','','  : \"  Realme 6 8/128GB White\"  admin',1,'PurchaseProduct','/purchase/nomenclature/add-position',11),(17074,'2020-12-03 16:07:14','ERP','','  : \"  Realme 6 8/128GB White\"  admin',1,'WarehouseProduct','/purchase/nomenclature/add-position',3),(17075,'2020-12-03 16:07:14','ERP','','  : \"  Realme 6 8/128GB White\"  admin',1,'PurchaseProduct','/purchase/nomenclature/add-position',11),(17076,'2020-12-03 16:07:25','ERP','','  :   admin',1,'OverheadCost','/purchase/nomenclature/add-position',709),(17077,'2020-12-03 16:07:25','ERP','','  : \"  Huawei P Smart 2021 128GB Gold\"  admin',1,'PurchaseProduct','/purchase/nomenclature/add-position',12),(17078,'2020-12-03 16:07:25','ERP','','  : \"  Huawei P Smart 2021 128GB Gold\"  admin',1,'WarehouseProduct','/purchase/nomenclature/add-position',4),(17079,'2020-12-03 16:07:25','ERP','','  : \"  Huawei P Smart 2021 128GB Gold\"  admin',1,'PurchaseProduct','/purchase/nomenclature/add-position',12),(17080,'2020-12-03 16:07:46','ERP','','  :   admin',1,'OverheadCost','/purchase/nomenclature/add-position',710),(17081,'2020-12-03 16:07:46','ERP','','  : \"  Xiaomi Redmi Note 9 Pro 6/128GB Interstellar Grey\"  admin',1,'PurchaseProduct','/purchase/nomenclature/add-position',13),(17082,'2020-12-03 16:07:46','ERP','','  : \"  Xiaomi Redmi Note 9 Pro 6/128GB Interstellar Grey\"  admin',1,'WarehouseProduct','/purchase/nomenclature/add-position',5),(17083,'2020-12-03 16:07:46','ERP','','  : \"  Xiaomi Redmi Note 9 Pro 6/128GB Interstellar Grey\"  admin',1,'PurchaseProduct','/purchase/nomenclature/add-position',13),(17084,'2020-12-03 16:08:04','ERP','','  : \"  Huawei P Smart 2021 128GB Gold\"  admin',1,'WarehouseProduct','/purchase/nomenclature/delete-position?id=12',4),(17085,'2020-12-03 16:08:07','ERP','','  : \"  Huawei P Smart 2021 128GB Gold\"  admin',1,'PurchaseProduct','/purchase/nomenclature/delete-position?id=12',12),(17086,'2020-12-03 16:08:21','ERP','','  :   admin',1,'OverheadCost','/purchase/nomenclature/add-position',711),(17087,'2020-12-03 16:08:21','ERP','','  : \"  Huawei P Smart 2021 128GB Gold\"  admin',1,'PurchaseProduct','/purchase/nomenclature/add-position',14),(17088,'2020-12-03 16:08:21','ERP','','  : \"  Huawei P Smart 2021 128GB Gold\"  admin',1,'WarehouseProduct','/purchase/nomenclature/add-position',6),(17089,'2020-12-03 16:08:21','ERP','','  : \"  Huawei P Smart 2021 128GB Gold\"  admin',1,'PurchaseProduct','/purchase/nomenclature/add-position',14),(17090,'2020-12-03 16:09:00','ERP','','  :   admin',1,'OverheadCost','/purchase/nomenclature/add-position',712),(17091,'2020-12-03 16:09:00','ERP','','  : \"  Realme 6 8/128GB White\"  admin',1,'PurchaseProduct','/purchase/nomenclature/add-position',11),(17092,'2020-12-03 16:09:00','ERP','','  : \"  Realme 6 8/128GB White\"  admin',1,'PurchaseProduct','/purchase/nomenclature/add-position',11),(17093,'2020-12-03 16:10:04','ERP','','  : \"  Realme 6 8/128GB White\"  admin',1,'WarehouseProduct','/purchase/nomenclature/delete-position?id=11',3),(17094,'2020-12-03 16:10:05','ERP','','  : \"  Realme 6 8/128GB White\"  admin',1,'PurchaseProduct','/purchase/nomenclature/delete-position?id=11',11),(17095,'2020-12-03 16:10:09','ERP','',' : \"   \"  admin',1,'Purchase','/purchase/state/payment?id=203&_pjax=%23state-pjax',203),(17096,'2020-12-03 16:10:10','ERP','',' : \"   \"  admin',1,'Purchase','/purchase/state/delivery?id=203&_pjax=%23state-pjax',203),(17097,'2020-12-03 16:13:33','ERP','',' () : \"     2\"  admin',1,'Transit','/transit/form/save',1),(17098,'2020-12-03 16:14:33','ERP','','  :   admin',1,'OverheadCost','/transit/nomenclature/add-position',713),(17099,'2020-12-03 16:14:33','ERP','','  : \"  Samsung Galaxy Note 10 Lite (SM-N770) 6/128GB Aura Silver (SM-N770FZSDSEK)\"  admin',1,'TransitProduct','/transit/nomenclature/add-position',1),(17100,'2020-12-03 16:14:40','ERP','','  :   admin',1,'OverheadCost','/transit/nomenclature/add-position',714),(17101,'2020-12-03 16:14:40','ERP','','  : \"  Samsung Galaxy Note 10 Lite (SM-N770) 6/128GB Aura Silver (SM-N770FZSDSEK)\"  admin',1,'TransitProduct','/transit/nomenclature/add-position',1),(17102,'2020-12-03 16:14:47','ERP','','  :   admin',1,'OverheadCost','/transit/nomenclature/add-position',715),(17103,'2020-12-03 16:14:48','ERP','','  : \"  Samsung Galaxy Note 10 Lite (SM-N770) 6/128GB Aura Silver (SM-N770FZSDSEK)\"  admin',1,'TransitProduct','/transit/nomenclature/add-position',1),(17104,'2020-12-03 16:14:55','ERP','','  :   admin',1,'OverheadCost','/transit/nomenclature/add-position',716),(17105,'2020-12-03 16:14:55','ERP','','  : \"  Samsung Galaxy Note 10 Lite (SM-N770) 6/128GB Aura Silver (SM-N770FZSDSEK)\"  admin',1,'TransitProduct','/transit/nomenclature/add-position',1),(17106,'2020-12-03 16:14:59','ERP','','  :   admin',1,'OverheadCost','/transit/nomenclature/add-position',717),(17107,'2020-12-03 16:14:59','ERP','','  : \"  Samsung Galaxy Note 10 Lite (SM-N770) 6/128GB Aura Silver (SM-N770FZSDSEK)\"  admin',1,'TransitProduct','/transit/nomenclature/add-position',1),(17108,'2020-12-03 16:14:59','ERP','','  :   admin',1,'OverheadCost','/transit/nomenclature/add-position',718),(17109,'2020-12-03 16:14:59','ERP','','  : \"  Samsung Galaxy Note 10 Lite (SM-N770) 6/128GB Aura Silver (SM-N770FZSDSEK)\"  admin',1,'TransitProduct','/transit/nomenclature/add-position',1),(17110,'2020-12-03 16:15:00','ERP','','  :   admin',1,'OverheadCost','/transit/nomenclature/add-position',719),(17111,'2020-12-03 16:15:00','ERP','','  : \"  Samsung Galaxy Note 10 Lite (SM-N770) 6/128GB Aura Silver (SM-N770FZSDSEK)\"  admin',1,'TransitProduct','/transit/nomenclature/add-position',1),(17112,'2020-12-03 16:15:00','ERP','','  :   admin',1,'OverheadCost','/transit/nomenclature/add-position',720),(17113,'2020-12-03 16:15:00','ERP','','  : \"  Samsung Galaxy Note 10 Lite (SM-N770) 6/128GB Aura Silver (SM-N770FZSDSEK)\"  admin',1,'TransitProduct','/transit/nomenclature/add-position',1),(17114,'2020-12-03 16:15:00','ERP','','  :   admin',1,'OverheadCost','/transit/nomenclature/add-position',721),(17115,'2020-12-03 16:15:00','ERP','','  : \"  Samsung Galaxy Note 10 Lite (SM-N770) 6/128GB Aura Silver (SM-N770FZSDSEK)\"  admin',1,'TransitProduct','/transit/nomenclature/add-position',1),(17116,'2020-12-03 16:15:00','ERP','','  :   admin',1,'OverheadCost','/transit/nomenclature/add-position',722),(17117,'2020-12-03 16:15:00','ERP','','  : \"  Samsung Galaxy Note 10 Lite (SM-N770) 6/128GB Aura Silver (SM-N770FZSDSEK)\"  admin',1,'TransitProduct','/transit/nomenclature/add-position',1),(17118,'2020-12-03 16:15:01','ERP','','  :   admin',1,'OverheadCost','/transit/nomenclature/add-position',723),(17119,'2020-12-03 16:15:01','ERP','','  : \"  Samsung Galaxy Note 10 Lite (SM-N770) 6/128GB Aura Silver (SM-N770FZSDSEK)\"  admin',1,'TransitProduct','/transit/nomenclature/add-position',1),(17120,'2020-12-03 16:16:05','ERP','','  : \"  Samsung Galaxy Note 10 Lite (SM-N770) 6/128GB Aura Silver (SM-N770FZSDSEK)\"  admin',1,'WarehouseProduct','/transit/state/confirm?id=1&_pjax=%23state-pjax',1),(17121,'2020-12-03 16:16:06','ERP','','  : \"  Samsung Galaxy Note 10 Lite (SM-N770) 6/128GB Aura Silver (SM-N770FZSDSEK)\"  admin',1,'WarehouseProduct','/transit/state/confirm?id=1',1),(17122,'2020-12-03 16:19:39','ERP','','  : \"  Samsung Galaxy Note 10 Lite (SM-N770) 6/128GB Aura Silver (SM-N770FZSDSEK)\"  admin',1,'WarehouseProduct','/transit/state/confirm?id=1&_pjax=%23state-pjax',1),(17123,'2020-12-03 16:19:40','ERP','','  : \"  Samsung Galaxy Note 10 Lite (SM-N770) 6/128GB Aura Silver (SM-N770FZSDSEK)\"  admin',1,'WarehouseProduct','/transit/state/confirm?id=1',1),(17124,'2020-12-03 16:30:38','BOSS','',' ',1,'Login','/signup/zaglushka',1),(17125,'2020-12-03 16:32:16','BOSS','',' ',1,'Login','/signup/zaglushka',1),(17127,'2020-12-03 16:58:32','CRM','',' : \" -\"  admin',1,'Customer','/customer/customer/update?id=143',143),(17128,'2020-12-03 16:59:08','CRM','',' : \"\"  admin',1,'Customer','/customer/customer/update?id=144',144),(17129,'2020-12-03 16:59:59','CRM','',' :   admin',1,'Selling','/selling/form/save',1),(17130,'2020-12-03 16:59:59','CRM','',' : \"1\"  admin',1,'Selling','/selling/form/save',1),(17131,'2020-12-03 17:00:37','CRM','',' : \"1\"  admin',1,'Selling','/selling/form/save?id=1',1),(17132,'2020-12-03 17:00:37','CRM','',' : \"11\"  admin',1,'Selling','/selling/form/save?id=1',1),(17133,'2020-12-03 17:02:23','ERP','','  : \"  Samsung Galaxy Note 10 Lite (SM-N770) 6/128GB Aura Silver (SM-N770FZSDSEK)\"  admin',1,'WarehouseProduct','/warehouse/warehouse-product/update?id=1',1),(17134,'2020-12-03 17:02:31','CRM','',' : \"11\"  admin',1,'Selling','/selling/form/save?id=1',1),(17135,'2020-12-03 17:02:31','CRM','',' : \"111\"  admin',1,'Selling','/selling/form/save?id=1',1),(17136,'2020-12-03 17:02:38','CRM','',' : \"111\"  admin',1,'Selling','/selling/form/save?id=1',1),(17137,'2020-12-03 17:02:38','CRM','',' : \"1111\"  admin',1,'Selling','/selling/form/save?id=1',1),(17138,'2020-12-03 17:03:37','CRM','','   : \"  Samsung Galaxy Note 10 Lite (SM-N770) 6/128GB Aura Silver (SM-N770FZSDSEK)\"  admin',1,'SellingProduct','/selling/nomenclature/add-position',1),(17139,'2020-12-03 17:03:46','CRM','','   : \"  Samsung Galaxy Note 10 Lite (SM-N770) 6/128GB Aura Silver (SM-N770FZSDSEK)\"  admin',1,'SellingProduct','/selling/nomenclature/delete-position?id=1&selling_token=',1),(17140,'2020-12-03 17:04:11','CRM','','   : \"  Samsung Galaxy Note 10 Lite (SM-N770) 6/128GB Aura Silver (SM-N770FZSDSEK)\"  admin',1,'SellingProduct','/selling/nomenclature/add-position',2),(17141,'2020-12-03 17:04:26','CRM','','  ',1,'Selling','/selling/form/test?id=1&state_id=5',1),(17142,'2020-12-03 17:04:26','CRM','',' : \"1111\"  admin',1,'Selling','/selling/form/test?id=1&state_id=5',1),(17143,'2020-12-03 17:04:31','CRM','','  ',1,'Selling','/selling/form/test?id=1&state_id=6',1),(17144,'2020-12-03 17:04:31','CRM','',' : \"1111\"  admin',1,'Selling','/selling/form/test?id=1&state_id=6',1),(17145,'2020-12-03 17:05:08','CRM','',' :   admin',1,'Selling','/selling/form/save',2),(17146,'2020-12-03 17:05:08','CRM','',' : \"2\"  admin',1,'Selling','/selling/form/save',2),(17147,'2020-12-03 17:05:21','CRM','','   : \"  Samsung Galaxy Note 10 Lite (SM-N770) 6/128GB Aura Silver (SM-N770FZSDSEK)\"  admin',1,'SellingProduct','/selling/nomenclature/add-position',3),(17148,'2020-12-03 17:05:29','CRM','','   : \"  Samsung Galaxy Note 10 Lite (SM-N770) 6/128GB Aura Silver (SM-N770FZSDSEK)\"  admin',1,'SellingProduct','/selling/nomenclature/add-position',3),(17149,'2020-12-03 17:08:38','CRM','','  ',1,'Selling','/selling/form/test?id=2&state_id=6',2),(17150,'2020-12-03 17:08:39','CRM','',' : \"2\"  admin',1,'Selling','/selling/form/test?id=2&state_id=6',2),(17151,'2020-12-03 17:08:41','CRM','','  ',1,'Selling','/selling/form/test?id=2&state_id=7',2),(17152,'2020-12-03 17:08:41','CRM','',' : \"2\"  admin',1,'Selling','/selling/form/test?id=2&state_id=7',2),(17153,'2020-12-03 17:09:30','CRM','',' : \" \"  admin',1,'State','/selling/main-state/update?id=7',7),(17154,'2020-12-03 17:09:30','CRM','','   :   admin',1,'StateToState','/selling/main-state/update?id=7',520),(17155,'2020-12-03 17:09:30','CRM','','   :   admin',1,'StateToState','/selling/main-state/update?id=7',521),(17156,'2020-12-03 17:10:54','CRM','',' :   admin',1,'Selling','/selling/form/save',3),(17157,'2020-12-03 17:10:55','CRM','',' : \"3\"  admin',1,'Selling','/selling/form/save',3),(17158,'2020-12-03 17:11:04','CRM','','  ',1,'Selling','/selling/form/test?id=3&state_id=2',3),(17159,'2020-12-03 17:11:04','CRM','',' : \"3\"  admin',1,'Selling','/selling/form/test?id=3&state_id=2',3),(17160,'2020-12-03 17:16:09','HRM','',' : \"   1\"  admin',1,'Project','/project/project/update?id=6',6),(17161,'2020-12-03 17:16:26','HRM','',' : \"   2\"  admin',1,'Project','/project/project/update?id=8',8),(17162,'2020-12-03 17:16:46','HRM','',' : \" \"  admin',1,'Project','/project/project/update?id=11',11),(17163,'2020-12-03 17:17:23','HRM','',' : \" \"  admin',1,'Vacancy','/vacancy/vacancy/delete?id=1',1),(17164,'2020-12-03 17:17:26','HRM','',' : \" \"  admin',1,'Vacancy','/vacancy/vacancy/delete?id=2',2),(17165,'2020-12-03 17:17:28','HRM','',' : \" \"  admin',1,'Vacancy','/vacancy/vacancy/delete?id=3',3),(17166,'2020-12-03 17:17:31','HRM','',' : \"  \"  admin',1,'Vacancy','/vacancy/vacancy/delete?id=4',4),(17167,'2020-12-03 17:17:33','HRM','',' : \"   10  15  \"  admin',1,'Vacancy','/vacancy/vacancy/delete?id=36',36),(17168,'2020-12-03 17:17:36','HRM','',' : \"\"  admin',1,'Vacancy','/vacancy/vacancy/delete?id=38',38),(17169,'2020-12-03 17:17:39','HRM','',' : \"\"  admin',1,'Vacancy','/vacancy/vacancy/delete?id=83',83),(17170,'2020-12-03 17:17:41','HRM','',' : \"  \"  admin',1,'Vacancy','/vacancy/vacancy/delete?id=85',85),(17171,'2020-12-03 17:19:01','HRM','',' : \" \"  admin',1,'Vacancy','/vacancy/vacancy/create',86),(17172,'2020-12-03 17:19:38','HRM','',' : \"  \"  admin',1,'Vacancy','/vacancy/vacancy/create',87),(17173,'2020-12-03 17:20:55','HRM','',' : \"    \"  admin',1,'Vacancy','/vacancy/vacancy/create',88),(17174,'2020-12-03 17:21:07','HRM','',' : \" \"  admin',1,'Vacancy','/vacancy/vacancy/update?id=86',86),(17175,'2020-12-03 17:21:24','HRM','',' : \"  \"  admin',1,'Vacancy','/vacancy/vacancy/update?id=87',87),(17176,'2020-12-03 17:21:49','HRM','',' : \"  \"  admin',1,'Vacancy','/vacancy/vacancy/create',89),(17177,'2020-12-03 17:23:44','HRM','',' : \"\"  admin',1,'Worker','/worker/worker/create',1),(17178,'2020-12-03 17:23:44','HRM','','   :   admin',1,'WorkerVacancy','/worker/worker/create',1),(17179,'2020-12-03 17:23:44','HRM','','   :   admin',1,'WorkerVacancy','/worker/worker/create',2),(17180,'2020-12-03 17:24:29','HRM','',' : \" \"  admin',1,'Worker','/worker/worker/create',2),(17181,'2020-12-03 17:24:29','HRM','','   :   admin',1,'WorkerVacancy','/worker/worker/create',3),(17182,'2020-12-03 17:25:15','HRM','',' : \"\"  admin',1,'Worker','/worker/worker/create',3),(17183,'2020-12-03 17:25:16','HRM','','   :   admin',1,'WorkerVacancy','/worker/worker/create',4),(17184,'2020-12-03 17:25:16','HRM','','   :   admin',1,'WorkerVacancy','/worker/worker/create',5),(17185,'2020-12-03 17:26:12','HRM','',' : \"\"  admin',1,'Worker','/worker/worker/create',4),(17186,'2020-12-03 17:26:44','HRM','',' : \"-\"  admin',1,'Interview','/hr/form/save',1),(17187,'2020-12-03 17:26:57','HRM','',' : \"-\"  admin',1,'Interview','/hr/state/hot?id=1&_pjax=%23state-pjax',1),(17188,'2020-12-03 17:27:03','HRM','',' : \"-\"  admin',1,'Interview','/hr/state/meeting?id=1&_pjax=%23state-pjax',1),(17189,'2020-12-03 17:27:08','HRM','',' : \"-\"  admin',1,'Interview','/hr/state/offer?id=1&_pjax=%23state-pjax',1),(17190,'2020-12-03 17:27:13','HRM','',' : \"-\"  admin',1,'Interview','/hr/state/work?id=1&_pjax=%23state-pjax',1),(17191,'2020-12-03 17:27:13','HRM','',' : \"-\"  admin',1,'Interview','/hr/state/work?id=1',1),(17192,'2020-12-03 17:27:24','HRM','',' : \"-\"  admin',1,'Interview','/hr/state/done?id=1&_pjax=%23state-pjax',1),(17193,'2020-12-03 17:27:25','HRM','',' : \"\"  admin',1,'Worker','/hr/state/done?id=1&_pjax=%23state-pjax',3),(17194,'2020-12-03 17:27:30','HRM','',' : \"-\"  admin',1,'Interview','/hr/state/work?id=1&_pjax=%23state-pjax',1),(17195,'2020-12-03 17:27:30','HRM','',' : \"-\"  admin',1,'Interview','/hr/state/work?id=1',1),(17196,'2020-12-03 17:27:46','HRM','',' : \"-\"  admin',1,'Interview','/hr/state/done?id=1&_pjax=%23state-pjax',1),(17197,'2020-12-03 17:27:46','HRM','',' : \"\"  admin',1,'Worker','/hr/state/done?id=1&_pjax=%23state-pjax',3),(17198,'2020-12-03 17:27:52','HRM','',' : \"-\"  admin',1,'Interview','/hr/state/archive?id=1&_pjax=%23state-pjax',1),(17199,'2020-12-03 17:27:55','HRM','',' : \"-\"  admin',1,'Interview','/hr/state/work?id=1&_pjax=%23state-pjax',1),(17200,'2020-12-03 17:27:55','HRM','',' : \"-\"  admin',1,'Interview','/hr/state/work?id=1',1),(17201,'2020-12-03 17:34:26','HRM','',' : \"-\"  admin',1,'Interview','/hr/form/save',2),(17202,'2020-12-03 17:34:56','HRM','',' : \"   2\"  admin',1,'Project','/project/project/delete?id=8',8),(17203,'2020-12-03 17:35:07','HRM','',' : \"   1  2\"  admin',1,'Project','/project/project/update?id=6',6),(17204,'2020-12-03 17:35:34','HRM','',' : \"\"  admin',1,'Worker','/worker/worker/update?id=4',4),(17205,'2020-12-03 17:35:34','HRM','','   :   admin',1,'WorkerVacancy','/worker/worker/update?id=4',6),(17206,'2020-12-03 17:35:34','HRM','','   :   admin',1,'WorkerVacancy','/worker/worker/update?id=4',7),(17207,'2020-12-03 17:35:34','HRM','','   :   admin',1,'WorkerVacancy','/worker/worker/update?id=4',8),(17208,'2020-12-03 17:36:24','HRM','',' : \"-\"  admin',1,'Interview','/hr/form/save',3),(17209,'2020-12-03 17:36:31','HRM','',' : \"-\"  admin',1,'Interview','/hr/state/work?id=3&_pjax=%23state-pjax',3),(17210,'2020-12-03 17:36:32','HRM','',' : \"-\"  admin',1,'Interview','/hr/state/work?id=3',3),(17211,'2020-12-03 17:36:52','HRM','',' : \"-\"  admin',1,'Interview','/hr/state/meeting?id=2&_pjax=%23state-pjax',2),(17212,'2020-12-03 17:39:13','CRM','',' : \"     \"  admin',1,'Strategy','/selling/strategy/create',1),(17213,'2020-12-03 17:40:24','CRM','',' : \" \"  admin',1,'Strategy','/selling/strategy/create',2),(17214,'2020-12-03 17:40:57','CRM','',' : \" \"  admin',1,'Strategy','/selling/strategy/create',3),(17215,'2020-12-03 17:43:07','CRM','',' :   admin',1,'Request','/selling/answer/fast-create',1),(17216,'2020-12-03 17:43:07','CRM','','  :   admin',1,'RequestStrategy','/selling/answer/fast-create',1),(17217,'2020-12-03 17:43:07','CRM','',' :   admin',1,'Answer','/selling/answer/fast-create',1),(17218,'2020-12-03 17:43:36','CRM','',' :   admin',1,'Answer','/selling/answer/fast-create',2),(17219,'2020-12-03 17:44:08','CRM','',' :   admin',1,'Request','/selling/answer/fast-create',2),(17220,'2020-12-03 17:44:08','CRM','','  :   admin',1,'RequestStrategy','/selling/answer/fast-create',2),(17221,'2020-12-03 17:44:08','CRM','',' :   admin',1,'Answer','/selling/answer/fast-create',3),(17222,'2020-12-03 17:44:40','CRM','',' :   admin',1,'Answer','/selling/answer/create',4),(17223,'2020-12-03 17:45:59','CRM','',' :   admin',1,'Request','/selling/request/update?id=1',1),(17224,'2020-12-03 17:46:34','CRM','',' :   admin',1,'Request','/selling/request/update?id=2',2),(17225,'2020-12-03 17:48:21','CRM','',' :   admin',1,'Request','/selling/answer/fast-create',3),(17226,'2020-12-03 17:48:21','CRM','','  :   admin',1,'RequestStrategy','/selling/answer/fast-create',3),(17227,'2020-12-03 17:48:21','CRM','',' :   admin',1,'Answer','/selling/answer/fast-create',5),(17228,'2020-12-03 17:48:49','CRM','',' :   admin',1,'Answer','/selling/answer/create',6),(17229,'2020-12-03 17:50:13','CRM','',' :   admin',1,'Request','/selling/request/create',4),(17230,'2020-12-03 17:50:55','CRM','',' :   admin',1,'Request','/selling/request/create',5),(17231,'2020-12-03 17:51:14','CRM','',' :   admin',1,'Request','/selling/request/create',6),(17232,'2020-12-03 17:51:54','CRM','','  :   admin',1,'RequestStrategy','/selling/answer/fast-create',4),(17233,'2020-12-03 17:51:54','CRM','',' :   admin',1,'Answer','/selling/answer/fast-create',7),(17234,'2020-12-03 17:52:34','CRM','','  :   admin',1,'RequestStrategy','/selling/answer/fast-create',5),(17235,'2020-12-03 17:52:34','CRM','',' :   admin',1,'Answer','/selling/answer/fast-create',8),(17236,'2020-12-03 17:54:11','CRM','','  :   admin',1,'RequestStrategy','/selling/answer/fast-create',6),(17237,'2020-12-03 17:54:11','CRM','',' :   admin',1,'Answer','/selling/answer/fast-create',9),(17238,'2020-12-03 17:55:07','CRM','',' :   admin',1,'Answer','/selling/talk/save-custom-answer?requestId=4&answer=%D0%B4%D0%B0',10),(17239,'2020-12-03 17:55:08','CRM','',' :   admin',1,'Answer','/selling/talk/save-custom-answer?requestId=4&answer=%D0%B4%D0%B0',11),(17240,'2020-12-03 17:55:22','CRM','',' :   admin',1,'Answer','/selling/talk/save-custom-answer?requestId=5&answer=%D0%B4%D0%B6%D0%B0%D1%81%D1%82%D0%B8%D0%BD',12),(17241,'2020-12-03 17:55:58','CRM','',' : \"3\"  admin',1,'Selling','/selling/talk/save-dialog',3),(17242,'2020-12-03 17:55:58','CRM','',' : \" -\"  admin',1,'Customer','/selling/talk/end-talk?sellingId=3',143),(17243,'2020-12-03 17:58:33','HRM','',' : \"-\"  admin',1,'Interview','/hr/talk/save-dialog',1),(17244,'2020-12-03 17:59:58','CRM','',' : \" \"  admin',1,'Strategy','/selling/strategy/delete?id=3',3),(17245,'2020-12-03 22:21:34','BOSS','',' ',1,'Login','/signup/zaglushka',1),(17246,'2020-12-03 22:21:35','BOSS','',' ',1,'Login','/signup/zaglushka',1),(17247,'2020-12-04 10:11:32','BOSS','',' ',128,'Login','/signup/zaglushka',1),(17248,'2020-12-04 10:11:33','CRM','',' : \" -\"  Peri utkonos',128,'Customer','/core/default/test-data',145),(17249,'2020-12-04 10:11:33','CRM','',' : \"\"  Peri utkonos',128,'Customer','/core/default/test-data',146),(17250,'2020-12-04 10:11:33','ERP','',' : \"Meizu\"  Peri utkonos',128,'Manufacturer','/core/default/test-data',19),(17251,'2020-12-04 10:11:34','ERP','',' : \"Realme\"  Peri utkonos',128,'Manufacturer','/core/default/test-data',20),(17252,'2020-12-04 10:11:34','ERP','',' : \"Huawei\"  Peri utkonos',128,'Manufacturer','/core/default/test-data',21),(17253,'2020-12-04 10:11:34','ERP','',' : \"Samsung\"  Peri utkonos',128,'Manufacturer','/core/default/test-data',22),(17254,'2020-12-04 10:11:34','ERP','',' : \"Apple\"  Peri utkonos',128,'Manufacturer','/core/default/test-data',23),(17255,'2020-12-04 10:11:35','ERP','',' : \"Nokia\"  Peri utkonos',128,'Manufacturer','/core/default/test-data',24),(17256,'2020-12-04 10:11:35','ERP','',' : \"Xiaomi\"  Peri utkonos',128,'Manufacturer','/core/default/test-data',25),(17257,'2020-12-04 10:11:35','ERP','',' : \"Alcatel\"  Peri utkonos',128,'Manufacturer','/core/default/test-data',26),(17258,'2020-12-04 10:11:35','ERP','',' : \"Sigma\"  Peri utkonos',128,'Manufacturer','/core/default/test-data',27),(17259,'2020-12-04 10:11:35','ERP','',' : \"\"  Peri utkonos',128,'Type','/core/default/test-data',15),(17260,'2020-12-04 10:11:35','ERP','',' : \"\"  Peri utkonos',128,'Type','/core/default/test-data',16),(17261,'2020-12-04 10:11:36','ERP','',' : \"\"  Peri utkonos',128,'Type','/core/default/test-data',17),(17262,'2020-12-04 10:11:36','ERP','',' : \"\"  Peri utkonos',128,'Type','/core/default/test-data',18),(17263,'2020-12-04 10:11:36','ERP','',' : \" \"  Peri utkonos',128,'Type','/core/default/test-data',19),(17264,'2020-12-04 10:11:36','ERP','',' : \"\"  Peri utkonos',128,'Type','/core/default/test-data',20),(17265,'2020-12-04 10:11:37','ERP','',' : \"\"  Peri utkonos',128,'PackUnit','/core/default/test-data',6),(17266,'2020-12-04 10:11:37','ERP','',' : \"\"  Peri utkonos',128,'PackUnit','/core/default/test-data',7),(17267,'2020-12-04 10:11:37','ERP','',' : \"  \"  Peri utkonos',128,'Supplier','/core/default/test-data',9),(17268,'2020-12-04 10:11:37','ERP','',' : \" - \"  Peri utkonos',128,'Supplier','/core/default/test-data',10),(17269,'2020-12-04 10:11:38','BOSS','',' : \"\"  Peri utkonos',128,'Currency','/core/default/test-data',105),(17270,'2020-12-04 10:11:38','BOSS','',' : \"\"  Peri utkonos',128,'Currency','/core/default/test-data',106),(17271,'2020-12-04 10:11:38','ERP','','  : \" 3 \"  Peri utkonos',128,'TaxRate','/core/default/test-data',7),(17272,'2020-12-04 10:11:38','ERP','','  : \" 2 \"  Peri utkonos',128,'TaxRate','/core/default/test-data',8),(17273,'2020-12-04 10:11:38','ERP','','  : \"\"  Peri utkonos',128,'TaxRate','/core/default/test-data',9),(17274,'2020-12-04 10:11:38','HRM','',' : \" \"  Peri utkonos',128,'Vacancy','/core/default/test-data',90),(17275,'2020-12-04 10:11:39','HRM','',' : \"  \"  Peri utkonos',128,'Vacancy','/core/default/test-data',91),(17276,'2020-12-04 10:11:39','HRM','',' : \"    \"  Peri utkonos',128,'Vacancy','/core/default/test-data',92),(17277,'2020-12-04 10:11:40','HRM','',' : \"  \"  Peri utkonos',128,'Vacancy','/core/default/test-data',93),(17278,'2020-12-04 10:11:40','HRM','',' : \"\"  Peri utkonos',128,'Worker','/core/default/test-data',5),(17279,'2020-12-04 10:11:41','HRM','',' : \" \"  Peri utkonos',128,'Worker','/core/default/test-data',6),(17280,'2020-12-04 10:11:41','HRM','',' : \"\"  Peri utkonos',128,'Worker','/core/default/test-data',7),(17281,'2020-12-04 10:11:42','HRM','',' : \"\"  Peri utkonos',128,'Worker','/core/default/test-data',8),(17282,'2020-12-04 10:11:42','HRM','',' : \"   1  2\"  Peri utkonos',128,'Project','/core/default/test-data',12),(17283,'2020-12-04 10:11:42','HRM','',' : \" \"  Peri utkonos',128,'Project','/core/default/test-data',13),(17284,'2020-12-04 10:11:42','CRM','',' : \"     \"  Peri utkonos',128,'Strategy','/core/default/test-data',3),(17285,'2020-12-04 10:11:42','CRM','',' : \" \"  Peri utkonos',128,'Strategy','/core/default/test-data',4),(17286,'2020-12-04 10:11:43','CRM','',' :   Peri utkonos',128,'Request','/core/default/test-data',7),(17287,'2020-12-04 10:11:43','CRM','',' :   Peri utkonos',128,'Request','/core/default/test-data',8),(17288,'2020-12-04 10:11:43','CRM','',' :   Peri utkonos',128,'Request','/core/default/test-data',9),(17289,'2020-12-04 10:11:43','CRM','',' :   Peri utkonos',128,'Request','/core/default/test-data',10),(17290,'2020-12-04 10:11:44','CRM','',' :   Peri utkonos',128,'Request','/core/default/test-data',11),(17291,'2020-12-04 10:11:44','CRM','',' :   Peri utkonos',128,'Request','/core/default/test-data',12),(17292,'2020-12-04 10:11:44','ERP','',' : \"  \"  Peri utkonos',128,'Purchase','/core/default/test-data',204),(17293,'2020-12-04 10:11:44','ERP','',' : \"   \"  Peri utkonos',128,'Purchase','/core/default/test-data',205),(17294,'2020-12-04 10:11:44','ERP','',' : \"\"  Peri utkonos',128,'Category','/core/default/test-data',193),(17295,'2020-12-04 10:11:45','ERP','',' : \"\"  Peri utkonos',128,'Category','/core/default/test-data',194),(17296,'2020-12-04 10:11:45','ERP','',' : \" \"  Peri utkonos',128,'Category','/core/default/test-data',195),(17297,'2020-12-04 10:11:45','ERP','',' : \"  Meizu M10 3/32GB Black\"  Peri utkonos',128,'Product','/core/default/test-data',256),(17298,'2020-12-04 10:11:45','ERP','',' : \"  Realme 6 8/128GB White\"  Peri utkonos',128,'Product','/core/default/test-data',257),(17299,'2020-12-04 10:11:45','ERP','',' : \"  Huawei P Smart 2021 128GB Gold\"  Peri utkonos',128,'Product','/core/default/test-data',258),(17300,'2020-12-04 10:11:46','ERP','',' : \"  Samsung Galaxy Note 10 Lite (SM-N770) 6/128GB Aura Silver (SM-N770FZSDSEK)\"  Peri utkonos',128,'Product','/core/default/test-data',259),(17301,'2020-12-04 10:11:46','ERP','',' : \"  Apple iPhone 11 128GB PRODUCT Red  \"  Peri utkonos',128,'Product','/core/default/test-data',260),(17302,'2020-12-04 10:11:46','ERP','',' : \"  Nokia 3.4 3/64GB Fjord\"  Peri utkonos',128,'Product','/core/default/test-data',261),(17303,'2020-12-04 10:11:46','ERP','',' : \"  Xiaomi Redmi Note 9 Pro 6/128GB Interstellar Grey\"  Peri utkonos',128,'Product','/core/default/test-data',262),(17304,'2020-12-04 10:11:46','ERP','',' : \"  Nokia 150 TA-1235 DualSim Black (16GMNB01A16)\"  Peri utkonos',128,'Product','/core/default/test-data',263),(17305,'2020-12-04 10:11:47','ERP','',' : \"  Alcatel 3025 Single SIM Metallic Gray (3025X-2AALUA1)\"  Peri utkonos',128,'Product','/core/default/test-data',264),(17306,'2020-12-04 10:11:47','ERP','',' : \"  Sigma mobile Comfort 50 Shell Duo Black-Red\"  Peri utkonos',128,'Product','/core/default/test-data',265),(17307,'2020-12-04 10:11:47','ERP','',' () : \"     2\"  Peri utkonos',128,'Transit','/core/default/test-data',2),(17308,'2020-12-04 10:11:47','CRM','',' : \" \"  Peri utkonos',128,'State','/core/default/test-data',10),(17309,'2020-12-04 10:11:47','CRM','',' : \"\"  Peri utkonos',128,'State','/core/default/test-data',11),(17310,'2020-12-04 10:11:47','CRM','',' : \" \"  Peri utkonos',128,'State','/core/default/test-data',12),(17311,'2020-12-04 10:11:48','CRM','',' : \" \"  Peri utkonos',128,'State','/core/default/test-data',13),(17312,'2020-12-04 10:11:48','CRM','',' : \" \"  Peri utkonos',128,'State','/core/default/test-data',14),(17313,'2020-12-04 10:11:48','CRM','',' : \" \"  Peri utkonos',128,'State','/core/default/test-data',15),(17314,'2020-12-04 10:11:48','CRM','',' : \"\"  Peri utkonos',128,'State','/core/default/test-data',16),(17315,'2020-12-04 10:11:48','CRM','',' : \"\"  Peri utkonos',128,'State','/core/default/test-data',17),(17316,'2020-12-04 10:11:48','CRM','','   :   Peri utkonos',128,'StateToState','/core/default/test-data',522),(17317,'2020-12-04 10:11:48','CRM','','   :   Peri utkonos',128,'StateToState','/core/default/test-data',523),(17318,'2020-12-04 10:11:49','CRM','','   :   Peri utkonos',128,'StateToState','/core/default/test-data',524),(17319,'2020-12-04 10:11:49','CRM','','   :   Peri utkonos',128,'StateToState','/core/default/test-data',525),(17320,'2020-12-04 10:11:49','CRM','','   :   Peri utkonos',128,'StateToState','/core/default/test-data',526),(17321,'2020-12-04 10:11:49','CRM','','   :   Peri utkonos',128,'StateToState','/core/default/test-data',527),(17322,'2020-12-04 10:11:49','CRM','','   :   Peri utkonos',128,'StateToState','/core/default/test-data',528),(17323,'2020-12-04 10:11:49','CRM','','   :   Peri utkonos',128,'StateToState','/core/default/test-data',529),(17324,'2020-12-04 10:11:50','CRM','','   :   Peri utkonos',128,'StateToState','/core/default/test-data',530),(17325,'2020-12-04 10:11:50','CRM','','   :   Peri utkonos',128,'StateToState','/core/default/test-data',531),(17326,'2020-12-04 10:11:50','CRM','','   :   Peri utkonos',128,'StateToState','/core/default/test-data',532),(17327,'2020-12-04 10:11:50','CRM','','   :   Peri utkonos',128,'StateToState','/core/default/test-data',533),(17328,'2020-12-04 10:11:50','CRM','','   :   Peri utkonos',128,'StateToState','/core/default/test-data',534),(17329,'2020-12-04 10:11:50','CRM','','   :   Peri utkonos',128,'StateToState','/core/default/test-data',535),(17330,'2020-12-04 10:11:50','CRM','','   :   Peri utkonos',128,'StateToState','/core/default/test-data',536),(17331,'2020-12-04 10:11:51','ERP','',' : \"   (2)\"  Peri utkonos',128,'Warehouse','/core/default/test-data',84),(17332,'2020-12-04 10:11:51','ERP','','  :   Peri utkonos',128,'WarehouseUser','/core/default/test-data',74),(17333,'2020-12-04 10:11:51','ERP','',' : \"  \"  Peri utkonos',128,'Warehouse','/core/default/test-data',85),(17334,'2020-12-04 10:11:51','ERP','','  :   Peri utkonos',128,'WarehouseUser','/core/default/test-data',75),(17335,'2020-12-04 10:11:51','ERP','','  : \"  Samsung Galaxy Note 10 Lite (SM-N770) 6/128GB Aura Silver (SM-N770FZSDSEK)\"  Peri utkonos',128,'WarehouseProduct','/core/default/test-data',7),(17336,'2020-12-04 10:11:51','ERP','','  : \"  Meizu M10 3/32GB Black\"  Peri utkonos',128,'WarehouseProduct','/core/default/test-data',8),(17337,'2020-12-04 10:11:51','ERP','','  : \"  Xiaomi Redmi Note 9 Pro 6/128GB Interstellar Grey\"  Peri utkonos',128,'WarehouseProduct','/core/default/test-data',9),(17338,'2020-12-04 10:11:51','ERP','','  : \"  Huawei P Smart 2021 128GB Gold\"  Peri utkonos',128,'WarehouseProduct','/core/default/test-data',10),(17339,'2020-12-04 10:11:52','BOSS','',' : \" \"  Peri utkonos',128,'Regularity','/core/default/test-data',159),(17340,'2020-12-04 10:11:52','BOSS','',' : \"\"  Peri utkonos',128,'Regularity','/core/default/test-data',160),(17341,'2020-12-04 10:11:52','BOSS','',' : \" \"  Peri utkonos',128,'Regularity','/core/default/test-data',161),(17342,'2020-12-04 10:11:52','BOSS','',' : \"\"  Peri utkonos',128,'Regularity','/core/default/test-data',162),(17343,'2020-12-04 10:11:52','BOSS','',' : \"\"  Peri utkonos',128,'Regularity','/core/default/test-data',163),(17344,'2020-12-04 10:11:52','BOSS','',' : \" \"  Peri utkonos',128,'Regularity','/core/default/test-data',164),(17345,'2020-12-04 10:11:52','BOSS','',' : \"\"  Peri utkonos',128,'Item','/core/default/test-data',156),(17346,'2020-12-04 10:11:53','BOSS','',' : \"\"  Peri utkonos',128,'Item','/core/default/test-data',157),(17347,'2020-12-04 10:11:53','BOSS','',' : \"\"  Peri utkonos',128,'Item','/core/default/test-data',158),(17348,'2020-12-04 10:11:53','BOSS','',' : \" \"  Peri utkonos',128,'Item','/core/default/test-data',159),(17349,'2020-12-04 10:11:53','BOSS','',' : \"\"  Peri utkonos',128,'Item','/core/default/test-data',160),(17350,'2020-12-04 10:11:54','BOSS','',' : \"\"  Peri utkonos',128,'Item','/core/default/test-data',161),(17351,'2020-12-04 10:11:54','BOSS','',' : \" \"  Peri utkonos',128,'Item','/core/default/test-data',162),(17352,'2020-12-04 10:11:54','BOSS','',' : \" \"  Peri utkonos',128,'Item','/core/default/test-data',163),(17353,'2020-12-04 10:11:54','BOSS','',' : \" \"  Peri utkonos',128,'Item','/core/default/test-data',164),(17354,'2020-12-04 10:11:54','BOSS','',' : \"\"  Peri utkonos',128,'Item','/core/default/test-data',165),(17355,'2020-12-04 10:11:54','BOSS','',' : \"\"  Peri utkonos',128,'Item','/core/default/test-data',166),(17356,'2020-12-04 10:11:54','BOSS','',' : \"\"  Peri utkonos',128,'Item','/core/default/test-data',167),(17357,'2020-12-04 10:11:54','BOSS','',' : \"\"  Peri utkonos',128,'Item','/core/default/test-data',168),(17358,'2020-12-04 10:11:55','BOSS','',' : \"\"  Peri utkonos',128,'Item','/core/default/test-data',169),(17359,'2020-12-04 10:11:55','BOSS','',' : \" \"  Peri utkonos',128,'Item','/core/default/test-data',170),(17360,'2020-12-04 10:11:55','BOSS','',' : \"\"  Peri utkonos',128,'Item','/core/default/test-data',171),(17361,'2020-12-04 10:11:55','BOSS','',' : \"\"  Peri utkonos',128,'Item','/core/default/test-data',172),(17362,'2020-12-04 10:11:55','BOSS','',' : \"\"  Peri utkonos',128,'Item','/core/default/test-data',173),(17363,'2020-12-04 10:11:56','BOSS','',' : \" \"  Peri utkonos',128,'Item','/core/default/test-data',174),(17364,'2020-12-04 10:11:56','BOSS','',' : \" \"  Peri utkonos',128,'Item','/core/default/test-data',175),(17365,'2020-12-04 10:11:56','BOSS','',' : \"\"  Peri utkonos',128,'Item','/core/default/test-data',176),(17366,'2020-12-04 10:11:56','BOSS','',' : \"\"  Peri utkonos',128,'Item','/core/default/test-data',177),(17367,'2020-12-04 10:11:56','BOSS','',' : \"  \"  Peri utkonos',128,'Item','/core/default/test-data',178),(17368,'2020-12-04 10:11:56','BOSS','',' : \"\"  Peri utkonos',128,'Item','/core/default/test-data',179),(17369,'2020-12-04 10:11:56','BOSS','',' : \"\"  Peri utkonos',128,'Item','/core/default/test-data',180),(17370,'2020-12-04 10:11:56','BOSS','',' : \"\"  Peri utkonos',128,'Item','/core/default/test-data',181),(17371,'2020-12-04 10:11:57','BOSS','',' : \"\"  Peri utkonos',128,'Item','/core/default/test-data',182),(17372,'2020-12-04 10:11:57','BOSS','',' : \" \"  Peri utkonos',128,'Item','/core/default/test-data',183),(17373,'2020-12-04 10:11:57','BOSS','',' : \" \"  Peri utkonos',128,'Item','/core/default/test-data',184),(17374,'2020-12-04 10:11:57','BOSS','',' : \" \"  Peri utkonos',128,'Item','/core/default/test-data',185),(17375,'2020-12-04 10:11:57','BOSS','',' : \" \"  Peri utkonos',128,'Item','/core/default/test-data',186),(17376,'2020-12-04 10:11:57','BOSS','',' : \" \"  Peri utkonos',128,'Item','/core/default/test-data',187),(17377,'2020-12-04 10:11:57','BOSS','',' : \"IOT -  \"  Peri utkonos',128,'Item','/core/default/test-data',188),(17378,'2020-12-04 10:11:57','BOSS','',' : \" \"  Peri utkonos',128,'Item','/core/default/test-data',189),(17379,'2020-12-04 10:11:58','BOSS','',' : \" \"  Peri utkonos',128,'Item','/core/default/test-data',190),(17380,'2020-12-04 10:11:58','BOSS','',' : \" \"  Peri utkonos',128,'Item','/core/default/test-data',191),(17381,'2020-12-04 10:11:58','BOSS','',' : \" \"  Peri utkonos',128,'Item','/core/default/test-data',192),(17382,'2020-12-04 10:11:58','BOSS','',' : \" \"  Peri utkonos',128,'Item','/core/default/test-data',193),(17383,'2020-12-04 10:11:58','ERP','',' : \" \"  Peri utkonos',128,'Field','/core/default/test-data',343),(17384,'2020-12-04 10:11:58','ERP','',' : \"  \"  Peri utkonos',128,'Field','/core/default/test-data',344),(17385,'2020-12-04 10:11:58','ERP','',' : \"\"  Peri utkonos',128,'Field','/core/default/test-data',345),(17386,'2020-12-04 10:11:59','ERP','',' : \"  \"  Peri utkonos',128,'Field','/core/default/test-data',346),(17387,'2020-12-04 10:11:59','ERP','',' : \" \"  Peri utkonos',128,'Field','/core/default/test-data',347),(17388,'2020-12-04 10:11:59','ERP','',' : \" \"  Peri utkonos',128,'Field','/core/default/test-data',348),(17389,'2020-12-04 10:11:59','ERP','',' : \" \"  Peri utkonos',128,'Field','/core/default/test-data',349),(17390,'2020-12-04 10:11:59','ERP','',' : \"  \"  Peri utkonos',128,'Field','/core/default/test-data',350),(17391,'2020-12-04 10:11:59','ERP','',' : \"\"  Peri utkonos',128,'Field','/core/default/test-data',351),(17392,'2020-12-04 10:11:59','ERP','','  :   Peri utkonos',128,'OverheadCost','/core/default/test-data',724),(17393,'2020-12-04 10:12:00','ERP','','  :   Peri utkonos',128,'OverheadCost','/core/default/test-data',725),(17394,'2020-12-04 10:12:00','ERP','','  :   Peri utkonos',128,'OverheadCost','/core/default/test-data',726),(17395,'2020-12-04 10:12:00','ERP','','  :   Peri utkonos',128,'OverheadCost','/core/default/test-data',727),(17396,'2020-12-04 10:12:01','ERP','','  :   Peri utkonos',128,'OverheadCost','/core/default/test-data',728),(17397,'2020-12-04 10:12:01','ERP','','  :   Peri utkonos',128,'OverheadCost','/core/default/test-data',729),(17398,'2020-12-04 10:12:01','ERP','','  :   Peri utkonos',128,'OverheadCost','/core/default/test-data',730),(17399,'2020-12-04 10:12:01','ERP','','  :   Peri utkonos',128,'OverheadCost','/core/default/test-data',731),(17400,'2020-12-04 10:12:01','ERP','','  :   Peri utkonos',128,'OverheadCost','/core/default/test-data',732),(17401,'2020-12-04 10:12:01','ERP','','  :   Peri utkonos',128,'OverheadCost','/core/default/test-data',733),(17402,'2020-12-04 10:12:01','ERP','','  :   Peri utkonos',128,'OverheadCost','/core/default/test-data',734),(17403,'2020-12-04 10:12:01','ERP','','  :   Peri utkonos',128,'OverheadCost','/core/default/test-data',735),(17404,'2020-12-04 10:12:01','ERP','','  :   Peri utkonos',128,'OverheadCost','/core/default/test-data',736),(17405,'2020-12-04 10:12:02','ERP','','  :   Peri utkonos',128,'OverheadCost','/core/default/test-data',737),(17406,'2020-12-04 10:12:02','ERP','','  :   Peri utkonos',128,'OverheadCost','/core/default/test-data',738),(17407,'2020-12-04 10:12:02','ERP','','  :   Peri utkonos',128,'OverheadCost','/core/default/test-data',739),(17408,'2020-12-04 10:12:02','ERP','','  :   Peri utkonos',128,'OverheadCost','/core/default/test-data',740),(17409,'2020-12-04 10:12:02','ERP','','  :   Peri utkonos',128,'OverheadCost','/core/default/test-data',741),(17410,'2020-12-04 10:12:02','ERP','','  :   Peri utkonos',128,'OverheadCost','/core/default/test-data',742),(17411,'2020-12-04 10:12:02','ERP','','  :   Peri utkonos',128,'OverheadCost','/core/default/test-data',743),(17412,'2020-12-04 10:12:03','ERP','','  :   Peri utkonos',128,'OverheadCost','/core/default/test-data',744),(17413,'2020-12-04 10:12:03','ERP','','  :   Peri utkonos',128,'OverheadCost','/core/default/test-data',745),(17414,'2020-12-04 10:12:03','ERP','','  :   Peri utkonos',128,'OverheadCost','/core/default/test-data',746),(17415,'2020-12-04 10:12:03','ERP','','  :   Peri utkonos',128,'OverheadCost','/core/default/test-data',747),(17416,'2020-12-04 10:12:03','ERP','','  :   Peri utkonos',128,'OverheadCost','/core/default/test-data',748),(17417,'2020-12-04 10:12:03','ERP','','  :   Peri utkonos',128,'OverheadCost','/core/default/test-data',749),(17418,'2020-12-04 10:12:03','ERP','','  :   Peri utkonos',128,'OverheadCost','/core/default/test-data',750),(17419,'2020-12-04 10:12:03','ERP','','  :   Peri utkonos',128,'OverheadCost','/core/default/test-data',751),(17420,'2020-12-04 10:12:03','ERP','','  :   Peri utkonos',128,'OverheadCost','/core/default/test-data',752),(17421,'2020-12-04 10:12:04','ERP','','  :   Peri utkonos',128,'OverheadCost','/core/default/test-data',753),(17422,'2020-12-04 10:12:04','ERP','','  :   Peri utkonos',128,'OverheadCost','/core/default/test-data',754),(17423,'2020-12-04 10:12:04','ERP','','  :   Peri utkonos',128,'OverheadCost','/core/default/test-data',755),(17424,'2020-12-04 10:12:04','ERP','','  :   Peri utkonos',128,'OverheadCost','/core/default/test-data',756),(17425,'2020-12-04 10:12:04','ERP','','  :   Peri utkonos',128,'OverheadCost','/core/default/test-data',757),(17426,'2020-12-04 10:12:04','ERP','','  :   Peri utkonos',128,'OverheadCost','/core/default/test-data',758),(17427,'2020-12-04 10:12:05','ERP','','  :   Peri utkonos',128,'OverheadCost','/core/default/test-data',759),(17428,'2020-12-04 10:12:05','ERP','','  :   Peri utkonos',128,'OverheadCost','/core/default/test-data',760),(17429,'2020-12-04 10:12:05','ERP','','  :   Peri utkonos',128,'OverheadCost','/core/default/test-data',761),(17430,'2020-12-04 10:12:05','ERP','','  :   Peri utkonos',128,'OverheadCost','/core/default/test-data',762),(17431,'2020-12-04 10:12:05','ERP','','  :   Peri utkonos',128,'OverheadCost','/core/default/test-data',763),(17432,'2020-12-04 10:12:05','ERP','','  :   Peri utkonos',128,'OverheadCost','/core/default/test-data',764),(17433,'2020-12-04 10:12:05','ERP','','  :   Peri utkonos',128,'OverheadCost','/core/default/test-data',765),(17434,'2020-12-04 10:12:06','ERP','',' : \"  \"  Peri utkonos',128,'Purchase','/core/default/test-data',206),(17435,'2020-12-04 10:12:06','ERP','',' : \"   \"  Peri utkonos',128,'Purchase','/core/default/test-data',207),(17436,'2020-12-04 10:12:06','ERP','',' : \"  \"  Peri utkonos',128,'Purchase','/core/default/test-data',208),(17437,'2020-12-04 10:12:06','ERP','',' : \"   \"  Peri utkonos',128,'Purchase','/core/default/test-data',209),(17438,'2020-12-04 10:12:07','CRM','','  :   Peri utkonos',128,'RequestStrategy','/core/default/test-data',7),(17439,'2020-12-04 10:12:07','CRM','','  :   Peri utkonos',128,'RequestStrategy','/core/default/test-data',8),(17440,'2020-12-04 10:12:07','CRM','','  :   Peri utkonos',128,'RequestStrategy','/core/default/test-data',9),(17441,'2020-12-04 10:12:07','CRM','','  :   Peri utkonos',128,'RequestStrategy','/core/default/test-data',10),(17442,'2020-12-04 10:12:08','CRM','','  :   Peri utkonos',128,'RequestStrategy','/core/default/test-data',11),(17443,'2020-12-04 10:12:08','CRM','','  :   Peri utkonos',128,'RequestStrategy','/core/default/test-data',12),(17444,'2020-12-04 10:12:08','CRM','',' :   Peri utkonos',128,'Answer','/core/default/test-data',13),(17445,'2020-12-04 10:12:08','CRM','',' :   Peri utkonos',128,'Answer','/core/default/test-data',14),(17446,'2020-12-04 10:12:08','CRM','',' :   Peri utkonos',128,'Answer','/core/default/test-data',15),(17447,'2020-12-04 10:12:09','CRM','',' :   Peri utkonos',128,'Answer','/core/default/test-data',16),(17448,'2020-12-04 10:12:09','CRM','',' :   Peri utkonos',128,'Answer','/core/default/test-data',17),(17449,'2020-12-04 10:12:09','CRM','',' :   Peri utkonos',128,'Answer','/core/default/test-data',18),(17450,'2020-12-04 10:12:09','CRM','',' :   Peri utkonos',128,'Answer','/core/default/test-data',19),(17451,'2020-12-04 10:12:09','CRM','',' :   Peri utkonos',128,'Answer','/core/default/test-data',20),(17452,'2020-12-04 10:12:09','CRM','',' :   Peri utkonos',128,'Answer','/core/default/test-data',21),(17453,'2020-12-04 10:12:10','CRM','',' :   Peri utkonos',128,'Answer','/core/default/test-data',22),(17454,'2020-12-04 10:12:10','CRM','',' :   Peri utkonos',128,'Answer','/core/default/test-data',23),(17455,'2020-12-04 10:12:10','CRM','',' :   Peri utkonos',128,'Answer','/core/default/test-data',24),(17456,'2020-12-04 10:12:10','HRM','',' : \"-\"  Peri utkonos',128,'Interview','/core/default/test-data',4),(17457,'2020-12-04 10:12:10','HRM','',' : \"-\"  Peri utkonos',128,'Interview','/core/default/test-data',5),(17458,'2020-12-04 10:12:11','HRM','',' : \"-\"  Peri utkonos',128,'Interview','/core/default/test-data',6),(17459,'2020-12-04 10:12:11','CRM','',' : \"1111\"  Peri utkonos',128,'Selling','/core/default/test-data',4),(17460,'2020-12-04 10:12:11','CRM','',' : \"2\"  Peri utkonos',128,'Selling','/core/default/test-data',5),(17461,'2020-12-04 10:12:11','CRM','',' : \"3\"  Peri utkonos',128,'Selling','/core/default/test-data',6),(17462,'2020-12-04 10:12:12','ERP','',' () : \"     2\"  Peri utkonos',128,'Transit','/core/default/test-data',3),(17463,'2020-12-04 10:12:12','ERP','',' () : \"     2\"  Peri utkonos',128,'Transit','/core/default/test-data',4),(17464,'2020-12-04 10:14:58','BOSS','',' ',129,'Login','/signup/zaglushka',1),(17465,'2020-12-04 10:15:26','BOSS','',' ',129,'Login','/signup/zaglushka',1),(17466,'2020-12-04 10:15:27','CRM','',' : \" -\"  Jambo',129,'Customer','/core/default/test-data',147),(17467,'2020-12-04 10:15:27','CRM','',' : \"\"  Jambo',129,'Customer','/core/default/test-data',148),(17468,'2020-12-04 10:15:27','ERP','',' : \"Meizu\"  Jambo',129,'Manufacturer','/core/default/test-data',28),(17469,'2020-12-04 10:15:28','ERP','',' : \"Realme\"  Jambo',129,'Manufacturer','/core/default/test-data',29),(17470,'2020-12-04 10:15:28','ERP','',' : \"Huawei\"  Jambo',129,'Manufacturer','/core/default/test-data',30),(17471,'2020-12-04 10:15:28','ERP','',' : \"Samsung\"  Jambo',129,'Manufacturer','/core/default/test-data',31),(17472,'2020-12-04 10:15:28','ERP','',' : \"Apple\"  Jambo',129,'Manufacturer','/core/default/test-data',32),(17473,'2020-12-04 10:15:29','ERP','',' : \"Nokia\"  Jambo',129,'Manufacturer','/core/default/test-data',33),(17474,'2020-12-04 10:15:29','ERP','',' : \"Xiaomi\"  Jambo',129,'Manufacturer','/core/default/test-data',34),(17475,'2020-12-04 10:15:29','ERP','',' : \"Alcatel\"  Jambo',129,'Manufacturer','/core/default/test-data',35),(17476,'2020-12-04 10:15:29','ERP','',' : \"Sigma\"  Jambo',129,'Manufacturer','/core/default/test-data',36),(17477,'2020-12-04 10:15:29','ERP','',' : \"\"  Jambo',129,'Type','/core/default/test-data',21),(17478,'2020-12-04 10:15:30','ERP','',' : \"\"  Jambo',129,'Type','/core/default/test-data',22),(17479,'2020-12-04 10:15:30','ERP','',' : \"\"  Jambo',129,'Type','/core/default/test-data',23),(17480,'2020-12-04 10:15:30','ERP','',' : \"\"  Jambo',129,'Type','/core/default/test-data',24),(17481,'2020-12-04 10:15:30','ERP','',' : \" \"  Jambo',129,'Type','/core/default/test-data',25),(17482,'2020-12-04 10:15:30','ERP','',' : \"\"  Jambo',129,'Type','/core/default/test-data',26),(17483,'2020-12-04 10:15:30','ERP','',' : \"\"  Jambo',129,'Type','/core/default/test-data',27),(17484,'2020-12-04 10:15:30','ERP','',' : \" \"  Jambo',129,'Type','/core/default/test-data',28),(17485,'2020-12-04 10:15:31','ERP','',' : \"\"  Jambo',129,'PackUnit','/core/default/test-data',8),(17486,'2020-12-04 10:15:31','ERP','',' : \"\"  Jambo',129,'PackUnit','/core/default/test-data',9),(17487,'2020-12-04 10:15:31','ERP','',' : \"  \"  Jambo',129,'Supplier','/core/default/test-data',11),(17488,'2020-12-04 10:15:31','ERP','',' : \" - \"  Jambo',129,'Supplier','/core/default/test-data',12),(17489,'2020-12-04 10:15:31','ERP','',' : \"  \"  Jambo',129,'Supplier','/core/default/test-data',13),(17490,'2020-12-04 10:15:32','ERP','',' : \" - \"  Jambo',129,'Supplier','/core/default/test-data',14),(17491,'2020-12-04 10:15:32','BOSS','',' : \"\"  Jambo',129,'Currency','/core/default/test-data',107),(17492,'2020-12-04 10:15:32','BOSS','',' : \"\"  Jambo',129,'Currency','/core/default/test-data',108),(17493,'2020-12-04 10:15:32','ERP','','  : \" 3 \"  Jambo',129,'TaxRate','/core/default/test-data',10),(17494,'2020-12-04 10:15:32','ERP','','  : \" 2 \"  Jambo',129,'TaxRate','/core/default/test-data',11),(17495,'2020-12-04 10:15:32','ERP','','  : \"\"  Jambo',129,'TaxRate','/core/default/test-data',12),(17496,'2020-12-04 10:15:33','HRM','',' : \" \"  Jambo',129,'Vacancy','/core/default/test-data',94),(17497,'2020-12-04 10:15:33','HRM','',' : \"  \"  Jambo',129,'Vacancy','/core/default/test-data',95),(17498,'2020-12-04 10:15:33','HRM','',' : \"    \"  Jambo',129,'Vacancy','/core/default/test-data',96),(17499,'2020-12-04 10:15:33','HRM','',' : \"  \"  Jambo',129,'Vacancy','/core/default/test-data',97),(17500,'2020-12-04 10:15:33','HRM','',' : \"\"  Jambo',129,'Worker','/core/default/test-data',9),(17501,'2020-12-04 10:15:33','HRM','',' : \" \"  Jambo',129,'Worker','/core/default/test-data',10),(17502,'2020-12-04 10:15:34','HRM','',' : \"\"  Jambo',129,'Worker','/core/default/test-data',11),(17503,'2020-12-04 10:15:34','HRM','',' : \"\"  Jambo',129,'Worker','/core/default/test-data',12),(17504,'2020-12-04 10:15:34','HRM','',' : \"\"  Jambo',129,'Worker','/core/default/test-data',13),(17505,'2020-12-04 10:15:34','HRM','',' : \" \"  Jambo',129,'Worker','/core/default/test-data',14),(17506,'2020-12-04 10:15:34','HRM','',' : \"\"  Jambo',129,'Worker','/core/default/test-data',15),(17507,'2020-12-04 10:15:34','HRM','',' : \"\"  Jambo',129,'Worker','/core/default/test-data',16),(17508,'2020-12-04 10:15:35','HRM','',' : \"   1  2\"  Jambo',129,'Project','/core/default/test-data',14),(17509,'2020-12-04 10:15:35','HRM','',' : \" \"  Jambo',129,'Project','/core/default/test-data',15),(17510,'2020-12-04 10:15:35','HRM','',' : \"   1  2\"  Jambo',129,'Project','/core/default/test-data',16),(17511,'2020-12-04 10:15:35','CRM','',' : \"     \"  Jambo',129,'Strategy','/core/default/test-data',5),(17512,'2020-12-04 10:15:35','CRM','',' : \" \"  Jambo',129,'Strategy','/core/default/test-data',6),(17513,'2020-12-04 10:15:35','CRM','',' : \"     \"  Jambo',129,'Strategy','/core/default/test-data',7),(17514,'2020-12-04 10:15:36','CRM','',' :   Jambo',129,'Request','/core/default/test-data',13),(17515,'2020-12-04 10:15:36','CRM','',' :   Jambo',129,'Request','/core/default/test-data',14),(17516,'2020-12-04 10:15:36','CRM','',' :   Jambo',129,'Request','/core/default/test-data',15),(17517,'2020-12-04 10:15:36','CRM','',' :   Jambo',129,'Request','/core/default/test-data',16),(17518,'2020-12-04 10:15:36','CRM','',' :   Jambo',129,'Request','/core/default/test-data',17),(17519,'2020-12-04 10:15:36','CRM','',' :   Jambo',129,'Request','/core/default/test-data',18),(17520,'2020-12-04 10:15:37','ERP','',' : \"  \"  Jambo',129,'Purchase','/core/default/test-data',210),(17521,'2020-12-04 10:15:37','ERP','',' : \"   \"  Jambo',129,'Purchase','/core/default/test-data',211),(17522,'2020-12-04 10:15:37','ERP','',' : \"\"  Jambo',129,'Category','/core/default/test-data',196),(17523,'2020-12-04 10:15:37','ERP','',' : \"\"  Jambo',129,'Category','/core/default/test-data',197),(17524,'2020-12-04 10:15:37','ERP','',' : \" \"  Jambo',129,'Category','/core/default/test-data',198),(17525,'2020-12-04 10:15:38','ERP','',' : \"\"  Jambo',129,'Category','/core/default/test-data',199),(17526,'2020-12-04 10:15:38','ERP','',' : \"  Meizu M10 3/32GB Black\"  Jambo',129,'Product','/core/default/test-data',266),(17527,'2020-12-04 10:15:38','ERP','',' : \"  Realme 6 8/128GB White\"  Jambo',129,'Product','/core/default/test-data',267),(17528,'2020-12-04 10:15:38','ERP','',' : \"  Huawei P Smart 2021 128GB Gold\"  Jambo',129,'Product','/core/default/test-data',268),(17529,'2020-12-04 10:15:38','ERP','',' : \"  Samsung Galaxy Note 10 Lite (SM-N770) 6/128GB Aura Silver (SM-N770FZSDSEK)\"  Jambo',129,'Product','/core/default/test-data',269),(17530,'2020-12-04 10:15:39','ERP','',' : \"  Apple iPhone 11 128GB PRODUCT Red  \"  Jambo',129,'Product','/core/default/test-data',270),(17531,'2020-12-04 10:15:39','ERP','',' : \"  Nokia 3.4 3/64GB Fjord\"  Jambo',129,'Product','/core/default/test-data',271),(17532,'2020-12-04 10:15:39','ERP','',' : \"  Xiaomi Redmi Note 9 Pro 6/128GB Interstellar Grey\"  Jambo',129,'Product','/core/default/test-data',272),(17533,'2020-12-04 10:15:39','ERP','',' : \"  Nokia 150 TA-1235 DualSim Black (16GMNB01A16)\"  Jambo',129,'Product','/core/default/test-data',273),(17534,'2020-12-04 10:15:39','ERP','',' : \"  Alcatel 3025 Single SIM Metallic Gray (3025X-2AALUA1)\"  Jambo',129,'Product','/core/default/test-data',274),(17535,'2020-12-04 10:15:40','ERP','',' : \"  Sigma mobile Comfort 50 Shell Duo Black-Red\"  Jambo',129,'Product','/core/default/test-data',275),(17536,'2020-12-04 10:15:40','ERP','',' () : \"     2\"  Jambo',129,'Transit','/core/default/test-data',5),(17537,'2020-12-04 10:15:40','ERP','',' () : \"     2\"  Jambo',129,'Transit','/core/default/test-data',6),(17538,'2020-12-04 10:15:40','CRM','',' : \" \"  Jambo',129,'State','/core/default/test-data',18),(17539,'2020-12-04 10:15:40','CRM','',' : \"\"  Jambo',129,'State','/core/default/test-data',19),(17540,'2020-12-04 10:15:40','CRM','',' : \" \"  Jambo',129,'State','/core/default/test-data',20),(17541,'2020-12-04 10:15:41','CRM','',' : \" \"  Jambo',129,'State','/core/default/test-data',21),(17542,'2020-12-04 10:15:41','CRM','',' : \" \"  Jambo',129,'State','/core/default/test-data',22),(17543,'2020-12-04 10:15:41','CRM','',' : \" \"  Jambo',129,'State','/core/default/test-data',23),(17544,'2020-12-04 10:15:41','CRM','',' : \"\"  Jambo',129,'State','/core/default/test-data',24),(17545,'2020-12-04 10:15:41','CRM','',' : \"\"  Jambo',129,'State','/core/default/test-data',25),(17546,'2020-12-04 10:15:41','CRM','','   :   Jambo',129,'StateToState','/core/default/test-data',537),(17547,'2020-12-04 10:15:42','CRM','','   :   Jambo',129,'StateToState','/core/default/test-data',538),(17548,'2020-12-04 10:15:42','CRM','','   :   Jambo',129,'StateToState','/core/default/test-data',539),(17549,'2020-12-04 10:15:42','CRM','','   :   Jambo',129,'StateToState','/core/default/test-data',540),(17550,'2020-12-04 10:15:42','CRM','','   :   Jambo',129,'StateToState','/core/default/test-data',541),(17551,'2020-12-04 10:15:42','CRM','','   :   Jambo',129,'StateToState','/core/default/test-data',542),(17552,'2020-12-04 10:15:43','CRM','','   :   Jambo',129,'StateToState','/core/default/test-data',543),(17553,'2020-12-04 10:15:43','CRM','','   :   Jambo',129,'StateToState','/core/default/test-data',544),(17554,'2020-12-04 10:15:43','CRM','','   :   Jambo',129,'StateToState','/core/default/test-data',545),(17555,'2020-12-04 10:15:44','CRM','','   :   Jambo',129,'StateToState','/core/default/test-data',546),(17556,'2020-12-04 10:15:44','CRM','','   :   Jambo',129,'StateToState','/core/default/test-data',547),(17557,'2020-12-04 10:15:44','CRM','','   :   Jambo',129,'StateToState','/core/default/test-data',548),(17558,'2020-12-04 10:15:44','CRM','','   :   Jambo',129,'StateToState','/core/default/test-data',549),(17559,'2020-12-04 10:15:44','CRM','','   :   Jambo',129,'StateToState','/core/default/test-data',550),(17560,'2020-12-04 10:15:44','CRM','','   :   Jambo',129,'StateToState','/core/default/test-data',551),(17561,'2020-12-04 10:15:45','ERP','',' : \"   (2)\"  Jambo',129,'Warehouse','/core/default/test-data',86),(17562,'2020-12-04 10:15:45','ERP','','  :   Jambo',129,'WarehouseUser','/core/default/test-data',76),(17563,'2020-12-04 10:15:45','ERP','',' : \"  \"  Jambo',129,'Warehouse','/core/default/test-data',87),(17564,'2020-12-04 10:15:45','ERP','','  :   Jambo',129,'WarehouseUser','/core/default/test-data',77),(17565,'2020-12-04 10:15:45','ERP','','  : \"  Samsung Galaxy Note 10 Lite (SM-N770) 6/128GB Aura Silver (SM-N770FZSDSEK)\"  Jambo',129,'WarehouseProduct','/core/default/test-data',11),(17566,'2020-12-04 10:15:46','ERP','','  : \"  Meizu M10 3/32GB Black\"  Jambo',129,'WarehouseProduct','/core/default/test-data',12),(17567,'2020-12-04 10:15:46','ERP','','  : \"  Xiaomi Redmi Note 9 Pro 6/128GB Interstellar Grey\"  Jambo',129,'WarehouseProduct','/core/default/test-data',13),(17568,'2020-12-04 10:15:46','ERP','','  : \"  Huawei P Smart 2021 128GB Gold\"  Jambo',129,'WarehouseProduct','/core/default/test-data',14),(17569,'2020-12-04 10:15:47','BOSS','',' : \" \"  Jambo',129,'Regularity','/core/default/test-data',165),(17570,'2020-12-04 10:15:47','BOSS','',' : \"\"  Jambo',129,'Regularity','/core/default/test-data',166),(17571,'2020-12-04 10:15:47','BOSS','',' : \" \"  Jambo',129,'Regularity','/core/default/test-data',167),(17572,'2020-12-04 10:15:47','BOSS','',' : \"\"  Jambo',129,'Regularity','/core/default/test-data',168),(17573,'2020-12-04 10:15:47','BOSS','',' : \"\"  Jambo',129,'Regularity','/core/default/test-data',169),(17574,'2020-12-04 10:15:47','BOSS','',' : \" \"  Jambo',129,'Regularity','/core/default/test-data',170),(17575,'2020-12-04 10:15:47','BOSS','',' : \"\"  Jambo',129,'Item','/core/default/test-data',194),(17576,'2020-12-04 10:15:48','BOSS','',' : \"\"  Jambo',129,'Item','/core/default/test-data',195),(17577,'2020-12-04 10:15:48','BOSS','',' : \"\"  Jambo',129,'Item','/core/default/test-data',196),(17578,'2020-12-04 10:15:48','BOSS','',' : \" \"  Jambo',129,'Item','/core/default/test-data',197),(17579,'2020-12-04 10:15:48','BOSS','',' : \"\"  Jambo',129,'Item','/core/default/test-data',198),(17580,'2020-12-04 10:15:48','BOSS','',' : \"\"  Jambo',129,'Item','/core/default/test-data',199),(17581,'2020-12-04 10:15:48','BOSS','',' : \" \"  Jambo',129,'Item','/core/default/test-data',200),(17582,'2020-12-04 10:15:48','BOSS','',' : \" \"  Jambo',129,'Item','/core/default/test-data',201),(17583,'2020-12-04 10:15:48','BOSS','',' : \" \"  Jambo',129,'Item','/core/default/test-data',202),(17584,'2020-12-04 10:15:48','BOSS','',' : \"\"  Jambo',129,'Item','/core/default/test-data',203),(17585,'2020-12-04 10:15:49','BOSS','',' : \"\"  Jambo',129,'Item','/core/default/test-data',204),(17586,'2020-12-04 10:15:49','BOSS','',' : \"\"  Jambo',129,'Item','/core/default/test-data',205),(17587,'2020-12-04 10:15:49','BOSS','',' : \"\"  Jambo',129,'Item','/core/default/test-data',206),(17588,'2020-12-04 10:15:49','BOSS','',' : \"\"  Jambo',129,'Item','/core/default/test-data',207),(17589,'2020-12-04 10:15:49','BOSS','',' : \" \"  Jambo',129,'Item','/core/default/test-data',208),(17590,'2020-12-04 10:15:49','BOSS','',' : \"\"  Jambo',129,'Item','/core/default/test-data',209),(17591,'2020-12-04 10:15:49','BOSS','',' : \"\"  Jambo',129,'Item','/core/default/test-data',210),(17592,'2020-12-04 10:15:49','BOSS','',' : \"\"  Jambo',129,'Item','/core/default/test-data',211),(17593,'2020-12-04 10:15:50','BOSS','',' : \" \"  Jambo',129,'Item','/core/default/test-data',212),(17594,'2020-12-04 10:15:50','BOSS','',' : \" \"  Jambo',129,'Item','/core/default/test-data',213),(17595,'2020-12-04 10:15:50','BOSS','',' : \"\"  Jambo',129,'Item','/core/default/test-data',214),(17596,'2020-12-04 10:15:50','BOSS','',' : \"\"  Jambo',129,'Item','/core/default/test-data',215),(17597,'2020-12-04 10:15:50','BOSS','',' : \"  \"  Jambo',129,'Item','/core/default/test-data',216),(17598,'2020-12-04 10:15:50','BOSS','',' : \"\"  Jambo',129,'Item','/core/default/test-data',217),(17599,'2020-12-04 10:15:50','BOSS','',' : \"\"  Jambo',129,'Item','/core/default/test-data',218),(17600,'2020-12-04 10:15:50','BOSS','',' : \"\"  Jambo',129,'Item','/core/default/test-data',219),(17601,'2020-12-04 10:15:51','BOSS','',' : \"\"  Jambo',129,'Item','/core/default/test-data',220),(17602,'2020-12-04 10:15:51','BOSS','',' : \" \"  Jambo',129,'Item','/core/default/test-data',221),(17603,'2020-12-04 10:15:51','BOSS','',' : \" \"  Jambo',129,'Item','/core/default/test-data',222),(17604,'2020-12-04 10:15:51','BOSS','',' : \" \"  Jambo',129,'Item','/core/default/test-data',223),(17605,'2020-12-04 10:15:51','BOSS','',' : \" \"  Jambo',129,'Item','/core/default/test-data',224),(17606,'2020-12-04 10:15:51','BOSS','',' : \" \"  Jambo',129,'Item','/core/default/test-data',225),(17607,'2020-12-04 10:15:51','BOSS','',' : \"IOT -  \"  Jambo',129,'Item','/core/default/test-data',226),(17608,'2020-12-04 10:15:51','BOSS','',' : \" \"  Jambo',129,'Item','/core/default/test-data',227),(17609,'2020-12-04 10:15:52','BOSS','',' : \" \"  Jambo',129,'Item','/core/default/test-data',228),(17610,'2020-12-04 10:15:52','BOSS','',' : \" \"  Jambo',129,'Item','/core/default/test-data',229),(17611,'2020-12-04 10:15:52','BOSS','',' : \" \"  Jambo',129,'Item','/core/default/test-data',230),(17612,'2020-12-04 10:15:52','BOSS','',' : \" \"  Jambo',129,'Item','/core/default/test-data',231),(17613,'2020-12-04 10:15:52','ERP','',' : \" \"  Jambo',129,'Field','/core/default/test-data',352),(17614,'2020-12-04 10:15:52','ERP','',' : \"  \"  Jambo',129,'Field','/core/default/test-data',353),(17615,'2020-12-04 10:15:52','ERP','',' : \"\"  Jambo',129,'Field','/core/default/test-data',354),(17616,'2020-12-04 10:15:52','ERP','',' : \"  \"  Jambo',129,'Field','/core/default/test-data',355),(17617,'2020-12-04 10:15:52','ERP','',' : \" \"  Jambo',129,'Field','/core/default/test-data',356),(17618,'2020-12-04 10:15:53','ERP','',' : \" \"  Jambo',129,'Field','/core/default/test-data',357),(17619,'2020-12-04 10:15:53','ERP','',' : \" \"  Jambo',129,'Field','/core/default/test-data',358),(17620,'2020-12-04 10:15:53','ERP','',' : \"  \"  Jambo',129,'Field','/core/default/test-data',359),(17621,'2020-12-04 10:15:53','ERP','',' : \"\"  Jambo',129,'Field','/core/default/test-data',360),(17622,'2020-12-04 10:15:53','ERP','',' : \" \"  Jambo',129,'Field','/core/default/test-data',361),(17623,'2020-12-04 10:15:53','ERP','',' : \"  \"  Jambo',129,'Field','/core/default/test-data',362),(17624,'2020-12-04 10:15:53','ERP','',' : \"\"  Jambo',129,'Field','/core/default/test-data',363),(17625,'2020-12-04 10:15:53','ERP','',' : \"  \"  Jambo',129,'Field','/core/default/test-data',364),(17626,'2020-12-04 10:15:53','ERP','',' : \" \"  Jambo',129,'Field','/core/default/test-data',365),(17627,'2020-12-04 10:15:54','ERP','',' : \" \"  Jambo',129,'Field','/core/default/test-data',366),(17628,'2020-12-04 10:15:54','ERP','',' : \" \"  Jambo',129,'Field','/core/default/test-data',367),(17629,'2020-12-04 10:15:54','ERP','',' : \"  \"  Jambo',129,'Field','/core/default/test-data',368),(17630,'2020-12-04 10:15:54','ERP','',' : \"\"  Jambo',129,'Field','/core/default/test-data',369),(17631,'2020-12-04 10:15:54','ERP','','  :   Jambo',129,'OverheadCost','/core/default/test-data',766),(17632,'2020-12-04 10:15:54','ERP','','  :   Jambo',129,'OverheadCost','/core/default/test-data',767),(17633,'2020-12-04 10:15:54','ERP','','  :   Jambo',129,'OverheadCost','/core/default/test-data',768),(17634,'2020-12-04 10:15:54','ERP','','  :   Jambo',129,'OverheadCost','/core/default/test-data',769),(17635,'2020-12-04 10:15:54','ERP','','  :   Jambo',129,'OverheadCost','/core/default/test-data',770),(17636,'2020-12-04 10:15:55','ERP','','  :   Jambo',129,'OverheadCost','/core/default/test-data',771),(17637,'2020-12-04 10:15:55','ERP','','  :   Jambo',129,'OverheadCost','/core/default/test-data',772),(17638,'2020-12-04 10:15:55','ERP','','  :   Jambo',129,'OverheadCost','/core/default/test-data',773),(17639,'2020-12-04 10:15:55','ERP','','  :   Jambo',129,'OverheadCost','/core/default/test-data',774),(17640,'2020-12-04 10:15:55','ERP','','  :   Jambo',129,'OverheadCost','/core/default/test-data',775),(17641,'2020-12-04 10:15:55','ERP','','  :   Jambo',129,'OverheadCost','/core/default/test-data',776),(17642,'2020-12-04 10:15:55','ERP','','  :   Jambo',129,'OverheadCost','/core/default/test-data',777),(17643,'2020-12-04 10:15:55','ERP','','  :   Jambo',129,'OverheadCost','/core/default/test-data',778),(17644,'2020-12-04 10:15:55','ERP','','  :   Jambo',129,'OverheadCost','/core/default/test-data',779),(17645,'2020-12-04 10:15:56','ERP','','  :   Jambo',129,'OverheadCost','/core/default/test-data',780),(17646,'2020-12-04 10:15:56','ERP','','  :   Jambo',129,'OverheadCost','/core/default/test-data',781),(17647,'2020-12-04 10:15:56','ERP','','  :   Jambo',129,'OverheadCost','/core/default/test-data',782),(17648,'2020-12-04 10:15:56','ERP','','  :   Jambo',129,'OverheadCost','/core/default/test-data',783),(17649,'2020-12-04 10:15:56','ERP','','  :   Jambo',129,'OverheadCost','/core/default/test-data',784),(17650,'2020-12-04 10:15:56','ERP','','  :   Jambo',129,'OverheadCost','/core/default/test-data',785),(17651,'2020-12-04 10:15:56','ERP','','  :   Jambo',129,'OverheadCost','/core/default/test-data',786),(17652,'2020-12-04 10:15:56','ERP','','  :   Jambo',129,'OverheadCost','/core/default/test-data',787),(17653,'2020-12-04 10:15:57','ERP','','  :   Jambo',129,'OverheadCost','/core/default/test-data',788),(17654,'2020-12-04 10:15:57','ERP','','  :   Jambo',129,'OverheadCost','/core/default/test-data',789),(17655,'2020-12-04 10:15:57','ERP','','  :   Jambo',129,'OverheadCost','/core/default/test-data',790),(17656,'2020-12-04 10:15:57','ERP','','  :   Jambo',129,'OverheadCost','/core/default/test-data',791),(17657,'2020-12-04 10:15:57','ERP','','  :   Jambo',129,'OverheadCost','/core/default/test-data',792),(17658,'2020-12-04 10:15:57','ERP','','  :   Jambo',129,'OverheadCost','/core/default/test-data',793),(17659,'2020-12-04 10:15:57','ERP','','  :   Jambo',129,'OverheadCost','/core/default/test-data',794),(17660,'2020-12-04 10:15:57','ERP','','  :   Jambo',129,'OverheadCost','/core/default/test-data',795),(17661,'2020-12-04 10:15:57','ERP','','  :   Jambo',129,'OverheadCost','/core/default/test-data',796),(17662,'2020-12-04 10:15:58','ERP','','  :   Jambo',129,'OverheadCost','/core/default/test-data',797),(17663,'2020-12-04 10:15:58','ERP','','  :   Jambo',129,'OverheadCost','/core/default/test-data',798),(17664,'2020-12-04 10:15:58','ERP','','  :   Jambo',129,'OverheadCost','/core/default/test-data',799),(17665,'2020-12-04 10:15:58','ERP','','  :   Jambo',129,'OverheadCost','/core/default/test-data',800),(17666,'2020-12-04 10:15:58','ERP','','  :   Jambo',129,'OverheadCost','/core/default/test-data',801),(17667,'2020-12-04 10:15:58','ERP','','  :   Jambo',129,'OverheadCost','/core/default/test-data',802),(17668,'2020-12-04 10:15:58','ERP','','  :   Jambo',129,'OverheadCost','/core/default/test-data',803),(17669,'2020-12-04 10:15:58','ERP','','  :   Jambo',129,'OverheadCost','/core/default/test-data',804),(17670,'2020-12-04 10:15:58','ERP','','  :   Jambo',129,'OverheadCost','/core/default/test-data',805),(17671,'2020-12-04 10:15:59','ERP','','  :   Jambo',129,'OverheadCost','/core/default/test-data',806),(17672,'2020-12-04 10:15:59','ERP','','  :   Jambo',129,'OverheadCost','/core/default/test-data',807),(17673,'2020-12-04 10:15:59','ERP','',' : \"  \"  Jambo',129,'Purchase','/core/default/test-data',212),(17674,'2020-12-04 10:15:59','ERP','',' : \"   \"  Jambo',129,'Purchase','/core/default/test-data',213),(17675,'2020-12-04 10:15:59','ERP','',' : \"  \"  Jambo',129,'Purchase','/core/default/test-data',214),(17676,'2020-12-04 10:16:00','ERP','',' : \"   \"  Jambo',129,'Purchase','/core/default/test-data',215),(17677,'2020-12-04 10:16:00','ERP','',' : \"  \"  Jambo',129,'Purchase','/core/default/test-data',216),(17678,'2020-12-04 10:16:00','ERP','',' : \"   \"  Jambo',129,'Purchase','/core/default/test-data',217),(17679,'2020-12-04 10:16:00','CRM','','  :   Jambo',129,'RequestStrategy','/core/default/test-data',13),(17680,'2020-12-04 10:16:01','CRM','','  :   Jambo',129,'RequestStrategy','/core/default/test-data',14),(17681,'2020-12-04 10:16:01','CRM','','  :   Jambo',129,'RequestStrategy','/core/default/test-data',15),(17682,'2020-12-04 10:16:01','CRM','','  :   Jambo',129,'RequestStrategy','/core/default/test-data',16),(17683,'2020-12-04 10:16:01','CRM','','  :   Jambo',129,'RequestStrategy','/core/default/test-data',17),(17684,'2020-12-04 10:16:01','CRM','','  :   Jambo',129,'RequestStrategy','/core/default/test-data',18),(17685,'2020-12-04 10:16:02','CRM','',' :   Jambo',129,'Answer','/core/default/test-data',25),(17686,'2020-12-04 10:16:02','CRM','',' :   Jambo',129,'Answer','/core/default/test-data',26),(17687,'2020-12-04 10:16:02','CRM','',' :   Jambo',129,'Answer','/core/default/test-data',27),(17688,'2020-12-04 10:16:02','CRM','',' :   Jambo',129,'Answer','/core/default/test-data',28),(17689,'2020-12-04 10:16:02','CRM','',' :   Jambo',129,'Answer','/core/default/test-data',29),(17690,'2020-12-04 10:16:02','CRM','',' :   Jambo',129,'Answer','/core/default/test-data',30),(17691,'2020-12-04 10:16:03','CRM','',' :   Jambo',129,'Answer','/core/default/test-data',31),(17692,'2020-12-04 10:16:03','CRM','',' :   Jambo',129,'Answer','/core/default/test-data',32),(17693,'2020-12-04 10:16:03','CRM','',' :   Jambo',129,'Answer','/core/default/test-data',33),(17694,'2020-12-04 10:16:03','CRM','',' :   Jambo',129,'Answer','/core/default/test-data',34),(17695,'2020-12-04 10:16:03','CRM','',' :   Jambo',129,'Answer','/core/default/test-data',35),(17696,'2020-12-04 10:16:04','CRM','',' :   Jambo',129,'Answer','/core/default/test-data',36),(17697,'2020-12-04 10:16:04','HRM','',' : \"-\"  Jambo',129,'Interview','/core/default/test-data',7),(17698,'2020-12-04 10:16:04','HRM','',' : \"-\"  Jambo',129,'Interview','/core/default/test-data',8),(17699,'2020-12-04 10:16:05','HRM','',' : \"-\"  Jambo',129,'Interview','/core/default/test-data',9),(17700,'2020-12-04 10:16:05','CRM','',' : \"1111\"  Jambo',129,'Selling','/core/default/test-data',7),(17701,'2020-12-04 10:16:05','CRM','',' : \"2\"  Jambo',129,'Selling','/core/default/test-data',8),(17702,'2020-12-04 10:16:05','CRM','',' : \"3\"  Jambo',129,'Selling','/core/default/test-data',9),(17703,'2020-12-04 10:16:05','ERP','',' () : \"     2\"  Jambo',129,'Transit','/core/default/test-data',7),(17704,'2020-12-04 10:16:06','ERP','',' () : \"     2\"  Jambo',129,'Transit','/core/default/test-data',8),(17705,'2020-12-04 10:16:06','ERP','',' () : \"     2\"  Jambo',129,'Transit','/core/default/test-data',9),(17706,'2020-12-04 11:49:08','BOSS','',' ',130,'Login','/signup/zaglushka',1),(17707,'2020-12-04 11:49:10','CRM','',' : \" -\"  Jambo',130,'Customer','/core/default/test-data',149),(17708,'2020-12-04 11:49:10','CRM','',' : \"\"  Jambo',130,'Customer','/core/default/test-data',150),(17709,'2020-12-04 11:49:11','CRM','',' : \"\"  Jambo',130,'Customer','/core/default/test-data',151),(17710,'2020-12-04 11:49:12','ERP','',' : \"Meizu\"  Jambo',130,'Manufacturer','/core/default/test-data',37),(17711,'2020-12-04 11:49:13','ERP','',' : \"Realme\"  Jambo',130,'Manufacturer','/core/default/test-data',38),(17712,'2020-12-04 11:49:13','ERP','',' : \"Huawei\"  Jambo',130,'Manufacturer','/core/default/test-data',39),(17713,'2020-12-04 11:49:14','ERP','',' : \"Samsung\"  Jambo',130,'Manufacturer','/core/default/test-data',40),(17714,'2020-12-04 11:49:14','ERP','',' : \"Apple\"  Jambo',130,'Manufacturer','/core/default/test-data',41),(17715,'2020-12-04 11:49:14','ERP','',' : \"Nokia\"  Jambo',130,'Manufacturer','/core/default/test-data',42),(17716,'2020-12-04 11:49:15','ERP','',' : \"Xiaomi\"  Jambo',130,'Manufacturer','/core/default/test-data',43),(17717,'2020-12-04 11:49:15','ERP','',' : \"Alcatel\"  Jambo',130,'Manufacturer','/core/default/test-data',44),(17718,'2020-12-04 11:49:16','ERP','',' : \"Sigma\"  Jambo',130,'Manufacturer','/core/default/test-data',45),(17719,'2020-12-04 11:49:16','ERP','',' : \"\"  Jambo',130,'Type','/core/default/test-data',29),(17720,'2020-12-04 11:49:16','ERP','',' : \"\"  Jambo',130,'Type','/core/default/test-data',30),(17721,'2020-12-04 11:49:16','ERP','',' : \"\"  Jambo',130,'Type','/core/default/test-data',31),(17722,'2020-12-04 11:49:16','ERP','',' : \"\"  Jambo',130,'Type','/core/default/test-data',32),(17723,'2020-12-04 11:49:17','ERP','',' : \" \"  Jambo',130,'Type','/core/default/test-data',33),(17724,'2020-12-04 11:49:17','ERP','',' : \"\"  Jambo',130,'Type','/core/default/test-data',34),(17725,'2020-12-04 11:49:17','ERP','',' : \"\"  Jambo',130,'Type','/core/default/test-data',35),(17726,'2020-12-04 11:49:17','ERP','',' : \" \"  Jambo',130,'Type','/core/default/test-data',36),(17727,'2020-12-04 11:49:18','ERP','',' : \"\"  Jambo',130,'PackUnit','/core/default/test-data',10),(17728,'2020-12-04 11:49:18','ERP','',' : \"\"  Jambo',130,'PackUnit','/core/default/test-data',11),(17729,'2020-12-04 11:49:18','ERP','',' : \"  \"  Jambo',130,'Supplier','/core/default/test-data',15),(17730,'2020-12-04 11:49:18','ERP','',' : \" - \"  Jambo',130,'Supplier','/core/default/test-data',16),(17731,'2020-12-04 11:49:18','ERP','',' : \"  \"  Jambo',130,'Supplier','/core/default/test-data',17),(17732,'2020-12-04 11:49:19','ERP','',' : \" - \"  Jambo',130,'Supplier','/core/default/test-data',18),(17733,'2020-12-04 11:49:19','BOSS','',' : \"\"  Jambo',130,'Currency','/core/default/test-data',109),(17734,'2020-12-04 11:49:19','BOSS','',' : \"\"  Jambo',130,'Currency','/core/default/test-data',110),(17735,'2020-12-04 11:49:19','ERP','','  : \" 3 \"  Jambo',130,'TaxRate','/core/default/test-data',13),(17736,'2020-12-04 11:49:20','ERP','','  : \" 2 \"  Jambo',130,'TaxRate','/core/default/test-data',14),(17737,'2020-12-04 11:49:20','ERP','','  : \"\"  Jambo',130,'TaxRate','/core/default/test-data',15),(17738,'2020-12-04 11:49:21','HRM','',' : \" \"  Jambo',130,'Vacancy','/core/default/test-data',98),(17739,'2020-12-04 11:49:21','HRM','',' : \"  \"  Jambo',130,'Vacancy','/core/default/test-data',99),(17740,'2020-12-04 11:49:21','HRM','',' : \"    \"  Jambo',130,'Vacancy','/core/default/test-data',100),(17741,'2020-12-04 11:49:21','HRM','',' : \"  \"  Jambo',130,'Vacancy','/core/default/test-data',101),(17742,'2020-12-04 11:49:21','HRM','',' : \"\"  Jambo',130,'Worker','/core/default/test-data',17),(17743,'2020-12-04 11:49:22','HRM','',' : \" \"  Jambo',130,'Worker','/core/default/test-data',18),(17744,'2020-12-04 11:49:22','HRM','',' : \"\"  Jambo',130,'Worker','/core/default/test-data',19),(17745,'2020-12-04 11:49:22','HRM','',' : \"\"  Jambo',130,'Worker','/core/default/test-data',20),(17746,'2020-12-04 11:49:22','HRM','',' : \"\"  Jambo',130,'Worker','/core/default/test-data',21),(17747,'2020-12-04 11:49:22','HRM','',' : \" \"  Jambo',130,'Worker','/core/default/test-data',22),(17748,'2020-12-04 11:49:23','HRM','',' : \"\"  Jambo',130,'Worker','/core/default/test-data',23),(17749,'2020-12-04 11:49:23','HRM','',' : \"\"  Jambo',130,'Worker','/core/default/test-data',24),(17750,'2020-12-04 11:49:23','HRM','',' : \"   1  2\"  Jambo',130,'Project','/core/default/test-data',17),(17751,'2020-12-04 11:49:23','HRM','',' : \" \"  Jambo',130,'Project','/core/default/test-data',18),(17752,'2020-12-04 11:49:23','HRM','',' : \"   1  2\"  Jambo',130,'Project','/core/default/test-data',19),(17753,'2020-12-04 11:49:24','CRM','',' : \"     \"  Jambo',130,'Strategy','/core/default/test-data',8),(17754,'2020-12-04 11:49:24','CRM','',' : \" \"  Jambo',130,'Strategy','/core/default/test-data',9),(17755,'2020-12-04 11:49:24','CRM','',' : \"     \"  Jambo',130,'Strategy','/core/default/test-data',10),(17756,'2020-12-04 11:49:24','CRM','',' : \"     \"  Jambo',130,'Strategy','/core/default/test-data',11),(17757,'2020-12-04 11:49:25','CRM','',' :   Jambo',130,'Request','/core/default/test-data',19),(17758,'2020-12-04 11:49:25','CRM','',' :   Jambo',130,'Request','/core/default/test-data',20),(17759,'2020-12-04 11:49:25','CRM','',' :   Jambo',130,'Request','/core/default/test-data',21),(17760,'2020-12-04 11:49:25','CRM','',' :   Jambo',130,'Request','/core/default/test-data',22),(17761,'2020-12-04 11:49:25','CRM','',' :   Jambo',130,'Request','/core/default/test-data',23),(17762,'2020-12-04 11:49:25','CRM','',' :   Jambo',130,'Request','/core/default/test-data',24),(17763,'2020-12-04 11:49:26','ERP','',' : \"  \"  Jambo',130,'Purchase','/core/default/test-data',218),(17764,'2020-12-04 11:49:26','ERP','',' : \"   \"  Jambo',130,'Purchase','/core/default/test-data',219),(17765,'2020-12-04 11:49:26','ERP','',' : \"\"  Jambo',130,'Category','/core/default/test-data',200),(17766,'2020-12-04 11:49:26','ERP','',' : \"\"  Jambo',130,'Category','/core/default/test-data',201),(17767,'2020-12-04 11:49:26','ERP','',' : \" \"  Jambo',130,'Category','/core/default/test-data',202),(17768,'2020-12-04 11:49:27','ERP','',' : \"\"  Jambo',130,'Category','/core/default/test-data',203),(17769,'2020-12-04 11:49:27','ERP','',' : \"  Meizu M10 3/32GB Black\"  Jambo',130,'Product','/core/default/test-data',276),(17770,'2020-12-04 11:49:27','ERP','',' : \"  Realme 6 8/128GB White\"  Jambo',130,'Product','/core/default/test-data',277),(17771,'2020-12-04 11:49:27','ERP','',' : \"  Huawei P Smart 2021 128GB Gold\"  Jambo',130,'Product','/core/default/test-data',278),(17772,'2020-12-04 11:49:28','ERP','',' : \"  Samsung Galaxy Note 10 Lite (SM-N770) 6/128GB Aura Silver (SM-N770FZSDSEK)\"  Jambo',130,'Product','/core/default/test-data',279),(17773,'2020-12-04 11:49:28','ERP','',' : \"  Apple iPhone 11 128GB PRODUCT Red  \"  Jambo',130,'Product','/core/default/test-data',280),(17774,'2020-12-04 11:49:28','ERP','',' : \"  Nokia 3.4 3/64GB Fjord\"  Jambo',130,'Product','/core/default/test-data',281),(17775,'2020-12-04 11:49:28','ERP','',' : \"  Xiaomi Redmi Note 9 Pro 6/128GB Interstellar Grey\"  Jambo',130,'Product','/core/default/test-data',282),(17776,'2020-12-04 11:49:28','ERP','',' : \"  Nokia 150 TA-1235 DualSim Black (16GMNB01A16)\"  Jambo',130,'Product','/core/default/test-data',283),(17777,'2020-12-04 11:49:28','ERP','',' : \"  Alcatel 3025 Single SIM Metallic Gray (3025X-2AALUA1)\"  Jambo',130,'Product','/core/default/test-data',284),(17778,'2020-12-04 11:49:29','ERP','',' : \"  Sigma mobile Comfort 50 Shell Duo Black-Red\"  Jambo',130,'Product','/core/default/test-data',285),(17779,'2020-12-04 11:49:29','ERP','',' () : \"     2\"  Jambo',130,'Transit','/core/default/test-data',10),(17780,'2020-12-04 11:49:29','ERP','',' () : \"     2\"  Jambo',130,'Transit','/core/default/test-data',11),(17781,'2020-12-04 11:49:30','ERP','',' () : \"     2\"  Jambo',130,'Transit','/core/default/test-data',12),(17782,'2020-12-04 11:49:30','CRM','',' : \" \"  Jambo',130,'State','/core/default/test-data',26),(17783,'2020-12-04 11:49:30','CRM','',' : \"\"  Jambo',130,'State','/core/default/test-data',27),(17784,'2020-12-04 11:49:30','CRM','',' : \" \"  Jambo',130,'State','/core/default/test-data',28),(17785,'2020-12-04 11:49:30','CRM','',' : \" \"  Jambo',130,'State','/core/default/test-data',29),(17786,'2020-12-04 11:49:31','CRM','',' : \" \"  Jambo',130,'State','/core/default/test-data',30),(17787,'2020-12-04 11:49:31','CRM','',' : \" \"  Jambo',130,'State','/core/default/test-data',31),(17788,'2020-12-04 11:49:31','CRM','',' : \"\"  Jambo',130,'State','/core/default/test-data',32),(17789,'2020-12-04 11:49:31','CRM','',' : \"\"  Jambo',130,'State','/core/default/test-data',33),(17790,'2020-12-04 11:49:32','CRM','','   :   Jambo',130,'StateToState','/core/default/test-data',552),(17791,'2020-12-04 11:49:32','CRM','','   :   Jambo',130,'StateToState','/core/default/test-data',553),(17792,'2020-12-04 11:49:33','CRM','','   :   Jambo',130,'StateToState','/core/default/test-data',554),(17793,'2020-12-04 11:49:33','CRM','','   :   Jambo',130,'StateToState','/core/default/test-data',555),(17794,'2020-12-04 11:49:33','CRM','','   :   Jambo',130,'StateToState','/core/default/test-data',556),(17795,'2020-12-04 11:49:33','CRM','','   :   Jambo',130,'StateToState','/core/default/test-data',557),(17796,'2020-12-04 11:49:34','CRM','','   :   Jambo',130,'StateToState','/core/default/test-data',558),(17797,'2020-12-04 11:49:34','CRM','','   :   Jambo',130,'StateToState','/core/default/test-data',559),(17798,'2020-12-04 11:49:34','CRM','','   :   Jambo',130,'StateToState','/core/default/test-data',560),(17799,'2020-12-04 11:49:34','CRM','','   :   Jambo',130,'StateToState','/core/default/test-data',561),(17800,'2020-12-04 11:49:35','CRM','','   :   Jambo',130,'StateToState','/core/default/test-data',562),(17801,'2020-12-04 11:49:35','CRM','','   :   Jambo',130,'StateToState','/core/default/test-data',563),(17802,'2020-12-04 11:49:35','CRM','','   :   Jambo',130,'StateToState','/core/default/test-data',564),(17803,'2020-12-04 11:49:36','CRM','','   :   Jambo',130,'StateToState','/core/default/test-data',565),(17804,'2020-12-04 11:49:36','CRM','','   :   Jambo',130,'StateToState','/core/default/test-data',566),(17805,'2020-12-04 11:49:36','ERP','',' : \"   (2)\"  Jambo',130,'Warehouse','/core/default/test-data',88),(17806,'2020-12-04 11:49:37','ERP','','  :   Jambo',130,'WarehouseUser','/core/default/test-data',78),(17807,'2020-12-04 11:49:37','ERP','',' : \"  \"  Jambo',130,'Warehouse','/core/default/test-data',89),(17808,'2020-12-04 11:49:37','ERP','','  :   Jambo',130,'WarehouseUser','/core/default/test-data',79),(17809,'2020-12-04 11:49:38','ERP','','  : \"  Samsung Galaxy Note 10 Lite (SM-N770) 6/128GB Aura Silver (SM-N770FZSDSEK)\"  Jambo',130,'WarehouseProduct','/core/default/test-data',15),(17810,'2020-12-04 11:49:38','ERP','','  : \"  Meizu M10 3/32GB Black\"  Jambo',130,'WarehouseProduct','/core/default/test-data',16),(17811,'2020-12-04 11:49:38','ERP','','  : \"  Xiaomi Redmi Note 9 Pro 6/128GB Interstellar Grey\"  Jambo',130,'WarehouseProduct','/core/default/test-data',17),(17812,'2020-12-04 11:49:38','ERP','','  : \"  Huawei P Smart 2021 128GB Gold\"  Jambo',130,'WarehouseProduct','/core/default/test-data',18),(17813,'2020-12-04 11:49:38','BOSS','',' : \" \"  Jambo',130,'Regularity','/core/default/test-data',171),(17814,'2020-12-04 11:49:39','BOSS','',' : \"\"  Jambo',130,'Regularity','/core/default/test-data',172),(17815,'2020-12-04 11:49:39','BOSS','',' : \" \"  Jambo',130,'Regularity','/core/default/test-data',173),(17816,'2020-12-04 11:49:39','BOSS','',' : \"\"  Jambo',130,'Regularity','/core/default/test-data',174),(17817,'2020-12-04 11:49:39','BOSS','',' : \"\"  Jambo',130,'Regularity','/core/default/test-data',175),(17818,'2020-12-04 11:49:39','BOSS','',' : \" \"  Jambo',130,'Regularity','/core/default/test-data',176),(17819,'2020-12-04 11:49:39','BOSS','',' : \"\"  Jambo',130,'Item','/core/default/test-data',232),(17820,'2020-12-04 11:49:39','BOSS','',' : \"\"  Jambo',130,'Item','/core/default/test-data',233),(17821,'2020-12-04 11:49:40','BOSS','',' : \"\"  Jambo',130,'Item','/core/default/test-data',234),(17822,'2020-12-04 11:49:40','BOSS','',' : \" \"  Jambo',130,'Item','/core/default/test-data',235),(17823,'2020-12-04 11:49:40','BOSS','',' : \"\"  Jambo',130,'Item','/core/default/test-data',236),(17824,'2020-12-04 11:49:40','BOSS','',' : \"\"  Jambo',130,'Item','/core/default/test-data',237),(17825,'2020-12-04 11:49:40','BOSS','',' : \" \"  Jambo',130,'Item','/core/default/test-data',238),(17826,'2020-12-04 11:49:41','BOSS','',' : \" \"  Jambo',130,'Item','/core/default/test-data',239),(17827,'2020-12-04 11:49:41','BOSS','',' : \" \"  Jambo',130,'Item','/core/default/test-data',240),(17828,'2020-12-04 11:49:41','BOSS','',' : \"\"  Jambo',130,'Item','/core/default/test-data',241),(17829,'2020-12-04 11:49:41','BOSS','',' : \"\"  Jambo',130,'Item','/core/default/test-data',242),(17830,'2020-12-04 11:49:41','BOSS','',' : \"\"  Jambo',130,'Item','/core/default/test-data',243),(17831,'2020-12-04 11:49:41','BOSS','',' : \"\"  Jambo',130,'Item','/core/default/test-data',244),(17832,'2020-12-04 11:49:42','BOSS','',' : \"\"  Jambo',130,'Item','/core/default/test-data',245),(17833,'2020-12-04 11:49:42','BOSS','',' : \" \"  Jambo',130,'Item','/core/default/test-data',246),(17834,'2020-12-04 11:49:42','BOSS','',' : \"\"  Jambo',130,'Item','/core/default/test-data',247),(17835,'2020-12-04 11:49:42','BOSS','',' : \"\"  Jambo',130,'Item','/core/default/test-data',248),(17836,'2020-12-04 11:49:42','BOSS','',' : \"\"  Jambo',130,'Item','/core/default/test-data',249),(17837,'2020-12-04 11:49:42','BOSS','',' : \" \"  Jambo',130,'Item','/core/default/test-data',250),(17838,'2020-12-04 11:49:42','BOSS','',' : \" \"  Jambo',130,'Item','/core/default/test-data',251),(17839,'2020-12-04 11:49:43','BOSS','',' : \"\"  Jambo',130,'Item','/core/default/test-data',252),(17840,'2020-12-04 11:49:43','BOSS','',' : \"\"  Jambo',130,'Item','/core/default/test-data',253),(17841,'2020-12-04 11:49:43','BOSS','',' : \"  \"  Jambo',130,'Item','/core/default/test-data',254),(17842,'2020-12-04 11:49:43','BOSS','',' : \"\"  Jambo',130,'Item','/core/default/test-data',255),(17843,'2020-12-04 11:49:43','BOSS','',' : \"\"  Jambo',130,'Item','/core/default/test-data',256),(17844,'2020-12-04 11:49:43','BOSS','',' : \"\"  Jambo',130,'Item','/core/default/test-data',257),(17845,'2020-12-04 11:49:44','BOSS','',' : \"\"  Jambo',130,'Item','/core/default/test-data',258),(17846,'2020-12-04 11:49:44','BOSS','',' : \" \"  Jambo',130,'Item','/core/default/test-data',259),(17847,'2020-12-04 11:49:44','BOSS','',' : \" \"  Jambo',130,'Item','/core/default/test-data',260),(17848,'2020-12-04 11:49:44','BOSS','',' : \" \"  Jambo',130,'Item','/core/default/test-data',261),(17849,'2020-12-04 11:49:44','BOSS','',' : \" \"  Jambo',130,'Item','/core/default/test-data',262),(17850,'2020-12-04 11:49:44','BOSS','',' : \" \"  Jambo',130,'Item','/core/default/test-data',263),(17851,'2020-12-04 11:49:44','BOSS','',' : \"IOT -  \"  Jambo',130,'Item','/core/default/test-data',264),(17852,'2020-12-04 11:49:45','BOSS','',' : \" \"  Jambo',130,'Item','/core/default/test-data',265),(17853,'2020-12-04 11:49:45','BOSS','',' : \" \"  Jambo',130,'Item','/core/default/test-data',266),(17854,'2020-12-04 11:49:45','BOSS','',' : \" \"  Jambo',130,'Item','/core/default/test-data',267),(17855,'2020-12-04 11:49:45','BOSS','',' : \" \"  Jambo',130,'Item','/core/default/test-data',268),(17856,'2020-12-04 11:49:45','BOSS','',' : \" \"  Jambo',130,'Item','/core/default/test-data',269),(17857,'2020-12-04 11:49:45','ERP','',' : \" \"  Jambo',130,'Field','/core/default/test-data',370),(17858,'2020-12-04 11:49:45','ERP','',' : \"  \"  Jambo',130,'Field','/core/default/test-data',371),(17859,'2020-12-04 11:49:46','ERP','',' : \"\"  Jambo',130,'Field','/core/default/test-data',372),(17860,'2020-12-04 11:49:46','ERP','',' : \"  \"  Jambo',130,'Field','/core/default/test-data',373),(17861,'2020-12-04 11:49:46','ERP','',' : \" \"  Jambo',130,'Field','/core/default/test-data',374),(17862,'2020-12-04 11:49:46','ERP','',' : \" \"  Jambo',130,'Field','/core/default/test-data',375),(17863,'2020-12-04 11:49:46','ERP','',' : \" \"  Jambo',130,'Field','/core/default/test-data',376),(17864,'2020-12-04 11:49:46','ERP','',' : \"  \"  Jambo',130,'Field','/core/default/test-data',377),(17865,'2020-12-04 11:49:46','ERP','',' : \"\"  Jambo',130,'Field','/core/default/test-data',378),(17866,'2020-12-04 11:49:46','ERP','',' : \" \"  Jambo',130,'Field','/core/default/test-data',379),(17867,'2020-12-04 11:49:47','ERP','',' : \"  \"  Jambo',130,'Field','/core/default/test-data',380),(17868,'2020-12-04 11:49:47','ERP','',' : \"\"  Jambo',130,'Field','/core/default/test-data',381),(17869,'2020-12-04 11:49:47','ERP','',' : \"  \"  Jambo',130,'Field','/core/default/test-data',382),(17870,'2020-12-04 11:49:47','ERP','',' : \" \"  Jambo',130,'Field','/core/default/test-data',383),(17871,'2020-12-04 11:49:47','ERP','',' : \" \"  Jambo',130,'Field','/core/default/test-data',384),(17872,'2020-12-04 11:49:47','ERP','',' : \" \"  Jambo',130,'Field','/core/default/test-data',385),(17873,'2020-12-04 11:49:47','ERP','',' : \"  \"  Jambo',130,'Field','/core/default/test-data',386),(17874,'2020-12-04 11:49:47','ERP','',' : \"\"  Jambo',130,'Field','/core/default/test-data',387),(17875,'2020-12-04 11:49:48','ERP','','  :   Jambo',130,'OverheadCost','/core/default/test-data',808),(17876,'2020-12-04 11:49:48','ERP','','  :   Jambo',130,'OverheadCost','/core/default/test-data',809),(17877,'2020-12-04 11:49:48','ERP','','  :   Jambo',130,'OverheadCost','/core/default/test-data',810),(17878,'2020-12-04 11:49:48','ERP','','  :   Jambo',130,'OverheadCost','/core/default/test-data',811),(17879,'2020-12-04 11:49:48','ERP','','  :   Jambo',130,'OverheadCost','/core/default/test-data',812),(17880,'2020-12-04 11:49:48','ERP','','  :   Jambo',130,'OverheadCost','/core/default/test-data',813),(17881,'2020-12-04 11:49:49','ERP','','  :   Jambo',130,'OverheadCost','/core/default/test-data',814),(17882,'2020-12-04 11:49:49','ERP','','  :   Jambo',130,'OverheadCost','/core/default/test-data',815),(17883,'2020-12-04 11:49:49','ERP','','  :   Jambo',130,'OverheadCost','/core/default/test-data',816),(17884,'2020-12-04 11:49:49','ERP','','  :   Jambo',130,'OverheadCost','/core/default/test-data',817),(17885,'2020-12-04 11:49:50','ERP','','  :   Jambo',130,'OverheadCost','/core/default/test-data',818),(17886,'2020-12-04 11:49:50','ERP','','  :   Jambo',130,'OverheadCost','/core/default/test-data',819),(17887,'2020-12-04 11:49:50','ERP','','  :   Jambo',130,'OverheadCost','/core/default/test-data',820),(17888,'2020-12-04 11:49:50','ERP','','  :   Jambo',130,'OverheadCost','/core/default/test-data',821),(17889,'2020-12-04 11:49:50','ERP','','  :   Jambo',130,'OverheadCost','/core/default/test-data',822),(17890,'2020-12-04 11:49:51','ERP','','  :   Jambo',130,'OverheadCost','/core/default/test-data',823),(17891,'2020-12-04 11:49:51','ERP','','  :   Jambo',130,'OverheadCost','/core/default/test-data',824),(17892,'2020-12-04 11:49:51','ERP','','  :   Jambo',130,'OverheadCost','/core/default/test-data',825),(17893,'2020-12-04 11:49:51','ERP','','  :   Jambo',130,'OverheadCost','/core/default/test-data',826),(17894,'2020-12-04 11:49:51','ERP','','  :   Jambo',130,'OverheadCost','/core/default/test-data',827),(17895,'2020-12-04 11:49:51','ERP','','  :   Jambo',130,'OverheadCost','/core/default/test-data',828),(17896,'2020-12-04 11:49:51','ERP','','  :   Jambo',130,'OverheadCost','/core/default/test-data',829),(17897,'2020-12-04 11:49:51','ERP','','  :   Jambo',130,'OverheadCost','/core/default/test-data',830),(17898,'2020-12-04 11:49:52','ERP','','  :   Jambo',130,'OverheadCost','/core/default/test-data',831),(17899,'2020-12-04 11:49:52','ERP','','  :   Jambo',130,'OverheadCost','/core/default/test-data',832),(17900,'2020-12-04 11:49:52','ERP','','  :   Jambo',130,'OverheadCost','/core/default/test-data',833),(17901,'2020-12-04 11:49:52','ERP','','  :   Jambo',130,'OverheadCost','/core/default/test-data',834),(17902,'2020-12-04 11:49:52','ERP','','  :   Jambo',130,'OverheadCost','/core/default/test-data',835),(17903,'2020-12-04 11:49:52','ERP','','  :   Jambo',130,'OverheadCost','/core/default/test-data',836),(17904,'2020-12-04 11:49:52','ERP','','  :   Jambo',130,'OverheadCost','/core/default/test-data',837),(17905,'2020-12-04 11:49:52','ERP','','  :   Jambo',130,'OverheadCost','/core/default/test-data',838),(17906,'2020-12-04 11:49:53','ERP','','  :   Jambo',130,'OverheadCost','/core/default/test-data',839),(17907,'2020-12-04 11:49:53','ERP','','  :   Jambo',130,'OverheadCost','/core/default/test-data',840),(17908,'2020-12-04 11:49:53','ERP','','  :   Jambo',130,'OverheadCost','/core/default/test-data',841),(17909,'2020-12-04 11:49:53','ERP','','  :   Jambo',130,'OverheadCost','/core/default/test-data',842),(17910,'2020-12-04 11:49:53','ERP','','  :   Jambo',130,'OverheadCost','/core/default/test-data',843),(17911,'2020-12-04 11:49:53','ERP','','  :   Jambo',130,'OverheadCost','/core/default/test-data',844),(17912,'2020-12-04 11:49:53','ERP','','  :   Jambo',130,'OverheadCost','/core/default/test-data',845),(17913,'2020-12-04 11:49:54','ERP','','  :   Jambo',130,'OverheadCost','/core/default/test-data',846),(17914,'2020-12-04 11:49:54','ERP','','  :   Jambo',130,'OverheadCost','/core/default/test-data',847),(17915,'2020-12-04 11:49:54','ERP','','  :   Jambo',130,'OverheadCost','/core/default/test-data',848),(17916,'2020-12-04 11:49:54','ERP','','  :   Jambo',130,'OverheadCost','/core/default/test-data',849),(17917,'2020-12-04 11:49:54','ERP','',' : \"  \"  Jambo',130,'Purchase','/core/default/test-data',220),(17918,'2020-12-04 11:49:54','ERP','',' : \"   \"  Jambo',130,'Purchase','/core/default/test-data',221),(17919,'2020-12-04 11:49:55','ERP','',' : \"  \"  Jambo',130,'Purchase','/core/default/test-data',222),(17920,'2020-12-04 11:49:55','ERP','',' : \"   \"  Jambo',130,'Purchase','/core/default/test-data',223),(17921,'2020-12-04 11:49:55','ERP','',' : \"  \"  Jambo',130,'Purchase','/core/default/test-data',224),(17922,'2020-12-04 11:49:56','ERP','',' : \"   \"  Jambo',130,'Purchase','/core/default/test-data',225),(17923,'2020-12-04 11:49:56','ERP','',' : \"  \"  Jambo',130,'Purchase','/core/default/test-data',226),(17924,'2020-12-04 11:49:56','ERP','',' : \"   \"  Jambo',130,'Purchase','/core/default/test-data',227),(17925,'2020-12-04 11:49:56','CRM','','  :   Jambo',130,'RequestStrategy','/core/default/test-data',19),(17926,'2020-12-04 11:49:57','CRM','','  :   Jambo',130,'RequestStrategy','/core/default/test-data',20),(17927,'2020-12-04 11:49:57','CRM','','  :   Jambo',130,'RequestStrategy','/core/default/test-data',21),(17928,'2020-12-04 11:49:57','CRM','','  :   Jambo',130,'RequestStrategy','/core/default/test-data',22),(17929,'2020-12-04 11:49:58','CRM','','  :   Jambo',130,'RequestStrategy','/core/default/test-data',23),(17930,'2020-12-04 11:49:58','CRM','','  :   Jambo',130,'RequestStrategy','/core/default/test-data',24),(17931,'2020-12-04 11:49:58','CRM','',' :   Jambo',130,'Answer','/core/default/test-data',37),(17932,'2020-12-04 11:49:58','CRM','',' :   Jambo',130,'Answer','/core/default/test-data',38),(17933,'2020-12-04 11:49:59','CRM','',' :   Jambo',130,'Answer','/core/default/test-data',39),(17934,'2020-12-04 11:49:59','CRM','',' :   Jambo',130,'Answer','/core/default/test-data',40),(17935,'2020-12-04 11:49:59','CRM','',' :   Jambo',130,'Answer','/core/default/test-data',41),(17936,'2020-12-04 11:49:59','CRM','',' :   Jambo',130,'Answer','/core/default/test-data',42),(17937,'2020-12-04 11:49:59','CRM','',' :   Jambo',130,'Answer','/core/default/test-data',43),(17938,'2020-12-04 11:50:00','CRM','',' :   Jambo',130,'Answer','/core/default/test-data',44),(17939,'2020-12-04 11:50:00','CRM','',' :   Jambo',130,'Answer','/core/default/test-data',45),(17940,'2020-12-04 11:50:00','CRM','',' :   Jambo',130,'Answer','/core/default/test-data',46),(17941,'2020-12-04 11:50:00','CRM','',' :   Jambo',130,'Answer','/core/default/test-data',47),(17942,'2020-12-04 11:50:00','CRM','',' :   Jambo',130,'Answer','/core/default/test-data',48),(17943,'2020-12-04 11:50:01','HRM','',' : \"-\"  Jambo',130,'Interview','/core/default/test-data',10),(17944,'2020-12-04 11:50:01','HRM','',' : \"-\"  Jambo',130,'Interview','/core/default/test-data',11),(17945,'2020-12-04 11:50:01','HRM','',' : \"-\"  Jambo',130,'Interview','/core/default/test-data',12),(17946,'2020-12-04 11:50:01','CRM','',' : \"1111\"  Jambo',130,'Selling','/core/default/test-data',10),(17947,'2020-12-04 11:50:02','CRM','',' : \"2\"  Jambo',130,'Selling','/core/default/test-data',11),(17948,'2020-12-04 11:50:02','CRM','',' : \"3\"  Jambo',130,'Selling','/core/default/test-data',12),(17949,'2020-12-04 11:50:02','ERP','',' () : \"     2\"  Jambo',130,'Transit','/core/default/test-data',13),(17950,'2020-12-04 11:50:02','ERP','',' () : \"     2\"  Jambo',130,'Transit','/core/default/test-data',14),(17951,'2020-12-04 11:50:03','ERP','',' () : \"     2\"  Jambo',130,'Transit','/core/default/test-data',15),(17952,'2020-12-04 11:50:03','ERP','',' () : \"     2\"  Jambo',130,'Transit','/core/default/test-data',16),(17953,'2020-12-04 12:36:24','BOSS','',' : \"\"  Jambo',130,'Item','/core/item/update?id=233',233),(17954,'2020-12-04 12:44:25','BOSS','',' : \"\"  Jambo',130,'Item','/core/item/update?id=233',233),(17955,'2020-12-04 13:22:02','BOSS','',' : \"\"  Jambo',130,'Item','/core/item/update?id=233',233),(17956,'2020-12-04 13:52:16','BOSS','',' : \"\"  admin',1,'Regularity','/core/regularity/update?id=153',153),(17957,'2020-12-04 14:11:15','BOSS','',' : \"\"  admin',1,'Item','/core/item/update?id=1',1),(17958,'2020-12-04 14:13:35','BOSS','',' : \"\"  admin',1,'Item','/core/item/update?id=98',98),(17959,'2020-12-04 14:14:51','BOSS','',' : \"\"  admin',1,'Item','/core/item/update?id=99',99),(17960,'2020-12-04 14:16:38','BOSS','',' : \" \"  admin',1,'Item','/core/item/update?id=100',100),(17961,'2020-12-04 14:38:07','BOSS','',' : \"\"  admin',1,'Item','/core/item/update?id=101',101),(17962,'2020-12-04 14:40:34','BOSS','',' : \"\"  admin',1,'Item','/core/item/update?id=102',102),(17963,'2020-12-04 14:42:48','BOSS','',' : \" \"  admin',1,'Item','/core/item/update?id=117',117),(17964,'2020-12-04 14:59:39','BOSS','',' : \" \"  admin',1,'Item','/core/item/update?id=118',118),(17965,'2020-12-04 15:04:02','BOSS','',' : \" \"  admin',1,'Item','/core/item/update?id=119',119),(17966,'2020-12-04 15:11:28','BOSS','',' ',1,'Login','/signup/zaglushka',1),(17967,'2020-12-04 15:12:26','BOSS','',' : \"\"  admin',1,'Item','/core/item/update?id=120',120),(17968,'2020-12-04 15:13:34','BOSS','',' : \" \"  admin',1,'Regularity','/core/regularity/update?id=154',154),(17969,'2020-12-04 15:13:56','BOSS','',' : \"\"  admin',1,'Regularity','/core/regularity/update?id=156',156),(17970,'2020-12-04 15:14:30','BOSS','',' : \"\"  admin',1,'Regularity','/core/regularity/update?id=157',157),(17971,'2020-12-04 15:14:52','BOSS','',' : \" \"  admin',1,'Regularity','/core/regularity/update?id=158',158),(17972,'2020-12-04 15:16:38','BOSS','',' : \"\"  admin',1,'Item','/core/item/update?id=121',121),(17973,'2020-12-04 15:17:45','BOSS','',' : \"\"  admin',1,'Item','/core/item/update?id=122',122),(17974,'2020-12-04 15:19:15','BOSS','',' : \"\"  admin',1,'Item','/core/item/update?id=123',123),(17975,'2020-12-04 15:24:56','BOSS','',' : \"\"  admin',1,'Item','/core/item/update?id=124',124),(17976,'2020-12-04 15:33:23','BOSS','',' : \" \"  admin',1,'Item','/core/item/update?id=132',132),(17977,'2020-12-04 15:36:42','BOSS','',' : \"\"  admin',1,'Item','/core/item/update?id=133',133),(17978,'2020-12-04 15:37:32','BOSS','',' : \"\"  admin',1,'Item','/core/item/update?id=134',134),(17979,'2020-12-04 15:38:02','BOSS','',' : \" \"  admin',1,'Item','/core/item/update?id=136',136),(17980,'2020-12-04 15:41:06','BOSS','',' : \"\"  admin',1,'Item','/core/item/update?id=135',135),(17981,'2020-12-04 15:42:28','BOSS','',' : \" \"  admin',1,'Item','/core/item/update?id=137',137),(17982,'2020-12-04 15:48:47','BOSS','',' : \"\"  admin',1,'Item','/core/item/update?id=139',139),(17983,'2020-12-04 15:53:33','BOSS','',' : \"\"  admin',1,'Item','/core/item/update?id=138',138),(17984,'2020-12-04 15:54:38','BOSS','',' : \"  \"  admin',1,'Item','/core/item/update?id=140',140),(17985,'2020-12-04 15:56:33','BOSS','',' : \"\"  admin',1,'Item','/core/item/update?id=141',141),(17986,'2020-12-04 15:58:02','BOSS','',' : \"\"  admin',1,'Item','/core/item/update?id=142',142),(17987,'2020-12-04 15:58:20','BOSS','',' ',77,'Login','/login?code=4/0AY0e-g5IGkQTj6-jiG7RmrmCBf3_iwKsHbouN_3XIyW4oqwDDaXn5YZGbgy0y5d9rRh_YA&scope=email%20profile%20https://www.googleapis.com/auth/userinfo.email%20https://www.googleapis.com/auth/userinfo.profile%20openid&authuser=0&hd=nure.ua&prompt=consent/zaglushka',1),(17988,'2020-12-04 15:58:40','BOSS','',' ',77,'Login','/signup/zaglushka',1),(17989,'2020-12-04 15:59:59','BOSS','',' : \"\"  admin',1,'Item','/core/item/update?id=143',143);
/*!40000 ALTER TABLE `system_event` ENABLE KEYS */;
UNLOCK TABLES;

--
-- Table structure for table `system_event_user`
--

DROP TABLE IF EXISTS `system_event_user`;
/*!40101 SET @saved_cs_client     = @@character_set_client */;
/*!50503 SET character_set_client = utf8mb4 */;
CREATE TABLE `system_event_user` (
  `id` int(11) NOT NULL AUTO_INCREMENT,
  `user_id` int(11) NOT NULL,
  `object_name` varchar(200) NOT NULL,
  `create` tinyint(4) DEFAULT NULL,
  `update` tinyint(4) DEFAULT NULL,
  `delete` tinyint(4) DEFAULT NULL,
  `custom` tinyint(4) DEFAULT NULL,
  PRIMARY KEY (`id`),
  KEY `fk_system_event_user_1_idx` (`user_id`),
  CONSTRAINT `fk_system_event_user_1` FOREIGN KEY (`user_id`) REFERENCES `user` (`id`)
) ENGINE=InnoDB AUTO_INCREMENT=42 DEFAULT CHARSET=latin1;
/*!40101 SET character_set_client = @saved_cs_client */;

--
-- Dumping data for table `system_event_user`
--

LOCK TABLES `system_event_user` WRITE;
/*!40000 ALTER TABLE `system_event_user` DISABLE KEYS */;
INSERT INTO `system_event_user` (`id`, `user_id`, `object_name`, `create`, `update`, `delete`, `custom`) VALUES (11,18,'Regularity',1,0,0,0),(12,18,'Customer',1,0,0,0),(13,18,'Selling',1,0,0,0),(14,18,'SellingProduct',1,0,0,0),(15,18,'State',1,0,0,0),(16,18,'StateToState',1,0,0,0),(33,77,'Warehouse',0,0,1,0),(34,77,'WarehouseProduct',0,0,1,0),(35,77,'Worker',1,1,1,0),(36,77,'Vacancy',1,0,0,0),(37,1,'WarehouseProduct',0,0,1,0),(38,1,'Project',1,0,0,0),(39,1,'ProjectVacancyOld',1,0,0,0),(40,117,'Selling',1,0,0,0),(41,117,'Product',1,1,1,0);
/*!40000 ALTER TABLE `system_event_user` ENABLE KEYS */;
UNLOCK TABLES;

--
-- Table structure for table `tax_rate`
--

DROP TABLE IF EXISTS `tax_rate`;
/*!40101 SET @saved_cs_client     = @@character_set_client */;
/*!50503 SET character_set_client = utf8mb4 */;
CREATE TABLE `tax_rate` (
  `id` int(11) NOT NULL AUTO_INCREMENT,
  `name` varchar(255) DEFAULT NULL,
  `percent` double(10,2) DEFAULT NULL,
  PRIMARY KEY (`id`)
) ENGINE=InnoDB AUTO_INCREMENT=16 DEFAULT CHARSET=utf8;
/*!40101 SET character_set_client = @saved_cs_client */;

--
-- Dumping data for table `tax_rate`
--

LOCK TABLES `tax_rate` WRITE;
/*!40000 ALTER TABLE `tax_rate` DISABLE KEYS */;
INSERT INTO `tax_rate` (`id`, `name`, `percent`) VALUES (4,' 3 ',3.00),(5,' 2 ',5.00),(6,'',20.00),(7,' 3 ',3.00),(8,' 2 ',5.00),(9,'',20.00),(10,' 3 ',3.00),(11,' 2 ',5.00),(12,'',20.00),(13,' 3 ',3.00),(14,' 2 ',5.00),(15,'',20.00);
/*!40000 ALTER TABLE `tax_rate` ENABLE KEYS */;
UNLOCK TABLES;

--
-- Table structure for table `tbl_dynagrid`
--

DROP TABLE IF EXISTS `tbl_dynagrid`;
/*!40101 SET @saved_cs_client     = @@character_set_client */;
/*!50503 SET character_set_client = utf8mb4 */;
CREATE TABLE `tbl_dynagrid` (
  `id` varchar(100) NOT NULL COMMENT 'Unique dynagrid setting identifier',
  `filter_id` varchar(100) DEFAULT NULL COMMENT 'Filter setting identifier',
  `sort_id` varchar(100) DEFAULT NULL COMMENT 'Sort setting identifier',
  `data` varchar(5000) DEFAULT NULL COMMENT 'Json encoded data for the dynagrid configuration',
  PRIMARY KEY (`id`),
  KEY `tbl_dynagrid_FK1` (`filter_id`),
  KEY `tbl_dynagrid_FK2` (`sort_id`),
  CONSTRAINT `tbl_dynagrid_FK1` FOREIGN KEY (`filter_id`) REFERENCES `tbl_dynagrid_dtl` (`id`),
  CONSTRAINT `tbl_dynagrid_FK2` FOREIGN KEY (`sort_id`) REFERENCES `tbl_dynagrid_dtl` (`id`)
) ENGINE=InnoDB DEFAULT CHARSET=utf8 COMMENT='Dynagrid personalization configuration settings';
/*!40101 SET character_set_client = @saved_cs_client */;

--
-- Dumping data for table `tbl_dynagrid`
--

LOCK TABLES `tbl_dynagrid` WRITE;
/*!40000 ALTER TABLE `tbl_dynagrid` DISABLE KEYS */;
/*!40000 ALTER TABLE `tbl_dynagrid` ENABLE KEYS */;
UNLOCK TABLES;

--
-- Table structure for table `tbl_dynagrid_dtl`
--

DROP TABLE IF EXISTS `tbl_dynagrid_dtl`;
/*!40101 SET @saved_cs_client     = @@character_set_client */;
/*!50503 SET character_set_client = utf8mb4 */;
CREATE TABLE `tbl_dynagrid_dtl` (
  `id` varchar(100) NOT NULL COMMENT 'Unique dynagrid detail setting identifier',
  `category` varchar(10) NOT NULL COMMENT 'Dynagrid detail setting category "filter" or "sort"',
  `name` varchar(150) NOT NULL COMMENT 'Name to identify the dynagrid detail setting',
  `data` varchar(5000) DEFAULT NULL COMMENT 'Json encoded data for the dynagrid detail configuration',
  `dynagrid_id` varchar(100) NOT NULL COMMENT 'Related dynagrid identifier',
  PRIMARY KEY (`id`),
  UNIQUE KEY `tbl_dynagrid_dtl_UK1` (`name`,`category`,`dynagrid_id`)
) ENGINE=InnoDB DEFAULT CHARSET=utf8 COMMENT='Dynagrid detail configuration settings';
/*!40101 SET character_set_client = @saved_cs_client */;

--
-- Dumping data for table `tbl_dynagrid_dtl`
--

LOCK TABLES `tbl_dynagrid_dtl` WRITE;
/*!40000 ALTER TABLE `tbl_dynagrid_dtl` DISABLE KEYS */;
/*!40000 ALTER TABLE `tbl_dynagrid_dtl` ENABLE KEYS */;
UNLOCK TABLES;

--
-- Table structure for table `test`
--

DROP TABLE IF EXISTS `test`;
/*!40101 SET @saved_cs_client     = @@character_set_client */;
/*!50503 SET character_set_client = utf8mb4 */;
CREATE TABLE `test` (
  `id` int(11) NOT NULL AUTO_INCREMENT,
  `result` mediumtext,
  `test_type_id` int(11) DEFAULT NULL,
  `customer_id` int(11) DEFAULT NULL,
  PRIMARY KEY (`id`),
  KEY `customer_id` (`customer_id`),
  KEY `test_id` (`test_type_id`),
  CONSTRAINT `customer_id` FOREIGN KEY (`customer_id`) REFERENCES `customer` (`id`),
  CONSTRAINT `test_id` FOREIGN KEY (`test_type_id`) REFERENCES `test_type` (`id`)
) ENGINE=InnoDB DEFAULT CHARSET=utf8;
/*!40101 SET character_set_client = @saved_cs_client */;

--
-- Dumping data for table `test`
--

LOCK TABLES `test` WRITE;
/*!40000 ALTER TABLE `test` DISABLE KEYS */;
/*!40000 ALTER TABLE `test` ENABLE KEYS */;
UNLOCK TABLES;

--
-- Table structure for table `test_type`
--

DROP TABLE IF EXISTS `test_type`;
/*!40101 SET @saved_cs_client     = @@character_set_client */;
/*!50503 SET character_set_client = utf8mb4 */;
CREATE TABLE `test_type` (
  `id` int(11) NOT NULL AUTO_INCREMENT,
  `name` varchar(255) NOT NULL,
  `link` varchar(255) DEFAULT NULL,
  `user_id` int(11) DEFAULT NULL,
  PRIMARY KEY (`id`),
  KEY `test_type_user__fk` (`user_id`),
  CONSTRAINT `test_type_user__fk` FOREIGN KEY (`user_id`) REFERENCES `user` (`id`)
) ENGINE=InnoDB AUTO_INCREMENT=148 DEFAULT CHARSET=utf8;
/*!40101 SET character_set_client = @saved_cs_client */;

--
-- Dumping data for table `test_type`
--

LOCK TABLES `test_type` WRITE;
/*!40000 ALTER TABLE `test_type` DISABLE KEYS */;
INSERT INTO `test_type` (`id`, `name`, `link`, `user_id`) VALUES (139,'    ','test/test/test?id=139',NULL),(140,' ','test/test/test?id=140',NULL),(141,'wdwdw','test/test/test?id=141',NULL),(142,'   ','test/test/test?id=142',NULL),(143,'  ','test/test/test?id=143',NULL),(144,'','test/test/test?id=144',NULL),(145,'  2','test/test/test?id=145',NULL),(146,' ','test/test/test?id=146',NULL),(147,'wdwdw','test/test/test?id=147',NULL);
/*!40000 ALTER TABLE `test_type` ENABLE KEYS */;
UNLOCK TABLES;

--
-- Table structure for table `test_type_field`
--

DROP TABLE IF EXISTS `test_type_field`;
/*!40101 SET @saved_cs_client     = @@character_set_client */;
/*!50503 SET character_set_client = utf8mb4 */;
CREATE TABLE `test_type_field` (
  `id` int(11) NOT NULL AUTO_INCREMENT,
  `block_name` varchar(255) NOT NULL,
  `label_name` varchar(255) NOT NULL,
  `type` varchar(255) DEFAULT NULL,
  `value` varchar(255) DEFAULT NULL,
  `placeholder` varchar(255) DEFAULT NULL,
  `required` int(11) DEFAULT NULL,
  `test_id` int(11) DEFAULT NULL,
  PRIMARY KEY (`id`),
  KEY `test_type_field_test_type__fk` (`test_id`),
  CONSTRAINT `test_type_field_test_type__fk` FOREIGN KEY (`test_id`) REFERENCES `test_type` (`id`)
) ENGINE=InnoDB AUTO_INCREMENT=54 DEFAULT CHARSET=utf8;
/*!40101 SET character_set_client = @saved_cs_client */;

--
-- Dumping data for table `test_type_field`
--

LOCK TABLES `test_type_field` WRITE;
/*!40000 ALTER TABLE `test_type_field` DISABLE KEYS */;
INSERT INTO `test_type_field` (`id`, `block_name`, `label_name`, `type`, `value`, `placeholder`, `required`, `test_id`) VALUES (14,' ','      ','input',',  ,  ?','PHP, JavaScript',1,139),(20,' ','     ','input','ttttt','/ ',0,141),(21,' ','     ','frefre','ttttt','/ ',0,141),(22,' ','wwww','radio','ttttt','ttttt',0,139),(23,' ','     ','checkbox','ttttt',',  ,  ?',0,139),(24,'  22','      22','checkbox',' 22',' 22',1,NULL),(25,' ','     ','radio','ttttt','/ ',0,139),(26,' ','     ','checkbox','ttttt','/ ',0,145),(27,'  33','      33','input',' 33','/  22',1,146),(28,' ','     ','radio','ttttt','/ ',0,147),(29,' ','     ','radio','ttttt','/ ',0,147),(30,' ','     ','radio','','',0,147),(31,' ','     ','radio','','',0,147),(32,' ','     ','radio','','',0,147),(33,' ','     ','radio','','',0,147),(34,' ','     ','radio','','',0,147),(35,' ','     ','radio','','',0,147),(36,' ','     ','radio','','',0,147),(37,' ','     ','radio','','',0,147),(38,' ','     ','radio','','',0,147),(39,' ','     ','radio','','',0,147),(40,' ','     ','radio','','',0,147),(41,' ','     ','radio','','',0,147),(42,' ','     ','radio','','',0,147),(43,' ','     ','radio','','',0,147),(44,' ','     ','radio','','',0,147),(45,' ','     ','radio','','',0,147),(46,' ','     ','radio','','',0,147),(47,' ','     ','radio','','',0,147),(48,' ','     ','radio','','',0,147),(49,' ','     ','radio','','',0,147),(50,' ','     ','radio','','',0,147),(51,' ','     ','radio','','',0,147),(52,' ','     ','radio','','',0,147),(53,' ','     ','radio','','',0,147);
/*!40000 ALTER TABLE `test_type_field` ENABLE KEYS */;
UNLOCK TABLES;

--
-- Table structure for table `transit`
--

DROP TABLE IF EXISTS `transit`;
/*!40101 SET @saved_cs_client     = @@character_set_client */;
/*!50503 SET character_set_client = utf8mb4 */;
CREATE TABLE `transit` (
  `id` int(11) NOT NULL AUTO_INCREMENT,
  `from_warehouse_id` int(11) NOT NULL,
  `to_warehouse_id` int(11) NOT NULL,
  `name` varchar(100) NOT NULL,
  `date_create` datetime DEFAULT NULL,
  `date_complete` datetime DEFAULT NULL,
  `state` int(11) NOT NULL,
  PRIMARY KEY (`id`),
  KEY `transit_from_warehouse_id_fk` (`from_warehouse_id`),
  KEY `transit_to_warehouse_id_fk` (`to_warehouse_id`),
  CONSTRAINT `transit_from_warehouse_id_fk` FOREIGN KEY (`from_warehouse_id`) REFERENCES `warehouse` (`id`) ON DELETE CASCADE ON UPDATE CASCADE,
  CONSTRAINT `transit_to_warehouse_id_fk` FOREIGN KEY (`to_warehouse_id`) REFERENCES `warehouse` (`id`) ON DELETE CASCADE ON UPDATE CASCADE
) ENGINE=InnoDB AUTO_INCREMENT=17 DEFAULT CHARSET=utf8;
/*!40101 SET character_set_client = @saved_cs_client */;

--
-- Dumping data for table `transit`
--

LOCK TABLES `transit` WRITE;
/*!40000 ALTER TABLE `transit` DISABLE KEYS */;
INSERT INTO `transit` (`id`, `from_warehouse_id`, `to_warehouse_id`, `name`, `date_create`, `date_complete`, `state`) VALUES (1,83,82,'     2','2020-12-03 18:13:33',NULL,0),(2,83,82,'     2','2020-12-03 18:13:33',NULL,0),(3,85,84,'     2','2020-12-03 18:13:33',NULL,0),(4,85,84,'     2','2020-12-03 18:13:33',NULL,0),(5,83,82,'     2','2020-12-03 18:13:33',NULL,0),(6,85,84,'     2','2020-12-03 18:13:33',NULL,0),(7,87,86,'     2','2020-12-03 18:13:33',NULL,0),(8,87,86,'     2','2020-12-03 18:13:33',NULL,0),(9,87,86,'     2','2020-12-03 18:13:33',NULL,0),(10,83,82,'     2','2020-12-03 18:13:33',NULL,0),(11,85,84,'     2','2020-12-03 18:13:33',NULL,0),(12,87,86,'     2','2020-12-03 18:13:33',NULL,0),(13,89,88,'     2','2020-12-03 18:13:33',NULL,0),(14,89,88,'     2','2020-12-03 18:13:33',NULL,0),(15,89,88,'     2','2020-12-03 18:13:33',NULL,0),(16,89,88,'     2','2020-12-03 18:13:33',NULL,0);
/*!40000 ALTER TABLE `transit` ENABLE KEYS */;
UNLOCK TABLES;

--
-- Table structure for table `transit_overhead_cost`
--

DROP TABLE IF EXISTS `transit_overhead_cost`;
/*!40101 SET @saved_cs_client     = @@character_set_client */;
/*!50503 SET character_set_client = utf8mb4 */;
CREATE TABLE `transit_overhead_cost` (
  `id` int(11) NOT NULL AUTO_INCREMENT,
  `transit_id` int(11) NOT NULL,
  `overhead_cost_id` int(11) NOT NULL,
  PRIMARY KEY (`id`),
  KEY `transit_overhead_cost_transit_id_fk` (`transit_id`),
  KEY `transit_overhead_cost_overhead_cost_id_fk` (`overhead_cost_id`),
  CONSTRAINT `transit_overhead_cost_overhead_cost_id_fk` FOREIGN KEY (`overhead_cost_id`) REFERENCES `overhead_cost` (`id`) ON DELETE CASCADE ON UPDATE CASCADE,
  CONSTRAINT `transit_overhead_cost_transit_id_fk` FOREIGN KEY (`transit_id`) REFERENCES `transit` (`id`) ON DELETE CASCADE ON UPDATE CASCADE
) ENGINE=InnoDB DEFAULT CHARSET=utf8;
/*!40101 SET character_set_client = @saved_cs_client */;

--
-- Dumping data for table `transit_overhead_cost`
--

LOCK TABLES `transit_overhead_cost` WRITE;
/*!40000 ALTER TABLE `transit_overhead_cost` DISABLE KEYS */;
/*!40000 ALTER TABLE `transit_overhead_cost` ENABLE KEYS */;
UNLOCK TABLES;

--
-- Table structure for table `transit_product`
--

DROP TABLE IF EXISTS `transit_product`;
/*!40101 SET @saved_cs_client     = @@character_set_client */;
/*!50503 SET character_set_client = utf8mb4 */;
CREATE TABLE `transit_product` (
  `id` int(11) NOT NULL AUTO_INCREMENT,
  `product_id` int(11) NOT NULL,
  `transit_id` int(11) NOT NULL,
  `quantity` int(11) NOT NULL,
  `overhead_cost_id` int(11) DEFAULT NULL,
  `pack_unit_id` int(11) DEFAULT NULL,
  PRIMARY KEY (`id`),
  KEY `transit_product_pack_unit_id_fk` (`pack_unit_id`),
  KEY `transit_product_product_id_fk` (`product_id`),
  KEY `transit_product_transit_id_fk` (`transit_id`),
  KEY `transit_product_overhead_cost_id_fk` (`overhead_cost_id`),
  CONSTRAINT `transit_product_overhead_cost_id_fk` FOREIGN KEY (`overhead_cost_id`) REFERENCES `overhead_cost` (`id`) ON DELETE CASCADE ON UPDATE CASCADE,
  CONSTRAINT `transit_product_pack_unit_id_fk` FOREIGN KEY (`pack_unit_id`) REFERENCES `pack_unit` (`id`) ON DELETE CASCADE ON UPDATE CASCADE,
  CONSTRAINT `transit_product_product_id_fk` FOREIGN KEY (`product_id`) REFERENCES `product` (`id`) ON DELETE CASCADE ON UPDATE CASCADE,
  CONSTRAINT `transit_product_transit_id_fk` FOREIGN KEY (`transit_id`) REFERENCES `transit` (`id`) ON DELETE CASCADE ON UPDATE CASCADE
) ENGINE=InnoDB AUTO_INCREMENT=2 DEFAULT CHARSET=utf8;
/*!40101 SET character_set_client = @saved_cs_client */;

--
-- Dumping data for table `transit_product`
--

LOCK TABLES `transit_product` WRITE;
/*!40000 ALTER TABLE `transit_product` DISABLE KEYS */;
INSERT INTO `transit_product` (`id`, `product_id`, `transit_id`, `quantity`, `overhead_cost_id`, `pack_unit_id`) VALUES (1,249,1,55,723,NULL);
/*!40000 ALTER TABLE `transit_product` ENABLE KEYS */;
UNLOCK TABLES;

--
-- Table structure for table `type`
--

DROP TABLE IF EXISTS `type`;
/*!40101 SET @saved_cs_client     = @@character_set_client */;
/*!50503 SET character_set_client = utf8mb4 */;
CREATE TABLE `type` (
  `id` int(11) NOT NULL AUTO_INCREMENT,
  `name` varchar(255) NOT NULL,
  PRIMARY KEY (`id`)
) ENGINE=InnoDB AUTO_INCREMENT=37 DEFAULT CHARSET=utf8;
/*!40101 SET character_set_client = @saved_cs_client */;

--
-- Dumping data for table `type`
--

LOCK TABLES `type` WRITE;
/*!40000 ALTER TABLE `type` DISABLE KEYS */;
INSERT INTO `type` (`id`, `name`) VALUES (5,''),(10,''),(11,''),(12,''),(13,' '),(14,''),(15,''),(16,''),(17,''),(18,''),(19,' '),(20,''),(21,''),(22,''),(23,''),(24,''),(25,' '),(26,''),(27,''),(28,' '),(29,''),(30,''),(31,''),(32,''),(33,' '),(34,''),(35,''),(36,' ');
/*!40000 ALTER TABLE `type` ENABLE KEYS */;
UNLOCK TABLES;

--
-- Table structure for table `user`
--

DROP TABLE IF EXISTS `user`;
/*!40101 SET @saved_cs_client     = @@character_set_client */;
/*!50503 SET character_set_client = utf8mb4 */;
CREATE TABLE `user` (
  `id` int(11) NOT NULL AUTO_INCREMENT,
  `username` varchar(100) NOT NULL,
  `password` varchar(255) NOT NULL,
  `email` varchar(100) NOT NULL,
  `role` varchar(255) NOT NULL DEFAULT 'user',
  `auth_key` varchar(255) DEFAULT NULL,
  `access_token` varchar(255) DEFAULT NULL,
  `phone` varchar(255) DEFAULT NULL,
  `parent_id` int(11) DEFAULT NULL,
  `confirmed_email` int(11) DEFAULT '0',
  `email_string` varchar(255) DEFAULT NULL,
  PRIMARY KEY (`id`)
) ENGINE=InnoDB AUTO_INCREMENT=131 DEFAULT CHARSET=utf8;
/*!40101 SET character_set_client = @saved_cs_client */;

--
-- Dumping data for table `user`
--

LOCK TABLES `user` WRITE;
/*!40000 ALTER TABLE `user` DISABLE KEYS */;
INSERT INTO `user` (`id`, `username`, `password`, `email`, `role`, `auth_key`, `access_token`, `phone`, `parent_id`, `confirmed_email`, `email_string`) VALUES (1,'admin','$2y$13$zXUBw7v81aO6S0NZD0bjZ.wtMh5INGBvtKODpuwW4f8MQL9DeTUTW','admin@admin.admin','user',NULL,NULL,NULL,NULL,1,NULL),(4,'kirill','$2y$13$HOrJAi19qEm7yaelOVsvw.tb7NSZnruC50C09cabJLgXHGkApgW1u','limbo9826@gmail.com','user',NULL,NULL,NULL,NULL,1,NULL),(5,'archie','$2y$13$gYhb25Lo7tj00Ax03/PV9.prTGdykgsZ4qaXNE/6nkVw02FsAVrxW','astronautgeek@gmail.com','user',NULL,NULL,NULL,NULL,1,NULL),(6,'ingello','$2y$13$zXUBw7v81aO6S0NZD0bjZ.wtMh5INGBvtKODpuwW4f8MQL9DeTUTW','olijeniuss@gmail.com','user',NULL,NULL,NULL,NULL,1,NULL),(7,'ingello2','252342','business.ingello@gmail.com','user',NULL,NULL,'',1,1,NULL),(8,'Test1','$2y$13$SfFAYsZ.uHjPxOaNpOchreuYyuit7gg.Iln9KduYPyMeNpCtbNRbG','1111@agsdg.com','user',NULL,NULL,'111111',6,1,NULL),(9,'oleg','$2y$13$zXUBw7v81aO6S0NZD0bjZ.wtMh5INGBvtKODpuwW4f8MQL9DeTUTW','levit@i.ua','user',NULL,NULL,'0937130073',NULL,1,NULL),(12,'ingello1','$2y$13$/zUzmvjIVqFhX4rViZRDrOciwo92zuVP4.l3izWSjI5WMBGkp8Erq','ing@gmail.com','user',NULL,NULL,'',1,1,NULL),(16,'tema','$2y$13$cAvQs5KaL6EAWETqeabH9e3WQnkWkAVPLV42BBCS/1/REMRW9XF1e','daivts1488@gmail.com','user',NULL,NULL,'+380-637154401',NULL,1,NULL),(17,'TestGabriadmin2(passw)','$2y$13$c8d6vyPnAriDyDE1ySWa7e09nYVySRelhyU7VBlY4UmvkbCEhPvQO','TestGabriasdasd@asasf.com','user',NULL,NULL,'1241241',NULL,1,NULL),(18,'admin2','','dasha252342@gmail.com','user',NULL,NULL,'',NULL,1,NULL),(19,'TestForGabri','$2y$13$WLv4wEcZuQvAeIAEAqgNCu0ouygMxKmqxTnUQ4mdeCChHTvYci9Ly','11111WQ@gmail.com','user',NULL,NULL,'1111',NULL,1,NULL),(20,'NewUser','$2y$13$qMXgiS8rrhC.OZpNJKf4KO2rHQFkQmYuorP2i24jooGe8/6mm6AxO','11111@gmail.com','user',NULL,NULL,'11111',NULL,1,NULL),(21,'NewUserRef','$2y$13$ZcvJ5K/qkOYZe95EuzpbIuGX0P.ejr.mlCi5hf9BiacmzdM1sSs6O','11111@saf.com','user',NULL,NULL,'11111',20,1,NULL),(22,'111111','$2y$13$pb1EQk1LNzMbo4m7vZhRu.DnMvM2gPqJKVzBJy2Ocaf9vY6GaUOJm','ngello@gmail.com','user',NULL,NULL,'111111',NULL,1,NULL),(23,'manager1','$2y$13$aojywk9rO95bSepeLXVnEumnNISHUwRXzsuECcIYJ2caC8FkP0hRm','hh23456789098765433456789987654@gmail.com','user',NULL,NULL,'',9,1,NULL),(24,'Tymur','$2y$13$LMNvOzSu3.9HL48NEdXHvOFEYAhwgaEdkG3Dpn5hQtd32hoTdl20C','tymur@gmail.com','user',NULL,NULL,'1122334455',NULL,1,NULL),(77,' ','$2y$13$zXUBw7v81aO6S0NZD0bjZ.wtMh5INGBvtKODpuwW4f8MQL9DeTUTW','tymur.zhukotynskyi@nure.ua','user',NULL,NULL,NULL,NULL,1,NULL),(86,' ','$2y$13$a17gm0796C5llltQVqADxO4dn/hm7/T/gghDa6/PXklHT6Dlg5CvW','olijenius2@gmail.com','user',NULL,NULL,NULL,NULL,1,NULL),(87,' ','$2y$13$.JOD81CapnTjvr6kUKyu/e8fLhn4ZkISEMX6WzwoyxW4t2eJ70TX2','timmaddy01@gmail.com','user',NULL,NULL,NULL,NULL,1,NULL),(88,'olijenius','$2y$13$J/uIE6fMIn/XWokm5F3BRekcKrd2olwLrSWxM7IuoNXfduC2aWgu2','olijenius@gmail.com','user',NULL,NULL,'',NULL,1,NULL),(93,'dasha','$2y$13$P7JHe62R0Vvy8VF8UguyBeV20xghzgV4DLK6b3flcmGVG/AK2pq4i','smailick1@yandex.ru','user',NULL,NULL,'',NULL,1,NULL),(94,'','$2y$13$DI6J5..VHSypxKwqfMGMRuUMzgbeCcX82DJUWqO.kRsdvoWlfhMny','smailick2@yandex.ru','user',NULL,NULL,'',NULL,0,'a5ZcXcEFOYKh80b4f-G8Q8s6YDdUBUjV'),(95,'','$2y$13$Gi0iIkIdyJ1wwexr9gndu.OwBjC6itYoxU6O4Jn7VliN9s/1kmes2','smailick3@yandex.ru','user',NULL,NULL,'',NULL,0,'nGKZghG-qVAJpw_GOhicRNm5IbTRhQAz'),(96,'','$2y$13$MPbMfbpAxrNcAYXt88lmK./dcpGDgV6nvbvDsVuwxWVAoSj/OKsmm','smailick252342@gmail.com','user',NULL,NULL,'',NULL,1,NULL),(98,'','$2y$13$rKhEOd1BN4w8hkkcXwgYP./exvoKHLzz748JRxuhxr975YS4ZwjSW','ailick252342@gmail.com','user',NULL,NULL,'',NULL,0,'NzP0vz9KWOLX9IEC8_FuxymujyhJHeea'),(108,'Alen','$2y$13$zXUBw7v81aO6S0NZD0bjZ.wtMh5INGBvtKODpuwW4f8MQL9DeTUTW','alenrong12@gmail.com','user',NULL,NULL,'Rong',NULL,0,'ALoOEQylFwNo2gDJBP3TOcehwlJGOoNW'),(109,' ','$2y$13$MCn3LGadixjmNex0zNIVk.MVkj.theNcgEZRV.hI7oSc7LBh/SJ3G','taja708@gmail.com','user',NULL,NULL,'+380677281928',NULL,1,NULL),(111,' ','$2y$13$gv9.QoD/7PKDOUiJ6JnOw.yckeGXva/4COBBPSa64DzURdct.Rkou','tratill2798@gmail.com','user',NULL,NULL,NULL,NULL,1,NULL),(112,'mike','$2y$13$GNA36kX38PjGx8BaO0fh0.oMcbJ43UbpvTjDEPWUY9HBhOUV.qNiq','send1message1@gmail.com','user',NULL,NULL,'',NULL,1,NULL),(117,' ','$2y$13$equ5en6laCqNK8aNPaF8X.u4wa/gwaUdCy/gkMfK4GoIH0cJvojr6','\n@gmail.com','user',NULL,NULL,NULL,NULL,1,NULL),(118,'Peri','$2y$13$/q.K3OX349AJ2u2AN3vOMOhlB9oRbrt6Tb8iO1ZlO4Sd2KAckbZtq','shisska@gmail.com','user',NULL,NULL,'',NULL,1,''),(121,'Tr Mw','$2y$13$rxwnrKmRU9HT/71oOAAxg.b70772GTi5ywZFI7.Ke8N36JbhSMsgq','truemw88@gmail.com','user',NULL,NULL,NULL,NULL,1,NULL),(126,'Test Login','$2y$13$P15fvRNbc5MdKbCz6wT0dO3FmYsRQuqkPdVmQd4VbPhhyi32u6jJG','testlogin88911@gmail.com','user',NULL,NULL,NULL,NULL,1,NULL),(127,'','$2y$13$ZVMU3la91OVeAG/7h76dme1CZH2ZGBugXCtkwYAVubrgnx4/5iegS','olla@gmail.com','user',NULL,NULL,'123',1,0,'Ops-cyHnftMjmonguOvBDjhY42xIU2TS'),(128,'Peri utkonos','$2y$13$/q.K3OX349AJ2u2AN3vOMOhlB9oRbrt6Tb8iO1ZlO4Sd2KAckbZtq','peri_superAgent@gmail.com','user',NULL,NULL,'',NULL,1,NULL),(129,'Jambo','$2y$13$/q.K3OX349AJ2u2AN3vOMOhlB9oRbrt6Tb8iO1ZlO4Sd2KAckbZtq','jambo@gmail.com','user',NULL,NULL,'',NULL,1,NULL),(130,'Jambo','$2y$13$/q.K3OX349AJ2u2AN3vOMOhlB9oRbrt6Tb8iO1ZlO4Sd2KAckbZtq','jamsbo@gmail.com','user',NULL,NULL,'',NULL,1,NULL);
/*!40000 ALTER TABLE `user` ENABLE KEYS */;
UNLOCK TABLES;

--
-- Table structure for table `vacancy`
--

DROP TABLE IF EXISTS `vacancy`;
/*!40101 SET @saved_cs_client     = @@character_set_client */;
/*!50503 SET character_set_client = utf8mb4 */;
CREATE TABLE `vacancy` (
  `id` int(11) NOT NULL AUTO_INCREMENT,
  `rate` double DEFAULT NULL,
  `description` text,
  `name` varchar(255) DEFAULT NULL,
  PRIMARY KEY (`id`)
) ENGINE=InnoDB AUTO_INCREMENT=102 DEFAULT CHARSET=utf8;
/*!40101 SET character_set_client = @saved_cs_client */;

--
-- Dumping data for table `vacancy`
--

LOCK TABLES `vacancy` WRITE;
/*!40000 ALTER TABLE `vacancy` DISABLE KEYS */;
INSERT INTO `vacancy` (`id`, `rate`, `description`, `name`) VALUES (86,25000,'',' '),(87,10000,'<p> ?</p><p>              .           .</p><p> </p><p>   ,  ,  </p><p><br></p>','  '),(88,15000,'','    '),(89,15000,'','  '),(90,25000,'',' '),(91,10000,'<p> ?</p><p>              .           .</p><p> </p><p>   ,  ,  </p><p><br></p>','  '),(92,15000,'','    '),(93,15000,'','  '),(94,25000,'',' '),(95,10000,'<p> ?</p><p>              .           .</p><p> </p><p>   ,  ,  </p><p><br></p>','  '),(96,15000,'','    '),(97,15000,'','  '),(98,25000,'',' '),(99,10000,'<p> ?</p><p>              .           .</p><p> </p><p>   ,  ,  </p><p><br></p>','  '),(100,15000,'','    '),(101,15000,'','  ');
/*!40000 ALTER TABLE `vacancy` ENABLE KEYS */;
UNLOCK TABLES;

--
-- Table structure for table `warehouse`
--

DROP TABLE IF EXISTS `warehouse`;
/*!40101 SET @saved_cs_client     = @@character_set_client */;
/*!50503 SET character_set_client = utf8mb4 */;
CREATE TABLE `warehouse` (
  `id` int(11) NOT NULL AUTO_INCREMENT,
  `name` varchar(100) NOT NULL,
  `country_id` int(11) DEFAULT NULL,
  `address` varchar(255) DEFAULT NULL,
  PRIMARY KEY (`id`),
  KEY `warehouse-country_id_fk` (`country_id`),
  CONSTRAINT `warehouse-country_id_fk` FOREIGN KEY (`country_id`) REFERENCES `country` (`id`) ON DELETE CASCADE ON UPDATE CASCADE
) ENGINE=InnoDB AUTO_INCREMENT=90 DEFAULT CHARSET=utf8;
/*!40101 SET character_set_client = @saved_cs_client */;

--
-- Dumping data for table `warehouse`
--

LOCK TABLES `warehouse` WRITE;
/*!40000 ALTER TABLE `warehouse` DISABLE KEYS */;
INSERT INTO `warehouse` (`id`, `name`, `country_id`, `address`) VALUES (82,'   (2)',38,' 55'),(83,'  ',38,' 7'),(84,'   (2)',38,' 55'),(85,'  ',38,' 7'),(86,'   (2)',38,' 55'),(87,'  ',38,' 7'),(88,'   (2)',38,' 55'),(89,'  ',38,' 7');
/*!40000 ALTER TABLE `warehouse` ENABLE KEYS */;
UNLOCK TABLES;

--
-- Table structure for table `warehouse_product`
--

DROP TABLE IF EXISTS `warehouse_product`;
/*!40101 SET @saved_cs_client     = @@character_set_client */;
/*!50503 SET character_set_client = utf8mb4 */;
CREATE TABLE `warehouse_product` (
  `id` int(11) NOT NULL AUTO_INCREMENT,
  `product_id` int(11) NOT NULL,
  `warehouse_id` int(11) NOT NULL,
  `quantity` int(11) NOT NULL,
  `purchase_cost` double(10,2) DEFAULT NULL,
  `recommended_cost` double(10,2) DEFAULT NULL,
  `consumer_cost` double(10,2) DEFAULT NULL,
  `trade_cost` double(10,2) DEFAULT NULL,
  `tax` double(10,2) DEFAULT NULL,
  `overhead_cost` double(10,2) DEFAULT NULL,
  `currency_id` int(11) NOT NULL,
  PRIMARY KEY (`id`),
  KEY `warehouse_product_currency_id_fk` (`currency_id`),
  KEY `warehouse_product_product_id_fk` (`product_id`),
  KEY `warehouse_product_warehouse_id_fk` (`warehouse_id`),
  CONSTRAINT `warehouse_product_currency_id_fk` FOREIGN KEY (`currency_id`) REFERENCES `currency` (`id`) ON DELETE CASCADE ON UPDATE CASCADE,
  CONSTRAINT `warehouse_product_product_id_fk` FOREIGN KEY (`product_id`) REFERENCES `product` (`id`) ON DELETE CASCADE ON UPDATE CASCADE,
  CONSTRAINT `warehouse_product_warehouse_id_fk` FOREIGN KEY (`warehouse_id`) REFERENCES `warehouse` (`id`) ON DELETE CASCADE ON UPDATE CASCADE
) ENGINE=InnoDB AUTO_INCREMENT=19 DEFAULT CHARSET=utf8;
/*!40101 SET character_set_client = @saved_cs_client */;

--
-- Dumping data for table `warehouse_product`
--

LOCK TABLES `warehouse_product` WRITE;
/*!40000 ALTER TABLE `warehouse_product` DISABLE KEYS */;
INSERT INTO `warehouse_product` (`id`, `product_id`, `warehouse_id`, `quantity`, `purchase_cost`, `recommended_cost`, `consumer_cost`, `trade_cost`, `tax`, `overhead_cost`, `currency_id`) VALUES (1,249,83,120,5000.00,NULL,6825.00,6300.00,250.00,0.00,104),(2,246,82,0,NULL,NULL,NULL,NULL,NULL,NULL,104),(5,252,82,0,NULL,NULL,NULL,NULL,NULL,NULL,6),(6,248,82,0,NULL,NULL,NULL,NULL,NULL,NULL,6),(7,259,85,120,5000.00,NULL,6825.00,6300.00,250.00,0.00,104),(8,256,84,0,NULL,NULL,NULL,NULL,NULL,NULL,104),(9,262,84,0,NULL,NULL,NULL,NULL,NULL,NULL,6),(10,258,84,0,NULL,NULL,NULL,NULL,NULL,NULL,6),(11,269,87,120,5000.00,NULL,6825.00,6300.00,250.00,0.00,104),(12,266,86,0,NULL,NULL,NULL,NULL,NULL,NULL,104),(13,272,86,0,NULL,NULL,NULL,NULL,NULL,NULL,6),(14,268,86,0,NULL,NULL,NULL,NULL,NULL,NULL,6),(15,279,89,120,5000.00,NULL,6825.00,6300.00,250.00,0.00,104),(16,276,88,0,NULL,NULL,NULL,NULL,NULL,NULL,104),(17,282,88,0,NULL,NULL,NULL,NULL,NULL,NULL,6),(18,278,88,0,NULL,NULL,NULL,NULL,NULL,NULL,6);
/*!40000 ALTER TABLE `warehouse_product` ENABLE KEYS */;
UNLOCK TABLES;

--
-- Table structure for table `warehouse_user`
--

DROP TABLE IF EXISTS `warehouse_user`;
/*!40101 SET @saved_cs_client     = @@character_set_client */;
/*!50503 SET character_set_client = utf8mb4 */;
CREATE TABLE `warehouse_user` (
  `id` int(11) NOT NULL AUTO_INCREMENT,
  `warehouse_id` int(11) NOT NULL,
  `user_id` int(11) NOT NULL,
  PRIMARY KEY (`id`),
  KEY `warehouse_user_warehouse_id_fk` (`warehouse_id`),
  KEY `warehouse_customer_user_id_fk` (`user_id`),
  CONSTRAINT `warehouse_customer_user_id_fk` FOREIGN KEY (`user_id`) REFERENCES `user` (`id`) ON DELETE CASCADE ON UPDATE CASCADE,
  CONSTRAINT `warehouse_user_warehouse_id_fk` FOREIGN KEY (`warehouse_id`) REFERENCES `warehouse` (`id`) ON DELETE CASCADE ON UPDATE CASCADE
) ENGINE=InnoDB AUTO_INCREMENT=80 DEFAULT CHARSET=utf8;
/*!40101 SET character_set_client = @saved_cs_client */;

--
-- Dumping data for table `warehouse_user`
--

LOCK TABLES `warehouse_user` WRITE;
/*!40000 ALTER TABLE `warehouse_user` DISABLE KEYS */;
INSERT INTO `warehouse_user` (`id`, `warehouse_id`, `user_id`) VALUES (71,82,1),(72,83,1),(73,82,1),(74,84,128),(75,85,128),(76,86,129),(77,87,129),(78,88,130),(79,89,130);
/*!40000 ALTER TABLE `warehouse_user` ENABLE KEYS */;
UNLOCK TABLES;

--
-- Table structure for table `widget_user`
--

DROP TABLE IF EXISTS `widget_user`;
/*!40101 SET @saved_cs_client     = @@character_set_client */;
/*!50503 SET character_set_client = utf8mb4 */;
CREATE TABLE `widget_user` (
  `id` int(11) NOT NULL AUTO_INCREMENT,
  `user_id` int(11) DEFAULT NULL,
  `name` varchar(45) NOT NULL,
  `active` tinyint(4) NOT NULL,
  `row` int(11) NOT NULL,
  `col` int(11) NOT NULL,
  `collapsed` tinyint(4) NOT NULL,
  PRIMARY KEY (`id`),
  KEY `fk_widget_user_1_idx` (`user_id`),
  CONSTRAINT `widget_user_user_id_fk` FOREIGN KEY (`user_id`) REFERENCES `user` (`id`) ON DELETE SET NULL
) ENGINE=InnoDB AUTO_INCREMENT=914 DEFAULT CHARSET=latin1;
/*!40101 SET character_set_client = @saved_cs_client */;

--
-- Dumping data for table `widget_user`
--

LOCK TABLES `widget_user` WRITE;
/*!40000 ALTER TABLE `widget_user` DISABLE KEYS */;
INSERT INTO `widget_user` (`id`, `user_id`, `name`, `active`, `row`, `col`, `collapsed`) VALUES (510,1,'SalesFunnel',1,0,0,0),(511,1,'DepartmentPerfomance',1,1,1,0),(512,1,'WeeklySales',1,2,0,0),(513,1,'Employees',0,3,0,0),(514,1,'Messages',0,10,0,0),(515,1,'Workers',0,6,0,0),(516,1,'SalesWarehouse',1,0,1,0),(517,1,'ApplicationInfo',1,2,1,0),(518,1,'DeliveryPlan',1,1,0,0),(519,1,'Goals',0,0,0,0),(520,1,'Calendar',1,3,0,0),(521,1,'Suppliers',0,4,0,0),(522,1,'HiringFunnel',0,2,0,0),(523,1,'HistoryEvent',0,5,0,0),(524,18,'DepartmentPerfomance',1,0,0,0),(525,18,'WeeklySales',1,1,0,0),(526,18,'Employees',1,2,0,0),(527,18,'Messages',1,3,0,0),(528,18,'Workers',1,4,0,0),(529,18,'SalesWarehouse',1,5,0,0),(530,18,'DeliveryPlan',1,0,1,0),(531,18,'Goals',1,1,1,0),(532,18,'Calendar',1,2,1,0),(533,18,'Suppliers',1,3,1,0),(534,18,'HiringFunnel',1,4,1,0),(535,18,'HistoryEvent',1,5,1,0),(536,77,'SalesFunnel',1,0,1,0),(537,77,'DepartmentPerfomance',0,1,0,0),(538,77,'WeeklySales',1,0,0,0),(539,77,'Employees',0,0,0,0),(540,77,'Messages',1,2,0,0),(541,77,'Workers',1,4,0,0),(542,77,'SalesWarehouse',1,3,0,0),(543,77,'ApplicationInfo',1,1,1,0),(544,77,'DeliveryPlan',1,2,1,0),(545,77,'Goals',1,3,1,0),(546,77,'Calendar',1,1,0,0),(547,77,'Suppliers',1,4,1,0),(548,77,'HiringFunnel',1,5,1,0),(549,77,'HistoryEvent',1,6,1,0),(550,NULL,'SalesFunnel',1,0,0,0),(551,NULL,'DepartmentPerfomance',1,1,0,0),(552,NULL,'WeeklySales',1,2,0,0),(553,NULL,'Employees',1,3,0,0),(554,NULL,'Messages',1,4,0,0),(555,NULL,'Workers',1,5,0,0),(556,NULL,'SalesWarehouse',1,6,0,0),(557,NULL,'ApplicationInfo',1,0,1,0),(558,NULL,'DeliveryPlan',1,1,1,0),(559,NULL,'Goals',1,2,1,0),(560,NULL,'Calendar',1,3,1,0),(561,NULL,'Suppliers',1,4,1,0),(562,NULL,'HiringFunnel',1,5,1,0),(563,NULL,'HistoryEvent',1,6,1,0),(564,109,'SalesFunnel',0,2,0,0),(565,109,'DepartmentPerfomance',0,6,0,0),(566,109,'WeeklySales',0,0,0,0),(567,109,'Employees',0,3,0,0),(568,109,'Messages',0,1,0,0),(569,109,'Workers',0,9,0,0),(570,109,'SalesWarehouse',1,0,0,1),(571,109,'ApplicationInfo',0,5,0,0),(572,109,'DeliveryPlan',1,0,1,0),(573,109,'Goals',0,4,0,0),(574,109,'Calendar',0,7,0,0),(575,109,'Suppliers',1,2,0,0),(576,109,'HiringFunnel',1,1,0,1),(577,109,'HistoryEvent',0,8,0,0),(578,NULL,'SalesFunnel',1,0,0,0),(579,NULL,'DepartmentPerfomance',1,1,0,0),(580,NULL,'WeeklySales',1,2,0,0),(581,NULL,'Employees',1,3,0,0),(582,NULL,'Messages',1,4,0,0),(583,NULL,'Workers',1,5,0,0),(584,NULL,'SalesWarehouse',1,6,0,0),(585,NULL,'ApplicationInfo',1,0,1,0),(586,NULL,'DeliveryPlan',1,1,1,0),(587,NULL,'Goals',1,2,1,0),(588,NULL,'Calendar',1,3,1,0),(589,NULL,'Suppliers',1,4,1,0),(590,NULL,'HiringFunnel',1,5,1,0),(591,NULL,'HistoryEvent',1,6,1,0),(592,111,'SalesFunnel',1,0,0,1),(593,111,'DepartmentPerfomance',1,1,0,1),(594,111,'WeeklySales',1,2,0,1),(595,111,'Employees',1,3,0,1),(596,111,'Messages',1,4,0,1),(597,111,'Workers',1,5,0,1),(598,111,'SalesWarehouse',1,6,0,1),(599,111,'ApplicationInfo',1,0,1,1),(600,111,'DeliveryPlan',1,1,1,1),(601,111,'Goals',1,2,1,1),(602,111,'Calendar',1,3,1,0),(603,111,'Suppliers',1,4,1,1),(604,111,'HiringFunnel',1,5,1,1),(605,111,'HistoryEvent',1,6,1,0),(606,112,'SalesFunnel',1,0,0,1),(607,112,'DepartmentPerfomance',1,1,0,1),(608,112,'WeeklySales',1,2,0,1),(609,112,'Employees',1,3,0,1),(610,112,'Messages',1,4,0,1),(611,112,'Workers',1,5,0,1),(612,112,'SalesWarehouse',1,6,0,0),(613,112,'ApplicationInfo',1,0,1,1),(614,112,'DeliveryPlan',1,1,1,1),(615,112,'Goals',1,3,1,1),(616,112,'Calendar',1,5,1,1),(617,112,'Suppliers',1,4,1,1),(618,112,'HiringFunnel',1,2,1,1),(619,112,'HistoryEvent',1,6,1,0),(620,NULL,'SalesFunnel',1,2,0,0),(621,NULL,'DepartmentPerfomance',1,0,0,0),(622,NULL,'WeeklySales',1,3,0,0),(623,NULL,'Employees',1,4,0,0),(624,NULL,'Messages',1,5,0,0),(625,NULL,'Workers',1,6,0,0),(626,NULL,'SalesWarehouse',0,1,0,0),(627,NULL,'ApplicationInfo',1,0,1,0),(628,NULL,'DeliveryPlan',1,1,0,0),(629,NULL,'Goals',1,1,1,0),(630,NULL,'Calendar',1,2,1,0),(631,NULL,'Suppliers',1,3,1,0),(632,NULL,'HiringFunnel',0,0,0,0),(633,NULL,'HistoryEvent',1,4,1,0),(634,NULL,'SalesFunnel',1,0,0,0),(635,NULL,'DepartmentPerfomance',1,1,0,0),(636,NULL,'WeeklySales',1,2,0,0),(637,NULL,'Employees',1,3,0,0),(638,NULL,'Messages',1,4,0,0),(639,NULL,'Workers',1,5,0,0),(640,NULL,'SalesWarehouse',1,6,0,0),(641,NULL,'ApplicationInfo',1,0,1,0),(642,NULL,'DeliveryPlan',1,1,1,0),(643,NULL,'Goals',1,2,1,0),(644,NULL,'Calendar',1,3,1,0),(645,NULL,'Suppliers',1,4,1,0),(646,NULL,'HiringFunnel',1,5,1,0),(647,NULL,'HistoryEvent',1,6,1,0),(648,NULL,'SalesFunnel',1,0,0,0),(649,NULL,'DepartmentPerfomance',1,1,0,0),(650,NULL,'WeeklySales',1,2,0,0),(651,NULL,'Employees',1,3,0,0),(652,NULL,'Messages',1,4,0,0),(653,NULL,'Workers',1,5,0,0),(654,NULL,'SalesWarehouse',1,6,0,0),(655,NULL,'ApplicationInfo',1,0,1,0),(656,NULL,'DeliveryPlan',1,1,1,0),(657,NULL,'Goals',1,2,1,0),(658,NULL,'Calendar',1,3,1,0),(659,NULL,'Suppliers',1,4,1,0),(660,NULL,'HiringFunnel',1,5,1,0),(661,NULL,'HistoryEvent',1,6,1,0),(662,88,'SalesFunnel',1,1,0,0),(663,88,'DepartmentPerfomance',1,3,0,0),(664,88,'WeeklySales',0,2,0,0),(665,88,'Employees',1,0,1,0),(666,88,'Messages',0,0,0,0),(667,88,'Workers',1,1,1,0),(668,88,'SalesWarehouse',0,1,0,0),(669,88,'ApplicationInfo',1,5,0,0),(670,88,'DeliveryPlan',1,2,0,0),(671,88,'Goals',1,4,0,0),(672,88,'Calendar',0,3,0,0),(673,88,'Suppliers',0,5,0,0),(674,88,'HiringFunnel',1,0,0,0),(675,88,'HistoryEvent',0,7,0,0),(676,117,'SalesFunnel',1,0,0,0),(677,117,'DepartmentPerfomance',1,1,0,0),(678,117,'WeeklySales',0,9,0,0),(679,117,'Employees',0,0,0,0),(680,117,'Messages',0,5,0,0),(681,117,'Workers',0,12,0,0),(682,117,'SalesWarehouse',0,1,0,0),(683,117,'ApplicationInfo',1,1,1,0),(684,117,'DeliveryPlan',0,2,0,0),(685,117,'Goals',0,4,0,0),(686,117,'Calendar',1,0,1,0),(687,117,'Suppliers',0,3,0,0),(688,117,'HiringFunnel',1,2,0,0),(689,117,'HistoryEvent',0,11,0,0),(690,118,'SalesFunnel',1,0,0,0),(691,118,'DepartmentPerfomance',1,1,0,0),(692,118,'WeeklySales',1,2,0,0),(693,118,'Employees',1,3,0,0),(694,118,'Messages',1,4,0,0),(695,118,'Workers',1,5,0,0),(696,118,'SalesWarehouse',1,6,0,0),(697,118,'ApplicationInfo',1,0,1,0),(698,118,'DeliveryPlan',1,1,1,0),(699,118,'Goals',1,2,1,0),(700,118,'Calendar',1,3,1,0),(701,118,'Suppliers',1,4,1,0),(702,118,'HiringFunnel',1,5,1,0),(703,118,'HistoryEvent',1,6,1,0),(704,NULL,'SalesFunnel',1,0,0,0),(705,NULL,'DepartmentPerfomance',1,1,0,0),(706,NULL,'WeeklySales',1,2,0,0),(707,NULL,'Employees',1,3,0,0),(708,NULL,'Messages',1,4,0,0),(709,NULL,'Workers',1,5,0,0),(710,NULL,'SalesWarehouse',1,6,0,0),(711,NULL,'ApplicationInfo',1,0,1,0),(712,NULL,'DeliveryPlan',1,1,1,0),(713,NULL,'Goals',1,2,1,0),(714,NULL,'Calendar',1,3,1,0),(715,NULL,'Suppliers',1,4,1,0),(716,NULL,'HiringFunnel',1,5,1,0),(717,NULL,'HistoryEvent',1,6,1,0),(718,121,'SalesFunnel',1,0,0,0),(719,121,'DepartmentPerfomance',1,1,0,0),(720,121,'WeeklySales',1,2,0,0),(721,121,'Employees',1,3,0,0),(722,121,'Messages',1,4,0,0),(723,121,'Workers',1,5,0,0),(724,121,'SalesWarehouse',1,6,0,0),(725,121,'ApplicationInfo',1,0,1,0),(726,121,'DeliveryPlan',1,1,1,0),(727,121,'Goals',1,2,1,0),(728,121,'Calendar',1,3,1,0),(729,121,'Suppliers',1,4,1,0),(730,121,'HiringFunnel',1,5,1,0),(731,121,'HistoryEvent',1,6,1,0),(732,NULL,'SalesFunnel',1,0,0,0),(733,NULL,'DepartmentPerfomance',1,1,0,0),(734,NULL,'WeeklySales',1,2,0,0),(735,NULL,'Employees',1,3,0,0),(736,NULL,'Messages',1,4,0,0),(737,NULL,'Workers',1,5,0,0),(738,NULL,'SalesWarehouse',1,6,0,0),(739,NULL,'ApplicationInfo',1,0,1,0),(740,NULL,'DeliveryPlan',1,1,1,0),(741,NULL,'Goals',1,2,1,0),(742,NULL,'Calendar',1,3,1,0),(743,NULL,'Suppliers',1,4,1,0),(744,NULL,'HiringFunnel',1,5,1,0),(745,NULL,'HistoryEvent',1,6,1,0),(746,NULL,'SalesFunnel',1,5,1,0),(747,NULL,'DepartmentPerfomance',1,3,0,0),(748,NULL,'WeeklySales',0,3,0,0),(749,NULL,'Employees',1,4,1,0),(750,NULL,'Messages',1,5,0,0),(751,NULL,'Workers',0,2,0,0),(752,NULL,'SalesWarehouse',1,6,0,0),(753,NULL,'ApplicationInfo',1,2,1,0),(754,NULL,'DeliveryPlan',0,0,0,0),(755,NULL,'Goals',1,2,0,0),(756,NULL,'Calendar',0,1,0,0),(757,NULL,'Suppliers',1,6,1,0),(758,NULL,'HiringFunnel',1,3,1,0),(759,NULL,'HistoryEvent',1,4,0,0),(760,NULL,'SalesFunnel',1,0,0,0),(761,NULL,'DepartmentPerfomance',1,1,0,0),(762,NULL,'WeeklySales',1,2,0,0),(763,NULL,'Employees',1,3,0,0),(764,NULL,'Messages',1,4,0,0),(765,NULL,'Workers',1,5,0,0),(766,NULL,'SalesWarehouse',1,6,0,0),(767,NULL,'ApplicationInfo',1,0,1,0),(768,NULL,'DeliveryPlan',1,1,1,0),(769,NULL,'Goals',1,2,1,0),(770,NULL,'Calendar',1,3,1,0),(771,NULL,'Suppliers',1,4,1,0),(772,NULL,'HiringFunnel',1,5,1,0),(773,NULL,'HistoryEvent',1,6,1,0),(774,NULL,'SalesFunnel',1,0,0,0),(775,NULL,'DepartmentPerfomance',1,1,0,0),(776,NULL,'WeeklySales',1,2,0,0),(777,NULL,'Employees',1,3,0,0),(778,NULL,'Messages',1,4,0,0),(779,NULL,'Workers',1,5,0,0),(780,NULL,'SalesWarehouse',1,6,0,0),(781,NULL,'ApplicationInfo',1,0,1,0),(782,NULL,'DeliveryPlan',1,1,1,0),(783,NULL,'Goals',1,2,1,0),(784,NULL,'Calendar',1,3,1,0),(785,NULL,'Suppliers',1,4,1,0),(786,NULL,'HiringFunnel',1,5,1,0),(787,NULL,'HistoryEvent',1,6,1,0),(788,126,'SalesFunnel',1,0,0,0),(789,126,'DepartmentPerfomance',1,1,0,0),(790,126,'WeeklySales',1,2,0,0),(791,126,'Employees',1,3,0,0),(792,126,'Messages',1,4,0,0),(793,126,'Workers',1,5,0,0),(794,126,'SalesWarehouse',1,6,0,0),(795,126,'ApplicationInfo',1,0,1,0),(796,126,'DeliveryPlan',1,1,1,0),(797,126,'Goals',1,2,1,0),(798,126,'Calendar',1,3,1,0),(799,126,'Suppliers',1,4,1,0),(800,126,'HiringFunnel',1,5,1,0),(801,126,'HistoryEvent',1,6,1,0),(802,NULL,'SalesFunnel',1,0,0,0),(803,NULL,'DepartmentPerfomance',1,1,0,0),(804,NULL,'WeeklySales',1,2,0,0),(805,NULL,'Employees',1,3,0,0),(806,NULL,'Messages',1,4,0,0),(807,NULL,'Workers',1,5,0,0),(808,NULL,'SalesWarehouse',1,6,0,0),(809,NULL,'ApplicationInfo',1,0,1,0),(810,NULL,'DeliveryPlan',1,1,1,0),(811,NULL,'Goals',1,2,1,0),(812,NULL,'Calendar',1,3,1,0),(813,NULL,'Suppliers',1,4,1,0),(814,NULL,'HiringFunnel',1,5,1,0),(815,NULL,'HistoryEvent',1,6,1,0),(816,NULL,'SalesFunnel',1,0,0,0),(817,NULL,'DepartmentPerfomance',1,1,0,0),(818,NULL,'WeeklySales',1,2,0,0),(819,NULL,'Employees',1,3,0,0),(820,NULL,'Messages',1,4,0,0),(821,NULL,'Workers',1,5,0,0),(822,NULL,'SalesWarehouse',1,6,0,0),(823,NULL,'ApplicationInfo',1,0,1,0),(824,NULL,'DeliveryPlan',1,1,1,0),(825,NULL,'Goals',1,2,1,0),(826,NULL,'Calendar',1,3,1,0),(827,NULL,'Suppliers',1,4,1,0),(828,NULL,'HiringFunnel',1,5,1,0),(829,NULL,'HistoryEvent',1,6,1,0),(830,NULL,'SalesFunnel',1,0,0,0),(831,NULL,'DepartmentPerfomance',1,1,0,0),(832,NULL,'WeeklySales',1,2,0,0),(833,NULL,'Employees',1,3,0,0),(834,NULL,'Messages',1,4,0,0),(835,NULL,'Workers',1,5,0,0),(836,NULL,'SalesWarehouse',1,6,0,0),(837,NULL,'ApplicationInfo',1,0,1,0),(838,NULL,'DeliveryPlan',1,1,1,0),(839,NULL,'Goals',1,2,1,0),(840,NULL,'Calendar',1,3,1,0),(841,NULL,'Suppliers',1,4,1,0),(842,NULL,'HiringFunnel',1,5,1,0),(843,NULL,'HistoryEvent',1,6,1,0),(844,NULL,'SalesFunnel',1,0,0,0),(845,NULL,'DepartmentPerfomance',1,1,0,0),(846,NULL,'WeeklySales',1,2,0,0),(847,NULL,'Employees',1,3,0,0),(848,NULL,'Messages',1,4,0,0),(849,NULL,'Workers',1,5,0,0),(850,NULL,'SalesWarehouse',1,6,0,0),(851,NULL,'ApplicationInfo',1,0,1,0),(852,NULL,'DeliveryPlan',1,1,1,0),(853,NULL,'Goals',1,2,1,0),(854,NULL,'Calendar',1,3,1,0),(855,NULL,'Suppliers',1,4,1,0),(856,NULL,'HiringFunnel',1,5,1,0),(857,NULL,'HistoryEvent',1,6,1,0),(858,NULL,'SalesFunnel',1,0,0,0),(859,NULL,'DepartmentPerfomance',1,1,0,0),(860,NULL,'WeeklySales',1,2,0,0),(861,NULL,'Employees',1,3,0,0),(862,NULL,'Messages',1,4,0,0),(863,NULL,'Workers',1,5,0,0),(864,NULL,'SalesWarehouse',1,6,0,0),(865,NULL,'ApplicationInfo',1,0,1,0),(866,NULL,'DeliveryPlan',1,1,1,0),(867,NULL,'Goals',1,2,1,0),(868,NULL,'Calendar',1,3,1,0),(869,NULL,'Suppliers',1,4,1,0),(870,NULL,'HiringFunnel',1,5,1,0),(871,NULL,'HistoryEvent',1,6,1,0),(872,128,'SalesFunnel',1,0,0,0),(873,128,'DepartmentPerfomance',1,1,0,0),(874,128,'WeeklySales',1,2,0,0),(875,128,'Employees',1,3,0,0),(876,128,'Messages',1,4,0,0),(877,128,'Workers',1,5,0,0),(878,128,'SalesWarehouse',1,6,0,0),(879,128,'ApplicationInfo',1,0,1,0),(880,128,'DeliveryPlan',1,1,1,0),(881,128,'Goals',1,2,1,0),(882,128,'Calendar',1,3,1,0),(883,128,'Suppliers',1,4,1,0),(884,128,'HiringFunnel',1,5,1,0),(885,128,'HistoryEvent',1,6,1,0),(886,129,'SalesFunnel',0,0,0,0),(887,129,'DepartmentPerfomance',1,1,0,0),(888,129,'WeeklySales',1,2,0,0),(889,129,'Employees',1,3,0,0),(890,129,'Messages',1,4,0,0),(891,129,'Workers',1,5,0,0),(892,129,'SalesWarehouse',1,6,0,0),(893,129,'ApplicationInfo',1,0,1,0),(894,129,'DeliveryPlan',1,1,1,0),(895,129,'Goals',1,2,1,0),(896,129,'Calendar',1,3,1,0),(897,129,'Suppliers',1,4,1,0),(898,129,'HiringFunnel',1,5,1,0),(899,129,'HistoryEvent',1,6,1,0),(900,130,'SalesFunnel',1,0,0,0),(901,130,'DepartmentPerfomance',1,1,0,0),(902,130,'WeeklySales',1,2,0,0),(903,130,'Employees',1,3,0,0),(904,130,'Messages',1,4,0,0),(905,130,'Workers',1,5,0,0),(906,130,'SalesWarehouse',1,6,0,0),(907,130,'ApplicationInfo',1,0,1,0),(908,130,'DeliveryPlan',1,1,1,0),(909,130,'Goals',1,2,1,0),(910,130,'Calendar',1,3,1,0),(911,130,'Suppliers',1,4,1,0),(912,130,'HiringFunnel',1,5,1,0),(913,130,'HistoryEvent',1,6,1,0);
/*!40000 ALTER TABLE `widget_user` ENABLE KEYS */;
UNLOCK TABLES;

--
-- Table structure for table `worker`
--

DROP TABLE IF EXISTS `worker`;
/*!40101 SET @saved_cs_client     = @@character_set_client */;
/*!50503 SET character_set_client = utf8mb4 */;
CREATE TABLE `worker` (
  `id` int(11) NOT NULL AUTO_INCREMENT,
  `status` tinyint(1) DEFAULT NULL,
  `name` varchar(255) DEFAULT NULL,
  `surname` varchar(255) DEFAULT NULL,
  `patronymic` varchar(255) DEFAULT NULL,
  `date_birth` date DEFAULT NULL,
  `gender` tinyint(1) DEFAULT NULL,
  `passport` varchar(255) DEFAULT NULL,
  `apply_position` varchar(255) DEFAULT NULL,
  `experience` int(11) DEFAULT NULL,
  `experience_description` text,
  `collaborated` tinyint(1) DEFAULT NULL,
  PRIMARY KEY (`id`)
) ENGINE=InnoDB AUTO_INCREMENT=25 DEFAULT CHARSET=utf8;
/*!40101 SET character_set_client = @saved_cs_client */;

--
-- Dumping data for table `worker`
--

LOCK TABLES `worker` WRITE;
/*!40000 ALTER TABLE `worker` DISABLE KEYS */;
INSERT INTO `worker` (`id`, `status`, `name`, `surname`, `patronymic`, `date_birth`, `gender`, `passport`, `apply_position`, `experience`, `experience_description`, `collaborated`) VALUES (1,0,'','','','1997-12-12',1,'258741','-',5,'<p>   </p><p><br></p>',0),(2,0,' ','','',NULL,0,'-','-',2,'',0),(3,0,'','','',NULL,0,'-','-',7,'',0),(4,0,'','','',NULL,0,'-','-',10,'',0),(5,0,'','','','1997-12-12',1,'258741','-',5,'<p>   </p><p><br></p>',0),(6,0,' ','','',NULL,0,'-','-',2,'',0),(7,0,'','','',NULL,0,'-','-',7,'',0),(8,0,'','','',NULL,0,'-','-',10,'',0),(9,0,'','','','1997-12-12',1,'258741','-',5,'<p>   </p><p><br></p>',0),(10,0,' ','','',NULL,0,'-','-',2,'',0),(11,0,'','','',NULL,0,'-','-',7,'',0),(12,0,'','','',NULL,0,'-','-',10,'',0),(13,0,'','','','1997-12-12',1,'258741','-',5,'<p>   </p><p><br></p>',0),(14,0,' ','','',NULL,0,'-','-',2,'',0),(15,0,'','','',NULL,0,'-','-',7,'',0),(16,0,'','','',NULL,0,'-','-',10,'',0),(17,0,'','','','1997-12-12',1,'258741','-',5,'<p>   </p><p><br></p>',0),(18,0,' ','','',NULL,0,'-','-',2,'',0),(19,0,'','','',NULL,0,'-','-',7,'',0),(20,0,'','','',NULL,0,'-','-',10,'',0),(21,0,'','','','1997-12-12',1,'258741','-',5,'<p>   </p><p><br></p>',0),(22,0,' ','','',NULL,0,'-','-',2,'',0),(23,0,'','','',NULL,0,'-','-',7,'',0),(24,0,'','','',NULL,0,'-','-',10,'',0);
/*!40000 ALTER TABLE `worker` ENABLE KEYS */;
UNLOCK TABLES;

--
-- Table structure for table `worker_vacancy`
--

DROP TABLE IF EXISTS `worker_vacancy`;
/*!40101 SET @saved_cs_client     = @@character_set_client */;
/*!50503 SET character_set_client = utf8mb4 */;
CREATE TABLE `worker_vacancy` (
  `id` int(11) NOT NULL AUTO_INCREMENT,
  `worker_id` int(11) DEFAULT NULL,
  `vacancy_id` int(11) DEFAULT NULL,
  PRIMARY KEY (`id`),
  KEY `idx-worker_vacancy-worker_id` (`worker_id`),
  KEY `idx-worker_vacancy-vacancy_id` (`vacancy_id`),
  CONSTRAINT `fk-worker_vacancy-vacancy_id` FOREIGN KEY (`vacancy_id`) REFERENCES `vacancy` (`id`) ON DELETE CASCADE,
  CONSTRAINT `fk-worker_vacancy-worker_id` FOREIGN KEY (`worker_id`) REFERENCES `worker` (`id`) ON DELETE CASCADE
) ENGINE=InnoDB AUTO_INCREMENT=9 DEFAULT CHARSET=utf8;
/*!40101 SET character_set_client = @saved_cs_client */;

--
-- Dumping data for table `worker_vacancy`
--

LOCK TABLES `worker_vacancy` WRITE;
/*!40000 ALTER TABLE `worker_vacancy` DISABLE KEYS */;
INSERT INTO `worker_vacancy` (`id`, `worker_id`, `vacancy_id`) VALUES (1,1,87),(2,1,88),(3,2,89),(4,3,86),(5,3,88),(6,4,86),(7,4,87),(8,4,88);
/*!40000 ALTER TABLE `worker_vacancy` ENABLE KEYS */;
UNLOCK TABLES;
/*!40103 SET TIME_ZONE=@OLD_TIME_ZONE */;

/*!40101 SET SQL_MODE=@OLD_SQL_MODE */;
/*!40014 SET FOREIGN_KEY_CHECKS=@OLD_FOREIGN_KEY_CHECKS */;
/*!40014 SET UNIQUE_CHECKS=@OLD_UNIQUE_CHECKS */;
/*!40101 SET CHARACTER_SET_CLIENT=@OLD_CHARACTER_SET_CLIENT */;
/*!40101 SET CHARACTER_SET_RESULTS=@OLD_CHARACTER_SET_RESULTS */;
/*!40101 SET COLLATION_CONNECTION=@OLD_COLLATION_CONNECTION */;
/*!40111 SET SQL_NOTES=@OLD_SQL_NOTES */;

-- Dump completed on 2020-12-04 18:12:30
