SET NAMES utf8;
SET CHARACTER SET utf8;
-- DEFAULT CHARSET='utf8';




-- MySQL dump 10.13  Distrib 5.6.33, for debian-linux-gnu (x86_64)
--
-- Host: 127.0.0.1    Database: warehouse
-- ------------------------------------------------------
-- Server version	5.7.25

/*!40101 SET @OLD_CHARACTER_SET_CLIENT=@@CHARACTER_SET_CLIENT */;
/*!40101 SET @OLD_CHARACTER_SET_RESULTS=@@CHARACTER_SET_RESULTS */;
/*!40101 SET @OLD_COLLATION_CONNECTION=@@COLLATION_CONNECTION */;
/*!40101 SET NAMES utf8 */;
/*!40103 SET @OLD_TIME_ZONE=@@TIME_ZONE */;
/*!40103 SET TIME_ZONE='+00:00' */;
/*!40014 SET @OLD_UNIQUE_CHECKS=@@UNIQUE_CHECKS, UNIQUE_CHECKS=0 */;
/*!40014 SET @OLD_FOREIGN_KEY_CHECKS=@@FOREIGN_KEY_CHECKS, FOREIGN_KEY_CHECKS=0 */;
/*!40101 SET @OLD_SQL_MODE=@@SQL_MODE, SQL_MODE='NO_AUTO_VALUE_ON_ZERO' */;
/*!40111 SET @OLD_SQL_NOTES=@@SQL_NOTES, SQL_NOTES=0 */;

--
-- Table structure for table `accessory`
--

DROP TABLE IF EXISTS `accessory`;
/*!40101 SET @saved_cs_client     = @@character_set_client */;
/*!40101 SET character_set_client = utf8 */;
CREATE TABLE `accessory` (
  `id` int(11) NOT NULL AUTO_INCREMENT,
  `entity_class` varchar(255) DEFAULT NULL,
  `entity_id` int(11) DEFAULT NULL,
  `user_id` int(11) DEFAULT NULL,
  PRIMARY KEY (`id`)
) ENGINE=InnoDB AUTO_INCREMENT=1271 DEFAULT CHARSET=utf8;
/*!40101 SET character_set_client = @saved_cs_client */;

--
-- Dumping data for table `accessory`
--

LOCK TABLES `accessory` WRITE;
/*!40000 ALTER TABLE `accessory` DISABLE KEYS */;
INSERT INTO `accessory` VALUES (1,'forma\\modules\\country\\records\\Country',6,1),(2,'forma\\modules\\customer\\records\\Customer',6,1),(3,'forma\\modules\\customer\\records\\Customer',7,1),(9,'forma\\modules\\country\\records\\Country',7,3),(10,'forma\\modules\\customer\\records\\Customer',8,3),(13,'forma\\modules\\country\\records\\Country',8,6),(14,'forma\\modules\\country\\records\\Country',9,4),(15,'forma\\modules\\customer\\records\\Customer',9,4),(17,'forma\\modules\\country\\records\\Country',10,6),(18,'forma\\modules\\country\\records\\Country',11,6),(19,'forma\\modules\\customer\\records\\Customer',10,6),(21,'forma\\modules\\customer\\records\\Customer',4,6),(23,'forma\\modules\\customer\\records\\Customer',11,1),(25,'forma\\modules\\product\\records\\Manufacturer',6,1),(26,'forma\\modules\\product\\records\\Type',3,1),(27,'forma\\modules\\product\\records\\Product',11,1),(28,'forma\\modules\\customer\\records\\Customer',12,5),(31,'forma\\modules\\customer\\records\\Customer',13,5),(34,'forma\\modules\\customer\\records\\Customer',14,5),(36,'forma\\modules\\customer\\records\\Customer',15,5),(38,'forma\\modules\\customer\\records\\Customer',16,5),(40,'forma\\modules\\customer\\records\\Customer',17,5),(42,'forma\\modules\\customer\\records\\Customer',18,5),(44,'forma\\modules\\customer\\records\\Customer',19,5),(47,'forma\\modules\\customer\\records\\Customer',20,5),(49,'forma\\modules\\customer\\records\\Customer',21,5),(51,'forma\\modules\\customer\\records\\Customer',22,5),(54,'forma\\modules\\product\\records\\Type',4,5),(55,'forma\\modules\\product\\records\\Manufacturer',7,5),(59,'forma\\modules\\customer\\records\\Customer',23,1),(62,'forma\\modules\\product\\records\\Type',5,1),(63,'forma\\modules\\product\\records\\Product',12,1),(66,'forma\\modules\\customer\\records\\Customer',24,6),(67,'forma\\modules\\customer\\records\\Customer',25,6),(68,'forma\\modules\\customer\\records\\Customer',26,6),(69,'forma\\modules\\customer\\records\\Customer',27,1),(70,'forma\\modules\\customer\\records\\Customer',28,1),(71,'forma\\modules\\customer\\records\\Customer',29,1),(78,'forma\\modules\\customer\\records\\Customer',30,4),(79,'forma\\modules\\customer\\records\\Customer',31,6),(85,'forma\\modules\\customer\\records\\Customer',32,6),(86,'forma\\modules\\customer\\records\\Customer',33,6),(87,'forma\\modules\\customer\\records\\Customer',34,6),(88,'forma\\modules\\customer\\records\\Customer',35,6),(89,'forma\\modules\\customer\\records\\Customer',36,6),(90,'forma\\modules\\customer\\records\\Customer',37,6),(91,'forma\\modules\\customer\\records\\Customer',38,6),(92,'forma\\modules\\customer\\records\\Customer',39,6),(93,'forma\\modules\\customer\\records\\Customer',40,6),(94,'forma\\modules\\customer\\records\\Customer',41,6),(95,'forma\\modules\\customer\\records\\Customer',42,6),(96,'forma\\modules\\customer\\records\\Customer',43,6),(97,'forma\\modules\\customer\\records\\Customer',44,6),(98,'forma\\modules\\customer\\records\\Customer',45,6),(99,'forma\\modules\\customer\\records\\Customer',46,6),(100,'forma\\modules\\customer\\records\\Customer',47,6),(101,'forma\\modules\\customer\\records\\Customer',48,6),(102,'forma\\modules\\customer\\records\\Customer',49,6),(103,'forma\\modules\\customer\\records\\Customer',50,6),(104,'forma\\modules\\customer\\records\\Customer',51,6),(105,'forma\\modules\\customer\\records\\Customer',52,6),(106,'forma\\modules\\customer\\records\\Customer',53,6),(107,'forma\\modules\\customer\\records\\Customer',54,6),(108,'forma\\modules\\customer\\records\\Customer',55,6),(109,'forma\\modules\\customer\\records\\Customer',56,6),(110,'forma\\modules\\customer\\records\\Customer',57,6),(111,'forma\\modules\\customer\\records\\Customer',58,6),(115,'forma\\modules\\customer\\records\\Customer',59,1),(117,'forma\\modules\\customer\\records\\Customer',60,1),(118,'forma\\modules\\product\\records\\Type',9,1),(119,'forma\\modules\\product\\records\\Type',10,1),(120,'forma\\modules\\product\\records\\Manufacturer',8,1),(121,'forma\\modules\\product\\records\\Type',11,1),(122,'forma\\modules\\product\\records\\Type',12,1),(123,'forma\\modules\\product\\records\\Type',13,1),(124,'forma\\modules\\product\\records\\Type',14,1),(125,'forma\\modules\\product\\records\\PackUnit',4,1),(126,'forma\\modules\\product\\records\\PackUnit',5,1),(127,'forma\\modules\\product\\records\\Category',1,1),(128,'forma\\modules\\product\\records\\Category',2,1),(129,'forma\\modules\\product\\records\\Product',13,1),(130,'forma\\modules\\product\\records\\Product',14,1),(131,'forma\\modules\\supplier\\records\\Supplier',6,1),(132,'forma\\modules\\product\\records\\Currency',4,1),(133,'forma\\modules\\product\\records\\Currency',5,1),(134,'forma\\modules\\product\\records\\Currency',6,1),(135,'forma\\modules\\product\\records\\TaxRate',4,1),(136,'forma\\modules\\product\\records\\TaxRate',5,1),(138,'forma\\modules\\product\\records\\TaxRate',6,1),(152,'forma\\modules\\customer\\records\\Customer',61,6),(153,'forma\\modules\\customer\\records\\Customer',62,6),(154,'forma\\modules\\customer\\records\\Customer',63,6),(155,'forma\\modules\\customer\\records\\Customer',64,6),(156,'forma\\modules\\customer\\records\\Customer',65,6),(157,'forma\\modules\\customer\\records\\Customer',66,6),(159,'forma\\modules\\customer\\records\\Customer',67,6),(161,'forma\\modules\\customer\\records\\Customer',68,6),(163,'forma\\modules\\customer\\records\\Customer',69,6),(165,'forma\\modules\\customer\\records\\Customer',70,6),(166,'forma\\modules\\customer\\records\\Customer',71,6),(168,'forma\\modules\\customer\\records\\Customer',72,6),(170,'forma\\modules\\customer\\records\\Customer',73,6),(172,'forma\\modules\\customer\\records\\Customer',74,6),(174,'forma\\modules\\customer\\records\\Customer',75,6),(176,'forma\\modules\\supplier\\records\\Supplier',7,6),(177,'forma\\modules\\customer\\records\\Customer',76,6),(178,'forma\\modules\\customer\\records\\Customer',77,6),(181,'forma\\modules\\project\\records\\Project',2,1),(182,'forma\\modules\\vacancy\\records\\Vacancy',1,1),(183,'forma\\modules\\vacancy\\records\\Vacancy',2,1),(184,'forma\\modules\\vacancy\\records\\Vacancy',3,1),(185,'forma\\modules\\vacancy\\records\\Vacancy',4,1),(186,'forma\\modules\\worker\\records\\Worker',1,1),(187,'forma\\modules\\worker\\records\\Worker',2,1),(188,'forma\\modules\\worker\\records\\Worker',3,1),(189,'forma\\modules\\worker\\records\\Worker',4,1),(190,'forma\\modules\\worker\\records\\Worker',5,1),(191,'forma\\modules\\worker\\records\\Worker',6,1),(192,'forma\\modules\\worker\\records\\Worker',7,1),(193,'forma\\modules\\worker\\records\\Worker',8,1),(194,'forma\\modules\\product\\records\\Product',15,1),(195,'forma\\modules\\product\\records\\Product',16,1),(196,'forma\\modules\\product\\records\\Product',17,1),(197,'forma\\modules\\product\\records\\Product',18,1),(198,'forma\\modules\\product\\records\\Product',19,1),(199,'forma\\modules\\customer\\records\\Customer',78,1),(200,'forma\\modules\\customer\\records\\Customer',79,6),(201,'forma\\modules\\customer\\records\\Customer',80,6),(202,'forma\\modules\\customer\\records\\Customer',81,6),(203,'forma\\modules\\customer\\records\\Customer',82,6),(204,'forma\\modules\\customer\\records\\Customer',83,6),(205,'forma\\modules\\customer\\records\\Customer',84,6),(206,'forma\\modules\\customer\\records\\Customer',85,6),(207,'forma\\modules\\customer\\records\\Customer',86,6),(208,'forma\\modules\\customer\\records\\Customer',87,6),(209,'forma\\modules\\customer\\records\\Customer',88,6),(210,'forma\\modules\\customer\\records\\Customer',89,6),(211,'forma\\modules\\customer\\records\\Customer',90,6),(212,'forma\\modules\\customer\\records\\Customer',91,6),(213,'forma\\modules\\customer\\records\\Customer',92,6),(214,'forma\\modules\\customer\\records\\Customer',93,6),(215,'forma\\modules\\customer\\records\\Customer',94,6),(216,'forma\\modules\\customer\\records\\Customer',95,6),(234,'forma\\modules\\customer\\records\\Customer',96,6),(235,'forma\\modules\\customer\\records\\Customer',97,6),(239,'forma\\modules\\supplier\\records\\Supplier',8,1),(240,'forma\\modules\\worker\\records\\Worker',9,8),(241,'forma\\modules\\project\\records\\project\\Project',13,6),(242,'forma\\modules\\project\\records\\project\\Project',14,6),(243,'forma\\modules\\project\\records\\project\\Project',15,6),(244,'forma\\modules\\project\\records\\project\\Project',16,6),(245,'forma\\modules\\project\\records\\project\\Project',17,6),(246,'forma\\modules\\project\\records\\project\\Project',18,6),(247,'forma\\modules\\vacancy\\records\\Vacancy',5,6),(248,'forma\\modules\\vacancy\\records\\Vacancy',6,6),(249,'forma\\modules\\vacancy\\records\\Vacancy',7,6),(250,'forma\\modules\\vacancy\\records\\Vacancy',8,6),(251,'forma\\modules\\vacancy\\records\\Vacancy',9,6),(252,'forma\\modules\\vacancy\\records\\Vacancy',10,6),(253,'forma\\modules\\worker\\records\\Worker',10,6),(255,'forma\\modules\\worker\\records\\Worker',11,6),(256,'forma\\modules\\worker\\records\\Worker',12,6),(257,'forma\\modules\\worker\\records\\Worker',13,6),(305,'forma\\modules\\vacancy\\records\\Vacancy',34,11),(306,'forma\\modules\\project\\records\\project\\Project',30,11),(307,'forma\\modules\\worker\\records\\Worker',27,11),(308,'forma\\modules\\worker\\records\\Worker',28,11),(312,'forma\\modules\\customer\\records\\Customer',98,6),(327,'forma\\modules\\project\\records\\Project',1,1),(328,'forma\\modules\\project\\records\\project\\Project',2,1),(329,'forma\\modules\\project\\records\\project\\Project',3,1),(330,'forma\\modules\\project\\records\\project\\Project',4,1),(331,'forma\\modules\\project\\records\\project\\Project',5,1),(332,'forma\\modules\\project\\records\\project\\Project',6,1),(333,'forma\\modules\\project\\records\\project\\Project',7,1),(334,'forma\\modules\\project\\records\\project\\Project',8,1),(335,'forma\\modules\\project\\records\\project\\Project',9,1),(336,'forma\\modules\\project\\records\\project\\Project',10,1),(337,'forma\\modules\\project\\records\\project\\Project',11,1),(338,'forma\\modules\\project\\records\\project\\Project',12,1),(339,'forma\\modules\\project\\records\\project\\Project',31,1),(340,'forma\\modules\\customer\\records\\Customer',99,1),(341,'forma\\modules\\worker\\records\\Worker',30,1),(342,'forma\\modules\\vacancy\\records\\Vacancy',36,1),(343,'forma\\modules\\project\\records\\project\\Project',32,1),(344,'forma\\modules\\worker\\records\\Worker',31,1),(345,'forma\\modules\\product\\records\\Product',20,1),(347,'forma\\modules\\selling\\records\\talk\\Answer',1,6),(348,'forma\\modules\\selling\\records\\talk\\Answer',2,6),(350,'forma\\modules\\selling\\records\\talk\\Answer',3,6),(351,'forma\\modules\\selling\\records\\talk\\Answer',4,6),(352,'forma\\modules\\selling\\records\\talk\\Answer',5,6),(353,'forma\\modules\\selling\\records\\talk\\Answer',6,6),(354,'forma\\modules\\selling\\records\\talk\\Answer',7,6),(355,'forma\\modules\\selling\\records\\talk\\Answer',8,6),(356,'forma\\modules\\selling\\records\\talk\\Answer',9,6),(357,'forma\\modules\\selling\\records\\talk\\Answer',10,6),(358,'forma\\modules\\selling\\records\\talk\\Answer',11,6),(359,'forma\\modules\\selling\\records\\talk\\Answer',12,6),(360,'forma\\modules\\selling\\records\\talk\\Answer',13,6),(361,'forma\\modules\\selling\\records\\talk\\Answer',31,6),(362,'forma\\modules\\selling\\records\\talk\\Answer',32,6),(363,'forma\\modules\\selling\\records\\talk\\Answer',33,6),(364,'forma\\modules\\selling\\records\\talk\\Request',1,6),(365,'forma\\modules\\selling\\records\\talk\\Request',2,6),(366,'forma\\modules\\selling\\records\\talk\\Request',3,6),(367,'forma\\modules\\selling\\records\\talk\\Request',4,6),(368,'forma\\modules\\selling\\records\\talk\\Request',5,6),(369,'forma\\modules\\selling\\records\\talk\\Request',6,6),(370,'forma\\modules\\selling\\records\\talk\\Request',7,6),(371,'forma\\modules\\selling\\records\\talk\\Request',8,6),(372,'forma\\modules\\selling\\records\\talk\\Request',9,6),(373,'forma\\modules\\selling\\records\\talk\\Request',10,6),(374,'forma\\modules\\selling\\records\\talk\\Request',11,6),(375,'forma\\modules\\selling\\records\\talk\\Request',12,6),(376,'forma\\modules\\selling\\records\\talk\\Request',13,6),(377,'forma\\modules\\selling\\records\\talk\\Request',14,6),(378,'forma\\modules\\selling\\records\\talk\\Request',15,6),(379,'forma\\modules\\selling\\records\\talk\\Request',16,6),(380,'forma\\modules\\selling\\records\\talk\\Request',17,6),(381,'forma\\modules\\selling\\records\\strategy\\Strategy',1,6),(382,'forma\\modules\\customer\\records\\Customer',100,6),(383,'forma\\modules\\hr\\records\\interview\\Interview',27,1),(385,'forma\\modules\\customer\\records\\Customer',101,1),(389,'forma\\modules\\customer\\records\\Customer',102,1),(390,'forma\\modules\\worker\\records\\Worker',32,1),(392,'forma\\modules\\project\\records\\project\\Project',33,1),(394,'forma\\modules\\hr\\records\\interview\\Interview',28,1),(395,'forma\\modules\\customer\\records\\Customer',103,6),(396,'forma\\modules\\vacancy\\records\\Vacancy',37,1),(397,'forma\\modules\\hr\\records\\interview\\Interview',29,1),(402,'forma\\modules\\hr\\records\\interview\\Interview',30,1),(406,'forma\\modules\\hr\\records\\interview\\Interview',31,1),(413,'forma\\modules\\selling\\records\\requeststrategy\\RequestStrategy',2,6),(414,'forma\\modules\\selling\\records\\requeststrategy\\RequestStrategy',3,6),(415,'forma\\modules\\selling\\records\\requeststrategy\\RequestStrategy',4,6),(416,'forma\\modules\\selling\\records\\requeststrategy\\RequestStrategy',5,6),(417,'forma\\modules\\selling\\records\\requeststrategy\\RequestStrategy',6,6),(418,'forma\\modules\\selling\\records\\requeststrategy\\RequestStrategy',7,6),(419,'forma\\modules\\selling\\records\\requeststrategy\\RequestStrategy',8,6),(420,'forma\\modules\\selling\\records\\requeststrategy\\RequestStrategy',9,6),(421,'forma\\modules\\selling\\records\\requeststrategy\\RequestStrategy',10,6),(422,'forma\\modules\\selling\\records\\requeststrategy\\RequestStrategy',11,6),(423,'forma\\modules\\selling\\records\\requeststrategy\\RequestStrategy',12,6),(424,'forma\\modules\\selling\\records\\requeststrategy\\RequestStrategy',13,6),(425,'forma\\modules\\selling\\records\\requeststrategy\\RequestStrategy',14,6),(426,'forma\\modules\\selling\\records\\requeststrategy\\RequestStrategy',15,6),(427,'forma\\modules\\selling\\records\\requeststrategy\\RequestStrategy',16,6),(428,'forma\\modules\\selling\\records\\selling\\Selling',20,6),(430,'forma\\modules\\selling\\records\\selling\\Selling',23,6),(431,'forma\\modules\\selling\\records\\selling\\Selling',24,6),(432,'forma\\modules\\selling\\records\\selling\\Selling',25,6),(433,'forma\\modules\\selling\\records\\selling\\Selling',26,6),(434,'forma\\modules\\selling\\records\\selling\\Selling',27,6),(435,'forma\\modules\\selling\\records\\selling\\Selling',28,6),(436,'forma\\modules\\selling\\records\\selling\\Selling',29,6),(437,'forma\\modules\\selling\\records\\selling\\Selling',30,6),(438,'forma\\modules\\selling\\records\\selling\\Selling',32,6),(439,'forma\\modules\\selling\\records\\selling\\Selling',33,6),(440,'forma\\modules\\selling\\records\\selling\\Selling',34,6),(441,'forma\\modules\\selling\\records\\selling\\Selling',35,6),(442,'forma\\modules\\selling\\records\\selling\\Selling',37,6),(443,'forma\\modules\\selling\\records\\selling\\Selling',38,6),(444,'forma\\modules\\selling\\records\\selling\\Selling',39,6),(445,'forma\\modules\\selling\\records\\selling\\Selling',45,6),(446,'forma\\modules\\selling\\records\\selling\\Selling',47,6),(447,'forma\\modules\\selling\\records\\selling\\Selling',48,6),(448,'forma\\modules\\selling\\records\\selling\\Selling',49,6),(449,'forma\\modules\\selling\\records\\selling\\Selling',51,6),(450,'forma\\modules\\selling\\records\\selling\\Selling',53,6),(451,'forma\\modules\\selling\\records\\selling\\Selling',54,6),(452,'forma\\modules\\selling\\records\\selling\\Selling',60,6),(453,'forma\\modules\\selling\\records\\selling\\Selling',61,6),(454,'forma\\modules\\selling\\records\\selling\\Selling',62,6),(455,'forma\\modules\\selling\\records\\selling\\Selling',63,6),(456,'forma\\modules\\selling\\records\\selling\\Selling',64,6),(457,'forma\\modules\\selling\\records\\selling\\Selling',66,6),(458,'forma\\modules\\selling\\records\\selling\\Selling',67,6),(459,'forma\\modules\\selling\\records\\selling\\Selling',68,6),(460,'forma\\modules\\selling\\records\\selling\\Selling',69,6),(461,'forma\\modules\\selling\\records\\selling\\Selling',71,6),(462,'forma\\modules\\selling\\records\\selling\\Selling',73,6),(463,'forma\\modules\\selling\\records\\selling\\Selling',75,6),(464,'forma\\modules\\selling\\records\\selling\\Selling',76,6),(465,'forma\\modules\\selling\\records\\selling\\Selling',77,6),(466,'forma\\modules\\selling\\records\\selling\\Selling',78,6),(467,'forma\\modules\\selling\\records\\selling\\Selling',79,6),(468,'forma\\modules\\selling\\records\\selling\\Selling',80,6),(469,'forma\\modules\\selling\\records\\selling\\Selling',81,6),(470,'forma\\modules\\selling\\records\\selling\\Selling',82,6),(471,'forma\\modules\\selling\\records\\selling\\Selling',83,6),(472,'forma\\modules\\selling\\records\\selling\\Selling',84,6),(473,'forma\\modules\\selling\\records\\selling\\Selling',85,6),(474,'forma\\modules\\selling\\records\\selling\\Selling',86,6),(475,'forma\\modules\\selling\\records\\selling\\Selling',87,6),(476,'forma\\modules\\selling\\records\\selling\\Selling',88,6),(477,'forma\\modules\\selling\\records\\selling\\Selling',89,6),(478,'forma\\modules\\selling\\records\\selling\\Selling',90,6),(479,'forma\\modules\\selling\\records\\selling\\Selling',91,6),(480,'forma\\modules\\selling\\records\\selling\\Selling',92,6),(481,'forma\\modules\\selling\\records\\selling\\Selling',93,6),(482,'forma\\modules\\selling\\records\\selling\\Selling',94,6),(483,'forma\\modules\\selling\\records\\selling\\Selling',95,6),(484,'forma\\modules\\selling\\records\\selling\\Selling',96,6),(485,'forma\\modules\\selling\\records\\selling\\Selling',97,6),(486,'forma\\modules\\selling\\records\\selling\\Selling',98,6),(487,'forma\\modules\\selling\\records\\selling\\Selling',99,6),(488,'forma\\modules\\selling\\records\\selling\\Selling',100,6),(489,'forma\\modules\\selling\\records\\selling\\Selling',101,6),(490,'forma\\modules\\selling\\records\\selling\\Selling',102,6),(491,'forma\\modules\\selling\\records\\selling\\Selling',103,6),(492,'forma\\modules\\selling\\records\\selling\\Selling',104,6),(493,'forma\\modules\\selling\\records\\selling\\Selling',105,6),(494,'forma\\modules\\selling\\records\\selling\\Selling',106,6),(495,'forma\\modules\\selling\\records\\selling\\Selling',107,6),(496,'forma\\modules\\selling\\records\\selling\\Selling',108,6),(497,'forma\\modules\\selling\\records\\selling\\Selling',109,6),(498,'forma\\modules\\selling\\records\\selling\\Selling',110,6),(499,'forma\\modules\\selling\\records\\selling\\Selling',111,6),(500,'forma\\modules\\selling\\records\\selling\\Selling',112,6),(501,'forma\\modules\\selling\\records\\selling\\Selling',113,6),(502,'forma\\modules\\selling\\records\\selling\\Selling',114,6),(503,'forma\\modules\\selling\\records\\selling\\Selling',115,6),(504,'forma\\modules\\selling\\records\\selling\\Selling',116,6),(505,'forma\\modules\\selling\\records\\selling\\Selling',117,6),(506,'forma\\modules\\selling\\records\\selling\\Selling',118,6),(507,'forma\\modules\\selling\\records\\selling\\Selling',119,6),(508,'forma\\modules\\selling\\records\\selling\\Selling',120,6),(509,'forma\\modules\\selling\\records\\selling\\Selling',121,6),(510,'forma\\modules\\hr\\records\\interview\\Interview',32,6),(513,'forma\\modules\\vacancy\\records\\Vacancy',38,1),(603,'forma\\modules\\vacancy\\records\\Vacancy',39,14),(604,'forma\\modules\\vacancy\\records\\Vacancy',40,14),(605,'forma\\modules\\vacancy\\records\\Vacancy',41,14),(606,'forma\\modules\\vacancy\\records\\Vacancy',42,13),(607,'forma\\modules\\vacancy\\records\\Vacancy',43,13),(608,'forma\\modules\\vacancy\\records\\Vacancy',44,13),(609,'forma\\modules\\vacancy\\records\\Vacancy',45,15),(610,'forma\\modules\\vacancy\\records\\Vacancy',46,15),(611,'forma\\modules\\vacancy\\records\\Vacancy',47,15),(612,'forma\\modules\\worker\\records\\Worker',33,14),(613,'forma\\modules\\worker\\records\\Worker',34,14),(614,'forma\\modules\\worker\\records\\Worker',35,14),(615,'forma\\modules\\worker\\records\\Worker',36,13),(616,'forma\\modules\\worker\\records\\Worker',37,13),(617,'forma\\modules\\worker\\records\\Worker',38,13),(618,'forma\\modules\\worker\\records\\Worker',39,15),(619,'forma\\modules\\worker\\records\\Worker',40,15),(620,'forma\\modules\\worker\\records\\Worker',41,15),(621,'forma\\modules\\project\\records\\project\\Project',34,14),(622,'forma\\modules\\project\\records\\project\\Project',35,14),(623,'forma\\modules\\project\\records\\project\\Project',36,14),(630,'forma\\modules\\project\\records\\project\\Project',40,15),(631,'forma\\modules\\project\\records\\project\\Project',41,13),(632,'forma\\modules\\project\\records\\project\\Project',38,13),(633,'forma\\modules\\project\\records\\project\\Project',42,13),(634,'forma\\modules\\project\\records\\project\\Project',43,15),(635,'forma\\modules\\project\\records\\project\\Project',42,15),(636,'forma\\modules\\project\\records\\project\\Project',41,15),(637,'forma\\modules\\project\\records\\project\\Project',35,15),(638,'forma\\modules\\project\\records\\project\\Project',36,15),(639,'forma\\modules\\project\\records\\project\\Project',34,15),(640,'forma\\modules\\project\\records\\project\\Project',44,13),(641,'forma\\modules\\project\\records\\project\\Project',45,15),(642,'forma\\modules\\project\\records\\project\\Project',46,13),(659,'forma\\modules\\project\\records\\projectvacancy\\ProjectVacancy',10,14),(660,'forma\\modules\\vacancy\\records\\Vacancy',42,14),(661,'forma\\modules\\vacancy\\records\\Vacancy',43,14),(662,'forma\\modules\\vacancy\\records\\Vacancy',44,14),(663,'forma\\modules\\vacancy\\records\\Vacancy',45,14),(664,'forma\\modules\\vacancy\\records\\Vacancy',46,14),(665,'forma\\modules\\vacancy\\records\\Vacancy',47,14),(666,'forma\\modules\\hr\\records\\interview\\Interview',51,14),(667,'forma\\modules\\hr\\records\\interview\\Interview',50,14),(668,'forma\\modules\\worker\\records\\Worker',21,14),(669,'forma\\modules\\worker\\records\\Worker',39,14),(670,'forma\\modules\\hr\\records\\interview\\Interview',52,14),(671,'forma\\modules\\project\\records\\projectvacancy\\ProjectVacancy',8,14),(672,'forma\\modules\\project\\records\\projectvacancy\\ProjectVacancy',11,14),(673,'forma\\modules\\worker\\records\\Worker',37,14),(674,'forma\\modules\\hr\\records\\interview\\Interview',53,14),(675,'forma\\modules\\selling\\records\\strategy\\Strategy',3,14),(676,'forma\\modules\\selling\\records\\talk\\Request',18,14),(677,'forma\\modules\\selling\\records\\talk\\Request',19,14),(678,'forma\\modules\\selling\\records\\talk\\Request',20,14),(679,'forma\\modules\\selling\\records\\talk\\Request',21,14),(680,'forma\\modules\\selling\\records\\talk\\Request',22,14),(682,'forma\\modules\\selling\\records\\talk\\Request',23,14),(683,'forma\\modules\\selling\\records\\talk\\Request',24,14),(684,'forma\\modules\\selling\\records\\talk\\Request',25,14),(685,'forma\\modules\\selling\\records\\talk\\Request',26,14),(686,'forma\\modules\\worker\\records\\Worker',42,14),(687,'forma\\modules\\selling\\records\\requeststrategy\\RequestStrategy',17,14),(688,'forma\\modules\\selling\\records\\requeststrategy\\RequestStrategy',18,14),(689,'forma\\modules\\selling\\records\\requeststrategy\\RequestStrategy',19,14),(690,'forma\\modules\\selling\\records\\requeststrategy\\RequestStrategy',20,14),(691,'forma\\modules\\selling\\records\\requeststrategy\\RequestStrategy',21,14),(692,'forma\\modules\\selling\\records\\requeststrategy\\RequestStrategy',22,14),(693,'forma\\modules\\selling\\records\\requeststrategy\\RequestStrategy',23,14),(694,'forma\\modules\\selling\\records\\requeststrategy\\RequestStrategy',24,14),(695,'forma\\modules\\selling\\records\\requeststrategy\\RequestStrategy',25,14),(707,'forma\\modules\\worker\\records\\Worker',14,13),(708,'forma\\modules\\worker\\records\\Worker',16,13),(709,'forma\\modules\\worker\\records\\Worker',33,13),(710,'forma\\modules\\worker\\records\\Worker',34,13),(711,'forma\\modules\\worker\\records\\Worker',35,13),(723,'forma\\modules\\project\\records\\projectvacancy\\ProjectVacancy',17,14),(724,'forma\\modules\\project\\records\\projectvacancy\\ProjectVacancy',18,14),(725,'forma\\modules\\project\\records\\projectvacancy\\ProjectVacancy',19,14),(726,'forma\\modules\\project\\records\\projectvacancy\\ProjectVacancy',20,14),(728,'forma\\modules\\hr\\records\\interview\\Interview',58,14),(730,'forma\\modules\\hr\\records\\interview\\Interview',60,13),(731,'forma\\modules\\project\\records\\projectvacancy\\ProjectVacancy',21,13),(732,'forma\\modules\\hr\\records\\interview\\Interview',61,13),(733,'forma\\modules\\hr\\records\\interview\\Interview',62,13),(734,'forma\\modules\\hr\\records\\interview\\Interview',58,13),(735,'forma\\modules\\project\\records\\projectvacancy\\ProjectVacancy',17,13),(736,'forma\\modules\\project\\records\\projectvacancy\\ProjectVacancy',19,13),(737,'forma\\modules\\project\\records\\projectvacancy\\ProjectVacancy',22,13),(738,'forma\\modules\\hr\\records\\interview\\Interview',63,13),(739,'forma\\modules\\project\\records\\projectvacancy\\ProjectVacancy',23,15),(740,'forma\\modules\\project\\records\\projectvacancy\\ProjectVacancy',24,15),(741,'forma\\modules\\project\\records\\projectvacancy\\ProjectVacancy',25,15),(742,'forma\\modules\\project\\records\\projectvacancy\\ProjectVacancy',26,15),(743,'forma\\modules\\project\\records\\projectvacancy\\ProjectVacancy',27,15),(744,'forma\\modules\\project\\records\\projectvacancy\\ProjectVacancy',28,13),(746,'forma\\modules\\worker\\records\\Worker',17,15),(747,'forma\\modules\\worker\\records\\Worker',16,14),(748,'forma\\modules\\worker\\records\\Worker',17,14),(877,'forma\\modules\\worker\\records\\Worker',76,14),(878,'forma\\modules\\hr\\records\\interview\\Interview',96,14),(892,'forma\\modules\\project\\records\\projectvacancy\\ProjectVacancy',83,9),(893,'forma\\modules\\project\\records\\project\\Project',36,9),(894,'forma\\modules\\vacancy\\records\\Vacancy',66,9),(895,'forma\\modules\\worker\\records\\Worker',78,9),(896,'forma\\modules\\project\\records\\project\\Project',60,9),(897,'forma\\modules\\hr\\records\\interview\\Interview',100,9),(898,'forma\\modules\\project\\records\\project\\Project',61,9),(899,'forma\\modules\\project\\records\\projectvacancy\\ProjectVacancy',84,9),(900,'forma\\modules\\project\\records\\project\\Project',62,9),(901,'forma\\modules\\project\\records\\project\\Project',63,9),(902,'forma\\modules\\project\\records\\project\\Project',64,9),(903,'forma\\modules\\project\\records\\project\\Project',65,9),(904,'forma\\modules\\project\\records\\project\\Project',66,9),(905,'forma\\modules\\project\\records\\project\\Project',67,9),(906,'forma\\modules\\project\\records\\project\\Project',68,9),(907,'forma\\modules\\project\\records\\project\\Project',69,9),(908,'forma\\modules\\project\\records\\project\\Project',70,9),(909,'forma\\modules\\vacancy\\records\\Vacancy',67,9),(910,'forma\\modules\\vacancy\\records\\Vacancy',68,9),(911,'forma\\modules\\selling\\records\\selling\\Selling',142,1),(912,'forma\\modules\\selling\\records\\selling\\Selling',143,1),(913,'forma\\modules\\worker\\records\\Worker',79,1),(914,'forma\\modules\\worker\\records\\Worker',80,1),(915,'forma\\modules\\worker\\records\\Worker',81,1),(916,'forma\\modules\\hr\\records\\interview\\Interview',101,1),(917,'forma\\modules\\customer\\records\\Customer',104,9),(918,'forma\\modules\\customer\\records\\Customer',105,9),(919,'forma\\modules\\customer\\records\\Customer',106,9),(920,'forma\\modules\\customer\\records\\Customer',107,9),(921,'forma\\modules\\selling\\records\\selling\\Selling',144,9),(922,'forma\\modules\\selling\\records\\selling\\Selling',145,9),(923,'forma\\modules\\selling\\records\\selling\\Selling',146,9),(924,'forma\\modules\\selling\\records\\selling\\Selling',147,9),(925,'forma\\modules\\selling\\records\\selling\\Selling',148,9),(926,'forma\\modules\\selling\\records\\selling\\Selling',149,9),(927,'forma\\modules\\selling\\records\\selling\\Selling',150,9),(928,'forma\\modules\\selling\\records\\selling\\Selling',151,9),(929,'forma\\modules\\customer\\records\\Customer',108,6),(930,'forma\\modules\\selling\\records\\selling\\Selling',152,6),(931,'forma\\modules\\selling\\records\\selling\\Selling',153,1),(932,'forma\\modules\\selling\\records\\selling\\Selling',154,1),(933,'forma\\modules\\selling\\records\\selling\\Selling',155,1),(934,'forma\\modules\\selling\\records\\selling\\Selling',156,1),(935,'forma\\modules\\customer\\records\\Customer',109,6),(936,'forma\\modules\\selling\\records\\selling\\Selling',157,6),(937,'forma\\modules\\selling\\records\\selling\\Selling',158,1),(938,'forma\\modules\\selling\\records\\selling\\Selling',159,1),(939,'forma\\modules\\selling\\records\\selling\\Selling',160,1),(940,'forma\\modules\\selling\\records\\selling\\Selling',161,1),(941,'forma\\modules\\selling\\records\\selling\\Selling',162,1),(942,'forma\\modules\\selling\\records\\selling\\Selling',163,1),(943,'forma\\modules\\selling\\records\\selling\\Selling',164,1),(944,'forma\\modules\\selling\\records\\selling\\Selling',165,1),(945,'forma\\modules\\selling\\records\\selling\\Selling',166,1),(946,'forma\\modules\\selling\\records\\selling\\Selling',167,1),(947,'forma\\modules\\selling\\records\\selling\\Selling',168,1),(948,'forma\\modules\\selling\\records\\selling\\Selling',169,1),(949,'forma\\modules\\selling\\records\\selling\\Selling',170,1),(950,'forma\\modules\\selling\\records\\selling\\Selling',171,1),(951,'forma\\modules\\selling\\records\\selling\\Selling',172,1),(952,'forma\\modules\\selling\\records\\selling\\Selling',173,1),(953,'forma\\modules\\selling\\records\\selling\\Selling',174,1),(954,'forma\\modules\\selling\\records\\selling\\Selling',175,1),(955,'forma\\modules\\selling\\records\\selling\\Selling',176,1),(956,'forma\\modules\\selling\\records\\selling\\Selling',177,1),(957,'forma\\modules\\selling\\records\\selling\\Selling',178,1),(958,'forma\\modules\\selling\\records\\selling\\Selling',179,1),(959,'forma\\modules\\selling\\records\\selling\\Selling',180,1),(960,'forma\\modules\\selling\\records\\selling\\Selling',181,1),(961,'forma\\modules\\selling\\records\\selling\\Selling',182,1),(962,'forma\\modules\\selling\\records\\selling\\Selling',183,1),(963,'forma\\modules\\selling\\records\\selling\\Selling',184,1),(964,'forma\\modules\\selling\\records\\selling\\Selling',185,1),(965,'forma\\modules\\selling\\records\\selling\\Selling',186,1),(966,'forma\\modules\\project\\records\\projectvacancy\\ProjectVacancy',85,6),(967,'forma\\modules\\worker\\records\\Worker',82,6),(968,'forma\\modules\\hr\\records\\interview\\Interview',102,6),(969,'forma\\modules\\selling\\records\\selling\\Selling',137,6),(970,'forma\\modules\\selling\\records\\selling\\Selling',138,6),(971,'forma\\modules\\selling\\records\\selling\\Selling',136,6),(972,'forma\\modules\\selling\\records\\selling\\Selling',134,6),(973,'forma\\modules\\selling\\records\\selling\\Selling',132,6),(974,'forma\\modules\\selling\\records\\selling\\Selling',131,6),(975,'forma\\modules\\selling\\records\\selling\\Selling',129,6),(976,'forma\\modules\\selling\\records\\selling\\Selling',124,6),(977,'forma\\modules\\selling\\records\\selling\\Selling',122,6),(978,'forma\\modules\\selling\\records\\selling\\Selling',130,6),(979,'forma\\modules\\selling\\records\\selling\\Selling',133,6),(980,'forma\\modules\\project\\records\\project\\Project',71,9),(981,'forma\\modules\\vacancy\\records\\Vacancy',69,9),(982,'forma\\modules\\worker\\records\\Worker',83,9),(983,'forma\\modules\\project\\records\\projectvacancy\\ProjectVacancy',86,9),(984,'forma\\modules\\project\\records\\projectvacancy\\ProjectVacancy',87,9),(985,'forma\\modules\\project\\records\\project\\Project',72,9),(986,'forma\\modules\\vacancy\\records\\Vacancy',70,9),(987,'forma\\modules\\worker\\records\\Worker',84,9),(988,'forma\\modules\\project\\records\\projectvacancy\\ProjectVacancy',88,9),(989,'forma\\modules\\hr\\records\\interview\\Interview',103,9),(990,'forma\\modules\\customer\\records\\Customer',110,6),(991,'forma\\modules\\selling\\records\\selling\\Selling',187,6),(992,'forma\\modules\\customer\\records\\Customer',111,6),(993,'forma\\modules\\selling\\records\\selling\\Selling',188,6),(994,'forma\\modules\\customer\\records\\Customer',112,6),(995,'forma\\modules\\selling\\records\\selling\\Selling',189,6),(996,'forma\\modules\\vacancy\\records\\Vacancy',37,9),(997,'forma\\modules\\selling\\records\\talk\\Request',27,9),(998,'forma\\modules\\selling\\records\\talk\\Request',28,9),(999,'forma\\modules\\selling\\records\\talk\\Request',29,9),(1000,'forma\\modules\\selling\\records\\talk\\Request',30,9),(1001,'forma\\modules\\selling\\records\\talk\\Request',31,9),(1002,'forma\\modules\\selling\\records\\talk\\Request',32,9),(1003,'forma\\modules\\selling\\records\\talk\\Request',33,9),(1004,'forma\\modules\\selling\\records\\talk\\Request',34,9),(1005,'forma\\modules\\selling\\records\\strategy\\Strategy',4,9),(1006,'forma\\modules\\selling\\records\\requeststrategy\\RequestStrategy',26,9),(1007,'forma\\modules\\selling\\records\\requeststrategy\\RequestStrategy',27,9),(1008,'forma\\modules\\selling\\records\\requeststrategy\\RequestStrategy',28,9),(1009,'forma\\modules\\selling\\records\\requeststrategy\\RequestStrategy',29,9),(1010,'forma\\modules\\selling\\records\\requeststrategy\\RequestStrategy',30,9),(1011,'forma\\modules\\selling\\records\\requeststrategy\\RequestStrategy',31,9),(1012,'forma\\modules\\selling\\records\\requeststrategy\\RequestStrategy',32,9),(1013,'forma\\modules\\selling\\records\\requeststrategy\\RequestStrategy',33,9),(1014,'forma\\modules\\selling\\records\\requeststrategy\\RequestStrategy',34,9),(1015,'forma\\modules\\selling\\records\\selling\\Selling',190,1),(1016,'forma\\modules\\project\\records\\projectvacancy\\ProjectVacancy',89,1),(1017,'forma\\modules\\worker\\records\\Worker',85,1),(1018,'forma\\modules\\hr\\records\\interview\\Interview',104,1),(1019,'forma\\modules\\project\\records\\projectvacancy\\ProjectVacancy',90,1),(1020,'forma\\modules\\hr\\records\\interview\\Interview',105,1),(1021,'forma\\modules\\worker\\records\\Worker',86,1),(1022,'forma\\modules\\hr\\records\\interview\\Interview',106,1),(1023,'forma\\modules\\worker\\records\\Worker',87,1),(1024,'forma\\modules\\hr\\records\\interview\\Interview',107,1),(1025,'forma\\modules\\worker\\records\\Worker',88,1),(1026,'forma\\modules\\hr\\records\\interview\\Interview',108,1),(1027,'forma\\modules\\project\\records\\projectvacancy\\ProjectVacancy',91,1),(1028,'forma\\modules\\worker\\records\\Worker',89,1),(1029,'forma\\modules\\hr\\records\\interview\\Interview',109,1),(1030,'forma\\modules\\worker\\records\\Worker',90,1),(1031,'forma\\modules\\hr\\records\\interview\\Interview',110,1),(1032,'forma\\modules\\worker\\records\\Worker',91,1),(1033,'forma\\modules\\hr\\records\\interview\\Interview',111,1),(1034,'forma\\modules\\selling\\records\\selling\\Selling',191,1),(1035,'forma\\modules\\customer\\records\\Customer',113,1),(1036,'forma\\modules\\selling\\records\\selling\\Selling',192,1),(1037,'forma\\modules\\customer\\records\\Customer',114,16),(1038,'forma\\modules\\selling\\records\\selling\\Selling',193,16),(1039,'forma\\modules\\selling\\records\\selling\\Selling',194,16),(1040,'forma\\modules\\customer\\records\\Customer',115,16),(1041,'forma\\modules\\selling\\records\\selling\\Selling',195,16),(1042,'forma\\modules\\customer\\records\\Customer',116,16),(1043,'forma\\modules\\selling\\records\\selling\\Selling',196,16),(1044,'forma\\modules\\customer\\records\\Customer',117,16),(1045,'forma\\modules\\selling\\records\\selling\\Selling',197,16),(1046,'forma\\modules\\customer\\records\\Customer',118,16),(1047,'forma\\modules\\selling\\records\\selling\\Selling',198,16),(1048,'forma\\modules\\customer\\records\\Customer',119,16),(1049,'forma\\modules\\selling\\records\\selling\\Selling',199,16),(1050,'forma\\modules\\customer\\records\\Customer',120,16),(1051,'forma\\modules\\selling\\records\\selling\\Selling',200,16),(1052,'forma\\modules\\selling\\records\\selling\\Selling',201,16),(1053,'forma\\modules\\customer\\records\\Customer',121,16),(1054,'forma\\modules\\selling\\records\\selling\\Selling',202,16),(1055,'forma\\modules\\customer\\records\\Customer',122,16),(1056,'forma\\modules\\selling\\records\\selling\\Selling',203,16),(1057,'forma\\modules\\customer\\records\\Customer',123,16),(1058,'forma\\modules\\selling\\records\\selling\\Selling',204,16),(1059,'forma\\modules\\customer\\records\\Customer',124,16),(1060,'forma\\modules\\selling\\records\\selling\\Selling',205,16),(1061,'forma\\modules\\customer\\records\\Customer',125,16),(1062,'forma\\modules\\selling\\records\\selling\\Selling',206,16),(1063,'forma\\modules\\customer\\records\\Customer',126,16),(1064,'forma\\modules\\selling\\records\\selling\\Selling',207,16),(1065,'forma\\modules\\customer\\records\\Customer',127,16),(1066,'forma\\modules\\selling\\records\\selling\\Selling',208,16),(1067,'forma\\modules\\customer\\records\\Customer',128,16),(1068,'forma\\modules\\selling\\records\\selling\\Selling',209,16),(1069,'forma\\modules\\customer\\records\\Customer',129,16),(1070,'forma\\modules\\selling\\records\\selling\\Selling',210,16),(1071,'forma\\modules\\customer\\records\\Customer',130,16),(1072,'forma\\modules\\selling\\records\\selling\\Selling',211,16),(1073,'forma\\modules\\customer\\records\\Customer',131,16),(1074,'forma\\modules\\selling\\records\\selling\\Selling',212,16),(1075,'forma\\modules\\customer\\records\\Customer',132,16),(1076,'forma\\modules\\selling\\records\\selling\\Selling',213,16),(1077,'forma\\modules\\customer\\records\\Customer',133,16),(1078,'forma\\modules\\selling\\records\\selling\\Selling',214,16),(1079,'forma\\modules\\customer\\records\\Customer',134,16),(1080,'forma\\modules\\selling\\records\\selling\\Selling',215,16),(1081,'forma\\modules\\customer\\records\\Customer',135,16),(1082,'forma\\modules\\selling\\records\\selling\\Selling',216,16),(1083,'forma\\modules\\customer\\records\\Customer',136,6),(1084,'forma\\modules\\selling\\records\\selling\\Selling',217,1),(1085,'forma\\modules\\customer\\records\\Customer',137,16),(1086,'forma\\modules\\selling\\records\\selling\\Selling',218,16),(1087,'forma\\modules\\customer\\records\\Customer',138,16),(1088,'forma\\modules\\selling\\records\\selling\\Selling',219,16),(1089,'forma\\modules\\customer\\records\\Customer',139,16),(1090,'forma\\modules\\selling\\records\\selling\\Selling',220,16),(1091,'forma\\modules\\customer\\records\\Customer',140,16),(1092,'forma\\modules\\selling\\records\\selling\\Selling',221,16),(1093,'forma\\modules\\customer\\records\\Customer',141,16),(1094,'forma\\modules\\selling\\records\\selling\\Selling',222,16),(1095,'forma\\modules\\customer\\records\\Customer',142,16),(1096,'forma\\modules\\selling\\records\\selling\\Selling',223,16),(1097,'forma\\modules\\customer\\records\\Customer',143,16),(1098,'forma\\modules\\selling\\records\\selling\\Selling',224,16),(1099,'forma\\modules\\customer\\records\\Customer',144,16),(1100,'forma\\modules\\selling\\records\\selling\\Selling',225,16),(1101,'forma\\modules\\customer\\records\\Customer',145,16),(1102,'forma\\modules\\selling\\records\\selling\\Selling',226,16),(1103,'forma\\modules\\selling\\records\\selling\\Selling',227,1),(1104,'forma\\modules\\customer\\records\\Customer',146,6),(1105,'forma\\modules\\worker\\records\\Worker',92,1),(1106,'forma\\modules\\selling\\records\\strategy\\Strategy',5,1),(1107,'forma\\modules\\selling\\records\\talk\\Request',35,1),(1108,'forma\\modules\\selling\\records\\talk\\Answer',40,1),(1109,'forma\\modules\\selling\\records\\talk\\Answer',41,9),(1110,'forma\\modules\\selling\\records\\talk\\Answer',42,9),(1111,'forma\\modules\\worker\\records\\Worker',93,9),(1112,'forma\\modules\\hr\\records\\interview\\Interview',112,9),(1113,'forma\\modules\\selling\\records\\talk\\Answer',43,9),(1114,'forma\\modules\\hr\\records\\interview\\Interview',113,1),(1115,'forma\\modules\\project\\records\\project\\Project',73,17),(1116,'forma\\modules\\vacancy\\records\\Vacancy',71,17),(1117,'forma\\modules\\vacancy\\records\\Vacancy',72,9),(1118,'forma\\modules\\worker\\records\\Worker',94,17),(1119,'forma\\modules\\project\\records\\projectvacancy\\ProjectVacancy',92,9),(1120,'forma\\modules\\selling\\records\\talk\\Request',36,17),(1121,'forma\\modules\\worker\\records\\Worker',95,9),(1122,'forma\\modules\\hr\\records\\interview\\Interview',114,9),(1123,'forma\\modules\\selling\\records\\talk\\Answer',44,17),(1124,'forma\\modules\\selling\\records\\strategy\\Strategy',6,17),(1125,'forma\\modules\\project\\records\\projectvacancy\\ProjectVacancy',93,17),(1126,'forma\\modules\\hr\\records\\interview\\Interview',115,17),(1127,'forma\\modules\\selling\\records\\talk\\Answer',45,9),(1128,'forma\\modules\\selling\\records\\strategy\\Strategy',7,17),(1129,'forma\\modules\\selling\\records\\requeststrategy\\RequestStrategy',35,17),(1130,'forma\\modules\\hr\\records\\interview\\Interview',116,17),(1131,'forma\\modules\\project\\records\\projectvacancy\\ProjectVacancy',94,9),(1132,'forma\\modules\\project\\records\\projectvacancy\\ProjectVacancy',95,9),(1133,'forma\\modules\\hr\\records\\interview\\Interview',117,9),(1134,'forma\\modules\\selling\\records\\talk\\Answer',46,17),(1135,'forma\\modules\\selling\\records\\talk\\Answer',47,9),(1136,'forma\\modules\\hr\\records\\interview\\Interview',118,9),(1137,'forma\\modules\\selling\\records\\talk\\Request',37,1),(1138,'forma\\modules\\selling\\records\\talk\\Answer',48,1),(1139,'forma\\modules\\selling\\records\\talk\\Answer',49,1),(1140,'forma\\modules\\selling\\records\\talk\\Request',38,1),(1141,'forma\\modules\\project\\records\\projectvacancy\\ProjectVacancy',96,9),(1142,'forma\\modules\\selling\\records\\talk\\Answer',50,1),(1143,'forma\\modules\\selling\\records\\talk\\Request',39,17),(1144,'forma\\modules\\hr\\records\\interview\\Interview',119,9),(1145,'forma\\modules\\selling\\records\\requeststrategy\\RequestStrategy',36,1),(1146,'forma\\modules\\selling\\records\\requeststrategy\\RequestStrategy',37,1),(1147,'forma\\modules\\project\\records\\projectvacancy\\ProjectVacancy',97,18),(1148,'forma\\modules\\project\\records\\projectvacancy\\ProjectVacancy',98,18),(1149,'forma\\modules\\project\\records\\projectvacancy\\ProjectVacancy',99,9),(1150,'forma\\modules\\project\\records\\projectvacancy\\ProjectVacancy',100,18),(1151,'forma\\modules\\worker\\records\\Worker',96,9),(1152,'forma\\modules\\hr\\records\\interview\\Interview',120,9),(1153,'forma\\modules\\hr\\records\\interview\\Interview',101,18),(1154,'forma\\modules\\worker\\records\\Worker',81,18),(1155,'forma\\modules\\worker\\records\\Worker',3,18),(1156,'forma\\modules\\worker\\records\\Worker',1,18),(1157,'forma\\modules\\hr\\records\\interview\\Interview',105,18),(1158,'forma\\modules\\hr\\records\\interview\\Interview',121,1),(1159,'forma\\modules\\hr\\records\\interview\\Interview',122,1),(1160,'forma\\modules\\hr\\records\\interview\\Interview',123,1),(1161,'forma\\modules\\hr\\records\\interview\\Interview',124,1),(1162,'forma\\modules\\hr\\records\\interview\\Interview',125,1),(1163,'forma\\modules\\hr\\records\\interview\\Interview',126,1),(1164,'forma\\modules\\hr\\records\\interview\\Interview',127,1),(1165,'forma\\modules\\selling\\records\\talk\\Answer',51,9),(1166,'forma\\modules\\project\\records\\projectvacancy\\ProjectVacancy',101,9),(1167,'forma\\modules\\project\\records\\project\\Project',74,19),(1168,'forma\\modules\\vacancy\\records\\Vacancy',73,19),(1169,'forma\\modules\\worker\\records\\Worker',97,19),(1170,'forma\\modules\\project\\records\\projectvacancy\\ProjectVacancy',102,19),(1171,'forma\\modules\\hr\\records\\interview\\Interview',128,19),(1172,'forma\\modules\\selling\\records\\talk\\Request',40,19),(1173,'forma\\modules\\selling\\records\\talk\\Answer',52,19),(1174,'forma\\modules\\selling\\records\\strategy\\Strategy',8,19),(1175,'forma\\modules\\selling\\records\\requeststrategy\\RequestStrategy',38,19),(1176,'forma\\modules\\project\\records\\project\\Project',75,20),(1177,'forma\\modules\\project\\records\\project\\Project',76,20),(1178,'forma\\modules\\project\\records\\project\\Project',77,20),(1179,'forma\\modules\\vacancy\\records\\Vacancy',74,20),(1180,'forma\\modules\\vacancy\\records\\Vacancy',75,20),(1181,'forma\\modules\\vacancy\\records\\Vacancy',76,20),(1182,'forma\\modules\\worker\\records\\Worker',98,20),(1183,'forma\\modules\\worker\\records\\Worker',99,20),(1184,'forma\\modules\\worker\\records\\Worker',100,20),(1185,'forma\\modules\\selling\\records\\talk\\Request',41,20),(1186,'forma\\modules\\selling\\records\\talk\\Request',42,20),(1187,'forma\\modules\\selling\\records\\talk\\Request',43,20),(1188,'forma\\modules\\selling\\records\\talk\\Answer',53,20),(1189,'forma\\modules\\selling\\records\\talk\\Answer',54,20),(1190,'forma\\modules\\selling\\records\\talk\\Answer',55,20),(1191,'forma\\modules\\selling\\records\\strategy\\Strategy',9,20),(1192,'forma\\modules\\selling\\records\\requeststrategy\\RequestStrategy',39,20),(1193,'forma\\modules\\selling\\records\\requeststrategy\\RequestStrategy',40,20),(1194,'forma\\modules\\selling\\records\\requeststrategy\\RequestStrategy',41,20),(1195,'forma\\modules\\project\\records\\projectvacancy\\ProjectVacancy',103,20),(1196,'forma\\modules\\project\\records\\projectvacancy\\ProjectVacancy',104,20),(1197,'forma\\modules\\project\\records\\projectvacancy\\ProjectVacancy',105,20),(1198,'forma\\modules\\hr\\records\\interview\\Interview',129,20),(1199,'forma\\modules\\selling\\records\\talk\\Answer',56,20),(1200,'forma\\modules\\hr\\records\\interview\\Interview',130,21),(1201,'forma\\modules\\worker\\records\\Worker',98,21),(1202,'forma\\modules\\project\\records\\project\\Project',78,9),(1203,'forma\\modules\\vacancy\\records\\Vacancy',77,9),(1204,'forma\\modules\\worker\\records\\Worker',101,9),(1205,'forma\\modules\\selling\\records\\talk\\Request',44,9),(1206,'forma\\modules\\selling\\records\\talk\\Answer',57,9),(1207,'forma\\modules\\selling\\records\\strategy\\Strategy',10,9),(1208,'forma\\modules\\selling\\records\\requeststrategy\\RequestStrategy',42,9),(1209,'forma\\modules\\project\\records\\projectvacancy\\ProjectVacancy',106,9),(1210,'forma\\modules\\hr\\records\\interview\\Interview',131,9),(1211,'forma\\modules\\hr\\records\\interview\\Interview',132,1),(1212,'forma\\modules\\project\\records\\projectvacancy\\ProjectVacancy',98,1),(1213,'forma\\modules\\selling\\records\\talk\\Answer',58,1),(1214,'forma\\modules\\selling\\records\\talk\\Request',45,18),(1215,'forma\\modules\\selling\\records\\talk\\Answer',59,18),(1216,'forma\\modules\\selling\\records\\talk\\Answer',60,18),(1217,'forma\\modules\\selling\\records\\requeststrategy\\RequestStrategy',43,18),(1218,'forma\\modules\\hr\\records\\interview\\Interview',111,18),(1219,'forma\\modules\\selling\\records\\talk\\Answer',58,18),(1220,'forma\\modules\\hr\\records\\interview\\Interview',133,1),(1221,'forma\\modules\\selling\\records\\talk\\Answer',61,9),(1222,'forma\\modules\\selling\\records\\talk\\Answer',62,9),(1223,'forma\\modules\\selling\\records\\talk\\Answer',63,9),(1224,'forma\\modules\\selling\\records\\talk\\Answer',64,9),(1225,'forma\\modules\\selling\\records\\talk\\Answer',65,9),(1226,'forma\\modules\\selling\\records\\talk\\Answer',66,9),(1227,'forma\\modules\\project\\records\\projectvacancy\\ProjectVacancy',107,9),(1228,'forma\\modules\\purchase\\records\\purchase\\Purchase',17,1),(1229,'forma\\modules\\product\\records\\Product',21,1),(1230,'forma\\modules\\inventorization\\records\\Inventorization',1,1),(1231,'forma\\modules\\worker\\records\\Worker',102,9),(1232,'forma\\modules\\worker\\records\\Worker',103,9),(1233,'forma\\modules\\vacancy\\records\\Vacancy',78,9),(1234,'forma\\modules\\vacancy\\records\\Vacancy',79,9),(1235,'forma\\modules\\vacancy\\records\\Vacancy',80,9),(1236,'forma\\modules\\worker\\records\\Worker',104,9),(1237,'forma\\modules\\worker\\records\\Worker',105,9),(1238,'forma\\modules\\vacancy\\records\\Vacancy',81,9),(1239,'forma\\modules\\worker\\records\\Worker',106,9),(1240,'forma\\modules\\vacancy\\records\\Vacancy',82,9),(1241,'forma\\modules\\worker\\records\\Worker',107,9),(1242,'forma\\modules\\worker\\records\\Worker',108,9),(1243,'forma\\modules\\worker\\records\\Worker',109,9),(1244,'forma\\modules\\worker\\records\\Worker',110,9),(1245,'forma\\modules\\worker\\records\\Worker',111,9),(1246,'forma\\modules\\worker\\records\\Worker',112,9),(1247,'forma\\modules\\project\\records\\projectvacancy\\ProjectVacancy',108,9),(1248,'forma\\modules\\hr\\records\\interview\\Interview',134,1),(1249,'forma\\modules\\vacancy\\records\\Vacancy',83,1),(1250,'forma\\modules\\worker\\records\\Worker',113,1),(1251,'forma\\modules\\project\\records\\projectvacancy\\ProjectVacancy',109,1),(1252,'forma\\modules\\project\\records\\projectvacancy\\ProjectVacancy',110,1),(1253,'forma\\modules\\hr\\records\\interview\\Interview',135,1),(1254,'forma\\modules\\selling\\records\\selling\\Selling',228,1),(1255,'forma\\modules\\customer\\records\\Customer',147,6),(1256,'forma\\modules\\hr\\records\\interview\\Interview',136,1),(1257,'forma\\modules\\selling\\records\\selling\\Selling',229,1),(1258,'forma\\modules\\selling\\records\\selling\\Selling',230,1),(1259,'forma\\modules\\selling\\records\\selling\\Selling',231,1),(1260,'forma\\modules\\selling\\records\\selling\\Selling',232,1),(1261,'forma\\modules\\selling\\records\\selling\\Selling',233,1),(1262,'forma\\modules\\hr\\records\\interview\\Interview',137,1),(1263,'forma\\modules\\worker\\records\\Worker',114,1),(1264,'forma\\modules\\worker\\records\\Worker',115,1),(1265,'forma\\modules\\worker\\records\\Worker',116,1),(1266,'forma\\modules\\product\\records\\Category',3,1),(1267,'forma\\modules\\product\\records\\Category',4,1),(1268,'forma\\modules\\product\\records\\Category',5,1),(1269,'forma\\modules\\selling\\records\\selling\\Selling',234,1),(1270,'forma\\modules\\selling\\records\\selling\\Selling',235,1);
/*!40000 ALTER TABLE `accessory` ENABLE KEYS */;
UNLOCK TABLES;

--
-- Table structure for table `answer`
--

DROP TABLE IF EXISTS `answer`;
/*!40101 SET @saved_cs_client     = @@character_set_client */;
/*!40101 SET character_set_client = utf8 */;
CREATE TABLE `answer` (
  `id` int(11) NOT NULL AUTO_INCREMENT,
  `text` text,
  `request_id` int(11) DEFAULT NULL,
  PRIMARY KEY (`id`),
  KEY `id-answer-request_id` (`request_id`),
  CONSTRAINT `answer_ibfk_1` FOREIGN KEY (`request_id`) REFERENCES `request` (`id`) ON DELETE CASCADE ON UPDATE NO ACTION
) ENGINE=InnoDB AUTO_INCREMENT=67 DEFAULT CHARSET=utf8;
/*!40101 SET character_set_client = @saved_cs_client */;

--
-- Dumping data for table `answer`
--

LOCK TABLES `answer` WRITE;
/*!40000 ALTER TABLE `answer` DISABLE KEYS */;
INSERT INTO `answer` VALUES (1,' ( ),    ?',1),(2,' (,  ).   ?',2),(3,',      .  ?',3),(4,'  ,      .  ,      ,    . ',4),(5,'    . (  )',5),(6,'     .  ,   ?   ! ',6),(7,'     , ..       .   .',7),(8,',          ? ,   ,      .   ?  ,       .',7),(9,'        ,    : 1)  ;\r\n2)    ; \r\n     ,   Excell,  -?',8),(10,'  ,      .  ,      ,    . ',9),(11,'      .       . ',10),(12,'      .     . ,       ,      ? ',11),(13,'!  = 2000$ (   (  ,    (20000$)))',12),(31,' ,    ',16),(32,' ,     ,        ,     ',17),(34,'fghjkl;',10),(35,'   ',2),(36,'',12),(37,'',4),(38,' ',3),(39,'  ',12),(40,'',35),(44,'12',36),(45,'  ',24),(46,'2',36),(47,'',26),(48,'',37),(49,'  ?',37),(51,'   ',19),(52,'TestForGabri',40),(53,'  1',41),(54,'  2',42),(55,'  3',43),(56,' ',43),(58,'',37),(59,'',45),(60,'',45),(61,'',19),(62,'',19),(63,'',19),(64,'',24),(65,'',24),(66,'',26);
/*!40000 ALTER TABLE `answer` ENABLE KEYS */;
UNLOCK TABLES;

--
-- Table structure for table `category`
--

DROP TABLE IF EXISTS `category`;
/*!40101 SET @saved_cs_client     = @@character_set_client */;
/*!40101 SET character_set_client = utf8 */;
CREATE TABLE `category` (
  `id` int(11) NOT NULL AUTO_INCREMENT,
  `name` varchar(255) NOT NULL,
  `parent_id` int(11) DEFAULT NULL,
  PRIMARY KEY (`id`),
  UNIQUE KEY `category_unique_index` (`name`,`parent_id`)
) ENGINE=InnoDB AUTO_INCREMENT=6 DEFAULT CHARSET=utf8;
/*!40101 SET character_set_client = @saved_cs_client */;

--
-- Dumping data for table `category`
--

LOCK TABLES `category` WRITE;
/*!40000 ALTER TABLE `category` DISABLE KEYS */;
INSERT INTO `category` VALUES (3,'  ',NULL),(1,'',NULL),(4,'',3),(5,' 400',3),(2,'',NULL);
/*!40000 ALTER TABLE `category` ENABLE KEYS */;
UNLOCK TABLES;

--
-- Table structure for table `color`
--

DROP TABLE IF EXISTS `color`;
/*!40101 SET @saved_cs_client     = @@character_set_client */;
/*!40101 SET character_set_client = utf8 */;
CREATE TABLE `color` (
  `id` int(11) NOT NULL AUTO_INCREMENT,
  `name` varchar(255) DEFAULT NULL,
  PRIMARY KEY (`id`)
) ENGINE=InnoDB DEFAULT CHARSET=utf8;
/*!40101 SET character_set_client = @saved_cs_client */;

--
-- Dumping data for table `color`
--

LOCK TABLES `color` WRITE;
/*!40000 ALTER TABLE `color` DISABLE KEYS */;
/*!40000 ALTER TABLE `color` ENABLE KEYS */;
UNLOCK TABLES;

--
-- Table structure for table `country`
--

DROP TABLE IF EXISTS `country`;
/*!40101 SET @saved_cs_client     = @@character_set_client */;
/*!40101 SET character_set_client = utf8 */;
CREATE TABLE `country` (
  `id` int(11) NOT NULL AUTO_INCREMENT,
  `name` varchar(255) DEFAULT NULL,
  PRIMARY KEY (`id`)
) ENGINE=InnoDB AUTO_INCREMENT=12 DEFAULT CHARSET=utf8;
/*!40101 SET character_set_client = @saved_cs_client */;

--
-- Dumping data for table `country`
--

LOCK TABLES `country` WRITE;
/*!40000 ALTER TABLE `country` DISABLE KEYS */;
INSERT INTO `country` VALUES (1,''),(2,''),(3,''),(4,''),(5,''),(6,''),(7,''),(8,''),(9,''),(10,''),(11,'');
/*!40000 ALTER TABLE `country` ENABLE KEYS */;
UNLOCK TABLES;

--
-- Table structure for table `currency`
--

DROP TABLE IF EXISTS `currency`;
/*!40101 SET @saved_cs_client     = @@character_set_client */;
/*!40101 SET character_set_client = utf8 */;
CREATE TABLE `currency` (
  `id` int(11) NOT NULL AUTO_INCREMENT,
  `name` varchar(255) NOT NULL,
  `code` char(3) NOT NULL COMMENT 'ISO 4217 code',
  `rate` decimal(13,4) NOT NULL COMMENT 'US Dollar rate',
  PRIMARY KEY (`id`),
  UNIQUE KEY `code` (`code`)
) ENGINE=InnoDB AUTO_INCREMENT=7 DEFAULT CHARSET=utf8;
/*!40101 SET character_set_client = @saved_cs_client */;

--
-- Dumping data for table `currency`
--

LOCK TABLES `currency` WRITE;
/*!40000 ALTER TABLE `currency` DISABLE KEYS */;
INSERT INTO `currency` VALUES (1,'','USD',1.0000),(2,'','EUR',1.2400),(3,'','GRN',0.0400);
/*!40000 ALTER TABLE `currency` ENABLE KEYS */;
UNLOCK TABLES;

--
-- Table structure for table `customer`
--

DROP TABLE IF EXISTS `customer`;
/*!40101 SET @saved_cs_client     = @@character_set_client */;
/*!40101 SET character_set_client = utf8 */;
CREATE TABLE `customer` (
  `id` int(11) NOT NULL AUTO_INCREMENT,
  `country_id` int(11) NOT NULL,
  `tax_rate` double(10,2) DEFAULT NULL,
  `name` varchar(100) DEFAULT NULL,
  `firm` varchar(100) DEFAULT NULL,
  `address` varchar(32) DEFAULT NULL,
  `company_email` varchar(32) DEFAULT NULL,
  `chief_email` varchar(32) DEFAULT NULL,
  `company_phone` varchar(32) DEFAULT NULL,
  `chief_phone` varchar(32) DEFAULT NULL,
  `site_company` varchar(32) DEFAULT NULL,
  PRIMARY KEY (`id`),
  KEY `customer-country_id_fk` (`country_id`),
  CONSTRAINT `customer-country_id_fk` FOREIGN KEY (`country_id`) REFERENCES `country` (`id`) ON DELETE CASCADE ON UPDATE CASCADE
) ENGINE=InnoDB AUTO_INCREMENT=148 DEFAULT CHARSET=utf8;
/*!40101 SET character_set_client = @saved_cs_client */;

--
-- Dumping data for table `customer`
--

LOCK TABLES `customer` WRITE;
/*!40000 ALTER TABLE `customer` DISABLE KEYS */;
INSERT INTO `customer` VALUES (10,10,NULL,' ',',      (-  -)','','','3045655@gmail.com','','+375293045655',NULL),(12,1,NULL,'?','-','','','','0 660087374','',NULL),(13,1,NULL,'?',' ','','','','0 990322586','',NULL),(14,1,NULL,'?','','','','','0 933604344','',NULL),(15,1,NULL,' ','','','','','0 990669328','',NULL),(16,1,NULL,'?','Factor Druk','','','','0 (57) 7175780','',NULL),(17,1,NULL,'','Nova print','','','','0 955911905','',NULL),(18,1,NULL,'  ',' ','','','','','(067) 579-28-14',NULL),(19,1,NULL,'','  ','','','','','0 501066500',NULL),(20,1,NULL,'?','','','','','0 675511132','',NULL),(21,1,NULL,'?','','','','','0 954668640','',NULL),(22,1,NULL,'','NonStop','','','','0 678536133','',NULL),(27,1,NULL,' ',' ',',   18','','','','+380995354555',NULL),(28,11,NULL,' ',' ',',  17','','','','+785225856501',NULL),(29,1,NULL,' ','   ','. ','','','','+380961523855',NULL),(30,1,NULL,'','','','dasdas@fas.com','dasdas@fas.com','0990303922','0990303922',NULL),(31,1,NULL,' - . etc. ',' ','','sbi@i.com.ua',NULL,'674073537',NULL,NULL),(33,1,NULL,'','Nikodent ','','','','+380 938618339','',NULL),(34,1,NULL,'   -','   -','','','','380 (57) 7551757','',NULL),(35,1,NULL,'Megastom  ','Megastom  ','','','','+380 677749329','',NULL),(37,1,NULL,'  ','    ..','','','','+380 508167777','',NULL),(38,1,NULL,'    ','    ','','','','+380 639507000','',NULL),(39,1,NULL,'- ','- ','','','','+380 (57) 7517667','',NULL),(40,1,NULL,'   ','   ','','','','+380 635214069','',NULL),(41,1,NULL,',  ',',  ','','','','+380 (57) 7311180','',NULL),(42,1,NULL,'Mamont  ','Mamont  ','','','','+380 638642490','',NULL),(44,1,NULL,' ..,   ',' ..,   ','','','','+380 (572) 520332','',NULL),(45,1,NULL,'+380 964111162','+380 964111162','','','','+380 964111162','',NULL),(46,1,NULL,'',' ','','','','+380 680097788','',NULL),(47,1,NULL,' ',' ','','','','+380 969438636','',NULL),(48,1,NULL,'  ','   ','','','','+380 675774020','',NULL),(49,1,NULL,' ','  ','','','','+380 (57) 7311546','+380 050 300 24 06 ',NULL),(50,1,NULL,'  ','  ','','','','+380 979157180','',NULL),(51,1,NULL,' -2  ',' -2  ','','','','+380 962673881','',NULL),(52,1,NULL,' Rock & Gloss  ',' Rock & Gloss  ','','','','+380 954710798','',NULL),(53,1,NULL,' ',' ','','','','+380 930308680','',NULL),(54,1,NULL,'   ','Vita  ','','stomatologiya.vita@gmail.com','','+380 (57) 7280837','',NULL),(55,1,NULL,' Smile Time ',' Smile Time ','','','','+380 975222254','',NULL),(56,1,NULL,'  ','  ','','','','+380 992875555','',NULL),(57,1,NULL,'  ','    ','','','','+380 677286933','067286933',NULL),(58,1,NULL,'   ','   ','','','','+380 661333800','',NULL),(59,2,NULL,' ','Qiite Systems','Pritholinsi 43-e-1 ','','','','+589654523241',NULL),(60,1,NULL,' ','Ingello',',  34\\10','','olijenius@gmail.com','','0535658546',''),(61,1,NULL,'   ','   ',', 20 1  ','','','+380 (57) 7054470','',NULL),(62,1,NULL,'   ','   ',' , 77 ','','','+380 669858535','',NULL),(63,1,NULL,'Universal dentist  ','Universal dentist  ',' , 103','','','+380 936602636','',NULL),(64,1,NULL,'NANOdentis  ','NANOdentis  ','    38','','','+380 957722372','',NULL),(65,1,NULL,'Dental Union Studio  ','Dental Union Studio  ',' , 58 1 ','','','+380 990932980','',NULL),(66,1,NULL,' , .','Silk  ',', 26','','','+380 502306022','',NULL),(67,1,NULL,' ','   ',', 8  ','','','+380 501344401','',NULL),(68,1,NULL,' *','Happy Dent',', 2','','','+380 666558877','+380 979287350',NULL),(69,1,NULL,'Uniqum  ','Uniqum  ',', 2','','','+380 506364556','',NULL),(70,1,NULL,'Bella Vista ','Bella Vista ',' , 24','','','+380 665180999','',NULL),(71,1,NULL,'   -','   -','-, 4','','','+380 (57) 7551757','',NULL),(72,1,NULL,' ',' ',', 24','','','+380 (57) 7582382','0800302022',NULL),(73,1,NULL,'   ','  ',' , 152/1','','me.izagrebelna@gmail.com','0800 500 103','066 9957 900',NULL),(74,1,NULL,' ','   ','','','','380 504033903','067 422 03 95 ',NULL),(75,1,NULL,'    ','    ',', 38','','','+380 639507000','',NULL),(76,1,NULL,'  .  - . etc. ','Selene Putnam','','selene.putnam@yahoo.com',NULL,'(61) 8424-9610',NULL,NULL),(77,1,NULL,'','','','sps.sklad1@mail.ru',NULL,'3098040',NULL,NULL),(78,1,NULL,' ',' ',' , 65','','','0 993355640','',NULL),(79,1,NULL,'',' ','  , 65','','','+380 993355640','',NULL),(80,1,NULL,'   ','   ','  , 15','','','+380 952300009','',NULL),(81,1,NULL,' ','Mamont  ',' , 42','','','+380 638642490','',NULL),(82,1,NULL,'Dentalkids ','Dentalkids ',' , 52','','','+380 956711076','',NULL),(83,1,NULL,',  ',',  ',', 5','','','+380 (57) 7311180','',NULL),(84,1,NULL,' ',' ','  , 16','','','+380 503381510','',NULL),(85,1,NULL,' ',' ',', 29','','','+380 660437444','',NULL),(86,1,NULL,' ','   ',' , 85','','','+380 996445470','+380 97-915-10-25',NULL),(87,1,NULL,' ',' ..,   ','   , 1/','','','+380 996445470','',NULL),(88,1,NULL,' ','Leo Dent ',' ,  ','','','+380 502910274','',NULL),(89,1,NULL,'CaspiDent  ','CaspiDent  ','-, 62','','','+380 992583366','',NULL),(90,1,NULL,'  32 ','  32 ',', 5','','','+380 667534869','',NULL),(91,1,NULL,' ','L-dental  ',' , 5','','','+380 955561884','',NULL),(92,1,NULL,'     ..','     ..',' , 262','','','+380 668675561','',NULL),(93,1,NULL,' ',',   ',', 4','','','+380 999437612','',NULL),(94,1,NULL,' ',' ',', 26','','nemestol@gmail.com','+380 675799949','+380 66-310-60-39',NULL),(95,1,NULL,'  ','  ',' , 3 ','fenix.denta@gmail.com','','+380 953886924','',NULL),(96,1,NULL,'  .  - . erp. ','ascv`','','cvb@CVB.COM',NULL,'12332112',NULL,NULL),(97,1,NULL,'  .  - . admin. ','Kratofil Daria','','dasha252342@gmail.com',NULL,'+380660443958',NULL,NULL),(98,1,NULL,'  .  - . admin. ',' ','','smailick1@yandex.ru',NULL,'+38(066)044-39-58',NULL,NULL),(100,1,NULL,' - . admin. ','fghjk','','boder124@gmail.com',NULL,'5555858',NULL,NULL),(102,1,NULL,'','',' 22','@ua','@ua','6666','555555',NULL),(103,1,NULL,' - . erp. ',' ','','smailick1@yandex.ru',NULL,'+380660443958',NULL,NULL),(108,1,NULL,' ','   ','','','','+380 506780257','',NULL),(109,1,NULL,'','MarkOS ','','','','+380 937421701','',NULL),(110,1,NULL,'',' ',' , 37','','','+380 (57) 3649892','',NULL),(111,1,NULL,' ',' ..,  ',', 130/2','','','+380 664072514','',NULL),(112,1,NULL,' ',' ','','','','+380 502004422','',NULL),(113,1,NULL,' ',' ','','','','','',NULL),(114,1,NULL,'Tamtour','Tamtour','','','','0680616884','',NULL),(115,1,NULL,'','Citrus Tour','','','','','0682779458',NULL),(116,1,NULL,'Lot tour','Lot tour','','','','068668018','',NULL),(117,1,NULL,' Travel',' Travel','','','','0503253531','',NULL),(118,1,NULL,' Voyage ',' Voyage ','','','','0999246101','',NULL),(119,1,NULL,'','Nirvana tour',', 18/22','','','0978937526','0509276033',NULL),(120,1,NULL,'La dolce vita','La dolce vita','','','','0956207700','',NULL),(121,1,NULL,'-','-','','','','','0956065937',NULL),(122,1,NULL,'Golden Monkey','Golden Monkey','','','','0987171010; 0661395413','',NULL),(123,1,NULL,' ',' ','','','','0952381456','',NULL),(124,1,NULL,'   100','   100','','','','0995612244','',NULL),(125,1,NULL,'','50 ','','','','','0967229779',NULL),(126,1,NULL,' ','','','','','0509687333','0675702720',NULL),(127,1,NULL,'. ','. ','','','','050411563','',NULL),(128,1,NULL,' ?   ','Sunrise Travel Agency','','','','','0953077078',NULL),(129,1,NULL,'38   .','38   .','','','','0679505215','',NULL),(130,1,NULL,'',' ','','','','','0955148080',NULL),(131,1,NULL,' ',' ','','','','0633572889','',NULL),(132,1,NULL,'5 / ','5 / ','','','','0503237346','',NULL),(133,1,NULL,'','-','','','','','0679986638',NULL),(134,1,NULL,'',' ','','','','','0505776318',NULL),(135,1,NULL,'SVtravel','SVtravel','','','','0679430101','',NULL),(136,1,NULL,'etc. ',', - \"\"','','dim3.vs@gmail.com',NULL,'+38 (068) 680-31-40',NULL,NULL),(137,1,NULL,'Z-','Z-','','','','057-717-56-60','',NULL),(138,1,NULL,'Tui','Tui','','','','097-232-21-47','',NULL),(139,1,NULL,' ','','','','','','067-575-11-67',NULL),(140,1,NULL,'','Meribel tour','','','','','095-711-20-51',NULL),(141,1,NULL,' ',' ','','','','050-303-96-75','',NULL),(142,1,NULL,'','','','','','050-844-49-79','095-858-70-07',NULL),(143,1,NULL,'Alora Tour','Alora Tour','','','','050-964-53-12','',NULL),(144,1,NULL,'','','','','','057-728-05-65','',NULL),(145,1,NULL,'','','','','','057-755-99-00','',NULL),(146,1,NULL,' . crm. ','dffghjl','','dasha252342@gmail.com',NULL,'06564',NULL,NULL),(147,1,NULL,' . etc. ','Kelhierne','','kelMole@emaill.host',NULL,'88485537494',NULL,NULL);
/*!40000 ALTER TABLE `customer` ENABLE KEYS */;
UNLOCK TABLES;

--
-- Table structure for table `event`
--

DROP TABLE IF EXISTS `event`;
/*!40101 SET @saved_cs_client     = @@character_set_client */;
/*!40101 SET character_set_client = utf8 */;
CREATE TABLE `event` (
  `id` int(11) NOT NULL AUTO_INCREMENT COMMENT '',
  `event_type_id` int(11) NOT NULL COMMENT '',
  `name` varchar(255) NOT NULL COMMENT '',
  `text` text NOT NULL COMMENT '',
  `status` int(1) NOT NULL COMMENT '',
  `date_from` date NOT NULL COMMENT '',
  `date_to` date NOT NULL COMMENT '',
  `start_time` time NOT NULL COMMENT '',
  PRIMARY KEY (`id`),
  KEY `event_type_id` (`event_type_id`),
  CONSTRAINT `event_ibfk_1` FOREIGN KEY (`event_type_id`) REFERENCES `event_type` (`id`) ON DELETE CASCADE ON UPDATE CASCADE
) ENGINE=InnoDB AUTO_INCREMENT=14 DEFAULT CHARSET=utf8;
/*!40101 SET character_set_client = @saved_cs_client */;

--
-- Dumping data for table `event`
--

LOCK TABLES `event` WRITE;
/*!40000 ALTER TABLE `event` DISABLE KEYS */;
INSERT INTO `event` VALUES (1,1,'  1','   ,  ,      .',1,'2018-10-30','2018-10-30','10:06:09'),(2,1,'  1','  1',1,'2018-10-31','2018-10-31','09:06:09'),(3,3,'  1','   ,  ,      .',1,'2018-10-30','2018-10-30','10:06:09'),(4,4,'  1','   ,  ,      .',1,'2018-10-30','2018-10-30','10:06:09'),(5,1,'  1','  1',1,'2018-10-29','2018-10-29','10:36:09'),(6,1,'  2 ','  2 ',1,'2018-12-21','2018-12-21','11:30:07'),(7,1,'  3','  3',1,'2018-12-20','2018-12-20','07:00:07'),(8,2,'  4','',1,'2018-12-22','2018-12-22','17:20:00'),(9,1,'  5','  5',1,'2018-12-21','2018-12-21','02:20:00'),(10,1,'  6','  6',1,'2018-12-14','2018-12-14','12:50:00'),(11,1,'  7','  7',1,'2018-12-12','2018-12-12','01:20:00'),(12,2,'  8',' ',1,'2018-12-12','2018-12-12','13:20:00'),(13,2,'  9','',1,'2018-12-26','2018-12-26','11:00:00');
/*!40000 ALTER TABLE `event` ENABLE KEYS */;
UNLOCK TABLES;

--
-- Table structure for table `event_type`
--

DROP TABLE IF EXISTS `event_type`;
/*!40101 SET @saved_cs_client     = @@character_set_client */;
/*!40101 SET character_set_client = utf8 */;
CREATE TABLE `event_type` (
  `id` int(11) NOT NULL AUTO_INCREMENT COMMENT '',
  `name` int(255) NOT NULL COMMENT '',
  `status` int(1) NOT NULL DEFAULT '1' COMMENT '',
  `color` varchar(20) NOT NULL DEFAULT '#CCC' COMMENT '',
  PRIMARY KEY (`id`)
) ENGINE=InnoDB AUTO_INCREMENT=8 DEFAULT CHARSET=utf8;
/*!40101 SET character_set_client = @saved_cs_client */;

--
-- Dumping data for table `event_type`
--

LOCK TABLES `event_type` WRITE;
/*!40000 ALTER TABLE `event_type` DISABLE KEYS */;
INSERT INTO `event_type` VALUES (1,0,0,''),(2,0,0,''),(3,0,0,''),(4,0,0,''),(5,0,0,''),(6,0,0,''),(7,0,0,'');
/*!40000 ALTER TABLE `event_type` ENABLE KEYS */;
UNLOCK TABLES;

--
-- Table structure for table `interview`
--

DROP TABLE IF EXISTS `interview`;
/*!40101 SET @saved_cs_client     = @@character_set_client */;
/*!40101 SET character_set_client = utf8 */;
CREATE TABLE `interview` (
  `id` int(11) NOT NULL AUTO_INCREMENT,
  `worker_id` int(11) NOT NULL,
  `project_id` int(11) NOT NULL,
  `name` varchar(100) NOT NULL,
  `date_create` datetime DEFAULT NULL,
  `date_complete` datetime DEFAULT NULL,
  `state` int(11) NOT NULL,
  `vacancy_id` int(11) DEFAULT NULL,
  `dialog` text,
  `next_step` text,
  PRIMARY KEY (`id`),
  KEY `interview_worker_id_fk` (`worker_id`),
  KEY `interview_project_id_fk` (`project_id`),
  KEY `interview_vacancy_id_fk` (`vacancy_id`),
  CONSTRAINT `interview_project_id_fk` FOREIGN KEY (`project_id`) REFERENCES `project` (`id`) ON DELETE CASCADE ON UPDATE CASCADE,
  CONSTRAINT `interview_vacancy_id_fk` FOREIGN KEY (`vacancy_id`) REFERENCES `vacancy` (`id`) ON DELETE CASCADE,
  CONSTRAINT `interview_worker_id_fk` FOREIGN KEY (`worker_id`) REFERENCES `worker` (`id`) ON DELETE CASCADE ON UPDATE CASCADE
) ENGINE=InnoDB AUTO_INCREMENT=138 DEFAULT CHARSET=utf8;
/*!40101 SET character_set_client = @saved_cs_client */;

--
-- Dumping data for table `interview`
--

LOCK TABLES `interview` WRITE;
/*!40000 ALTER TABLE `interview` DISABLE KEYS */;
INSERT INTO `interview` VALUES (55,43,21,'','2018-12-26 16:15:36',NULL,4,11,'28.12.2018 12:49:07<br/><br/><div style=\"background: mediumseagreen;\" class=\"alert alert-primary\" role=\"alert\"></div><br/>false28.12.2018 12:50:33<br/><br/><div style=\"background: mediumseagreen;\" class=\"alert alert-primary\" role=\"alert\"></div><br/>false','false'),(56,44,21,'','2018-12-26 16:17:42',NULL,4,11,NULL,NULL),(67,29,22,'','2018-12-27 12:59:48',NULL,1,11,NULL,NULL),(68,50,22,'','2018-12-27 13:00:54',NULL,4,49,NULL,NULL),(69,51,22,'','2018-12-27 13:03:00',NULL,5,49,NULL,NULL),(70,52,22,'','2018-12-27 13:10:16',NULL,1,49,NULL,NULL),(71,53,24,'','2018-12-27 13:11:11',NULL,1,49,NULL,NULL),(72,54,24,'','2018-12-27 13:12:59',NULL,2,49,NULL,NULL),(73,55,25,'','2018-12-27 13:14:11',NULL,2,30,NULL,NULL),(74,17,47,'','2018-12-28 12:57:54',NULL,3,11,'28.12.2018 11:03:36<br/><br/><div style=\"background: mediumseagreen;\" class=\"alert alert-primary\" role=\"alert\">    .\n    .</div><br/><div style=\"background: yellowgreen;\" class=\"alert alert-primary\" role=\"alert\">     </div><div style=\"background: orangered;\" class=\"alert alert-primary\" role=\"alert\">  - . </div>','<div style=\"background: yellowgreen;\" class=\"alert alert-primary\" role=\"alert\">     </div>'),(75,56,21,'','2018-12-28 13:05:51',NULL,2,26,NULL,NULL),(76,56,21,'','2018-12-28 13:06:03',NULL,3,26,NULL,NULL),(77,56,21,'','2018-12-28 13:06:13',NULL,2,26,NULL,NULL),(78,56,21,'','2018-12-28 13:07:04',NULL,2,26,NULL,NULL),(79,56,21,'','2018-12-28 13:07:20',NULL,1,26,NULL,NULL),(80,56,21,'','2018-12-28 13:07:27',NULL,0,26,NULL,NULL),(81,56,21,'','2018-12-28 13:07:33',NULL,0,26,NULL,NULL),(82,56,21,'','2018-12-28 13:07:39',NULL,0,26,NULL,NULL),(83,56,21,'','2018-12-28 13:07:44',NULL,0,26,NULL,NULL),(84,56,21,'','2018-12-28 13:07:50',NULL,0,26,NULL,NULL),(85,56,21,'','2018-12-28 13:07:59',NULL,0,26,NULL,NULL),(86,56,21,'','2018-12-28 13:08:06',NULL,0,26,NULL,NULL),(87,56,21,'','2018-12-28 13:08:11',NULL,0,26,NULL,NULL),(88,56,21,'','2018-12-28 13:08:24',NULL,0,26,NULL,NULL),(89,56,21,'','2018-12-28 13:08:28',NULL,0,26,NULL,NULL),(90,56,21,'','2018-12-28 13:08:34',NULL,0,26,NULL,NULL),(91,56,21,'','2018-12-28 13:09:53',NULL,4,26,NULL,NULL),(92,56,21,'','2018-12-28 13:10:30',NULL,5,26,NULL,NULL),(93,56,21,'','2018-12-28 13:10:49',NULL,6,26,NULL,NULL),(94,29,58,'','2018-12-28 13:13:56',NULL,1,11,NULL,NULL),(95,74,25,'','2018-12-28 15:12:05',NULL,0,30,'28.12.2018 13:13:27<br/><p>: \n                        \n                            (, ,  .       ,      . )                        \n                    </p><p>: </p><br/><div style=\"background: mediumseagreen;\" class=\"alert alert-primary\" role=\"alert\"></div><br/><div style=\"background: yellowgreen;\" class=\"alert alert-primary\" role=\"alert\"> </div>','<div style=\"background: yellowgreen;\" class=\"alert alert-primary\" role=\"alert\"> </div>'),(97,17,21,'','2018-12-28 16:16:04',NULL,1,11,'28.12.2018 14:17:51<br/><p>: \n                        \n                            (, ,  .       ,      . )                        \n                    </p><p>: </p><br/><div style=\"background: mediumseagreen;\" class=\"alert alert-primary\" role=\"alert\">kdjagffjbj</div><br/><div style=\"background: yellowgreen;\" class=\"alert alert-primary\" role=\"alert\">12 5</div>','<div style=\"background: yellowgreen;\" class=\"alert alert-primary\" role=\"alert\">12 5</div>'),(98,17,21,'','2018-12-28 16:18:45',NULL,3,26,NULL,NULL),(99,17,59,'','2018-12-28 16:39:11',NULL,4,11,NULL,NULL),(101,81,3,'','2019-01-08 13:50:33',NULL,2,1,'18.01.2019 16:33:53<br/><p>: \n                        \n                          -      -   .  ?                        \n                    </p><p>: </p><p>: \n                        \n                        ,       ?                        \n                    </p><p>: </p><br/><div style=\"background: mediumseagreen;\" class=\"alert alert-primary\" role=\"alert\"></div><br/><div style=\"background: yellowgreen;\" class=\"alert alert-primary\" role=\"alert\"></div>18.01.2019 16:53:32<br/><p>: \n                        \n                          -      -   .  ?                        \n                    </p><p>: </p><br/><div style=\"background: mediumseagreen;\" class=\"alert alert-primary\" role=\"alert\"></div><br/><div style=\"background: yellowgreen;\" class=\"alert alert-primary\" role=\"alert\"></div><div style=\"background: orangered;\" class=\"alert alert-primary\" role=\"alert\"></div><div style=\"background: #ffba1e;\" class=\"alert alert-primary\" role=\"alert\"></div>20.01.2019 17:05:52<br/><p>: \n                        \n                        ,       ?                        \n                    </p><p>: </p><p>: \n                        \n                          -      -   .  ?                        \n                    </p><p>:   ?</p><br/><div style=\"background: mediumseagreen;\" class=\"alert alert-primary\" role=\"alert\"></div><br/><div style=\"background: yellowgreen;\" class=\"alert alert-primary\" role=\"alert\"></div><div style=\"background: #ffba1e;\" class=\"alert alert-primary\" role=\"alert\"></div>','<div style=\"background: yellowgreen;\" class=\"alert alert-primary\" role=\"alert\"></div>'),(102,82,13,'','2019-01-08 21:21:57',NULL,3,5,'08.01.2019 19:23:00<br/><p>: \n                        \n                          ?                        \n                    </p><p>:   ,      .  ,      ,    . </p><br/><div style=\"background: mediumseagreen;\" class=\"alert alert-primary\" role=\"alert\">123</div><br/><div style=\"background: yellowgreen;\" class=\"alert alert-primary\" role=\"alert\">1231</div>','<div style=\"background: yellowgreen;\" class=\"alert alert-primary\" role=\"alert\">1231</div>'),(104,85,8,'','2019-01-11 10:04:46',NULL,2,1,NULL,NULL),(105,1,9,'','2019-01-11 10:05:56',NULL,3,2,NULL,NULL),(106,86,9,'','2019-01-11 10:07:46',NULL,4,2,'19.01.2019 14:28:30<br/><p>: \n                        \n                        ,       ?                        \n                    </p><p>: </p><p>: \n                        \n                          -      -   .  ?                        \n                    </p><p>: </p><br/><div style=\"background: mediumseagreen;\" class=\"alert alert-primary\" role=\"alert\"></div><br/><div style=\"background: yellowgreen;\" class=\"alert alert-primary\" role=\"alert\"></div>','<div style=\"background: yellowgreen;\" class=\"alert alert-primary\" role=\"alert\"></div>'),(107,87,9,'','2019-01-11 10:08:50',NULL,1,2,NULL,NULL),(108,88,8,'','2019-01-11 10:13:37',NULL,5,1,NULL,NULL),(109,89,10,'','2019-01-11 10:14:58',NULL,4,3,NULL,NULL),(110,90,10,'','2019-01-11 10:15:49',NULL,1,3,NULL,NULL),(111,91,10,'','2019-01-11 10:17:37',NULL,0,3,'20.01.2019 17:10:03<br/><p>: \n                        \n                         ,  ?                        \n                    </p><p>: </p><p>: \n                        \n                          -      -   .  ?                        \n                    </p><p>: </p><p>: \n                        \n                        ,       ?                        \n                    </p><p>: </p><br/><div style=\"background: mediumseagreen;\" class=\"alert alert-primary\" role=\"alert\"></div><br/><div style=\"background: yellowgreen;\" class=\"alert alert-primary\" role=\"alert\"></div>20.01.2019 17:10:09<br/><br/><div style=\"background: mediumseagreen;\" class=\"alert alert-primary\" role=\"alert\"></div><br/><div style=\"background: yellowgreen;\" class=\"alert alert-primary\" role=\"alert\"></div>20.01.2019 17:10:10<br/><br/><div style=\"background: mediumseagreen;\" class=\"alert alert-primary\" role=\"alert\"></div><br/><div style=\"background: yellowgreen;\" class=\"alert alert-primary\" role=\"alert\"></div>20.01.2019 17:10:11<br/><br/><div style=\"background: mediumseagreen;\" class=\"alert alert-primary\" role=\"alert\"></div><br/><div style=\"background: yellowgreen;\" class=\"alert alert-primary\" role=\"alert\"></div>20.01.2019 17:10:11<br/><br/><div style=\"background: mediumseagreen;\" class=\"alert alert-primary\" role=\"alert\"></div><br/><div style=\"background: yellowgreen;\" class=\"alert alert-primary\" role=\"alert\"></div><div style=\"background: #ffba1e;\" class=\"alert alert-primary\" role=\"alert\"></div>','<div style=\"background: yellowgreen;\" class=\"alert alert-primary\" role=\"alert\"></div>'),(113,1,6,'','2019-01-18 17:49:31',NULL,0,2,NULL,NULL),(115,94,73,'','2019-01-18 17:54:50',NULL,0,71,'<div style=\"background: orangered;\" class=\"alert alert-primary\" role=\"alert\"></div>',NULL),(116,94,73,'','2019-01-18 17:55:35',NULL,0,71,'18.01.2019 16:16:51<br/><p>: \n                        \n                                                \n                    </p><p>: 12</p><br/><div style=\"background: mediumseagreen;\" class=\"alert alert-primary\" role=\"alert\">asd</div><br/><div style=\"background: yellowgreen;\" class=\"alert alert-primary\" role=\"alert\">asd</div>18.01.2019 16:30:14<br/><p>: \n                        \n                                                \n                    </p><p>: 2</p><br/><div style=\"background: mediumseagreen;\" class=\"alert alert-primary\" role=\"alert\"></div><br/><div style=\"background: yellowgreen;\" class=\"alert alert-primary\" role=\"alert\"></div>','<div style=\"background: yellowgreen;\" class=\"alert alert-primary\" role=\"alert\"></div>'),(120,96,66,'','2019-01-18 18:45:33',NULL,4,66,'20.01.2019 19:19:58<br/><p>: \n                        \n                        \"    ?\" ( )                        \n                    </p><p>:    </p><p>: \n                        \n                          -   ?                        \n                    </p><p>:   </p><br/><div style=\"background: mediumseagreen;\" class=\"alert alert-primary\" role=\"alert\">  </div><br/><div style=\"background: yellowgreen;\" class=\"alert alert-primary\" role=\"alert\"></div>20.01.2019 19:20:48<br/><br/><div style=\"background: mediumseagreen;\" class=\"alert alert-primary\" role=\"alert\">  </div><br/><div style=\"background: yellowgreen;\" class=\"alert alert-primary\" role=\"alert\"></div>21.01.2019 09:26:38<br/><p>: \n                        \n                        \"    ?\" ( )                        \n                    </p><p>: </p><p>: \n                        \n                          -   ?                        \n                    </p><p>: </p><br/><div style=\"background: mediumseagreen;\" class=\"alert alert-primary\" role=\"alert\"></div><br/><div style=\"background: yellowgreen;\" class=\"alert alert-primary\" role=\"alert\"> </div>21.01.2019 09:28:05<br/><p>: \n                        \n                        \"    ?\" ( )                        \n                    </p><p>: </p><p>: \n                        \n                              ,      ?                        \n                    </p><p>: </p><p>: \n                        \n                          -   ?                        \n                    </p><p>:   </p><br/><div style=\"background: mediumseagreen;\" class=\"alert alert-primary\" role=\"alert\"></div><br/><div style=\"background: yellowgreen;\" class=\"alert alert-primary\" role=\"alert\"></div>','<div style=\"background: yellowgreen;\" class=\"alert alert-primary\" role=\"alert\"></div>'),(121,1,12,'','2019-01-18 20:36:33',NULL,0,1,NULL,NULL),(122,1,12,'','2019-01-18 20:36:45',NULL,0,1,NULL,NULL),(123,1,12,'','2019-01-18 20:36:53',NULL,1,1,NULL,NULL),(124,1,12,'','2019-01-18 20:37:10',NULL,6,1,NULL,NULL),(125,1,12,'','2019-01-18 20:38:56',NULL,0,1,NULL,NULL),(126,1,12,'','2019-01-18 20:39:05',NULL,0,1,NULL,NULL),(127,1,12,'','2019-01-18 20:39:11',NULL,0,1,NULL,NULL),(128,97,74,'','2019-01-19 15:32:39',NULL,0,73,'19.01.2019 13:34:12<br/><p>: \n                        \n                        TestForGabri                        \n                    </p><p>: TestForGabri</p><br/><div style=\"background: mediumseagreen;\" class=\"alert alert-primary\" role=\"alert\"></div><br/><div style=\"background: yellowgreen;\" class=\"alert alert-primary\" role=\"alert\"></div>','<div style=\"background: yellowgreen;\" class=\"alert alert-primary\" role=\"alert\"></div>'),(129,98,75,'','2019-01-19 15:41:31',NULL,4,74,'19.01.2019 13:42:22<br/><p>: \n                        \n                                                  \n                    </p><p>:   1</p><p>: \n                        \n                                                  \n                    </p><p>:   2</p><p>: \n                        \n                                                  \n                    </p><p>:  </p><br/><div style=\"background: mediumseagreen;\" class=\"alert alert-primary\" role=\"alert\"> </div><br/><div style=\"background: yellowgreen;\" class=\"alert alert-primary\" role=\"alert\"> .</div><div style=\"background: #ffba1e;\" class=\"alert alert-primary\" role=\"alert\"> </div>','<div style=\"background: yellowgreen;\" class=\"alert alert-primary\" role=\"alert\"> .</div>'),(130,98,75,'','2019-01-19 15:45:04',NULL,0,74,'19.01.2019 13:45:33<br/><p>: \n                        \n                                                  \n                    </p><p>:   2</p><p>: \n                        \n                                                  \n                    </p><p>:   1</p><p>: \n                        \n                                                  \n                    </p><p>:  </p><br/><div style=\"background: mediumseagreen;\" class=\"alert alert-primary\" role=\"alert\">1</div><br/><div style=\"background: yellowgreen;\" class=\"alert alert-primary\" role=\"alert\">1</div>','<div style=\"background: yellowgreen;\" class=\"alert alert-primary\" role=\"alert\">1</div>'),(132,1,12,'','2019-01-19 16:21:12',NULL,4,1,NULL,NULL),(133,1,6,'','2019-01-20 21:52:07',NULL,0,2,NULL,NULL),(134,3,3,'','2019-01-25 13:49:07',NULL,0,2,NULL,NULL),(135,1,3,'','2019-02-06 14:49:41',NULL,3,1,'06.02.2019 12:50:57<br/><p>: \n                        \n                         ,  ?                        \n                    </p><p>: </p><br/><div style=\"background: mediumseagreen;\" class=\"alert alert-primary\" role=\"alert\"></div><br/><div style=\"background: yellowgreen;\" class=\"alert alert-primary\" role=\"alert\"></div><div style=\"background: #ffba1e;\" class=\"alert alert-primary\" role=\"alert\"></div>','<div style=\"background: yellowgreen;\" class=\"alert alert-primary\" role=\"alert\"></div>'),(136,1,3,'','2019-03-13 23:27:29',NULL,2,1,NULL,NULL),(137,1,3,'-','2020-03-19 18:18:17',NULL,0,1,'19.03.2020 16:19:16<br/><p>: \n                        \n                        ,       ?                        \n                    </p><p>: </p><p>: \n                        \n                          -      -   .  ?                        \n                    </p><p>:   ?</p><br/><div style=\"background: mediumseagreen;\" class=\"alert alert-primary\" role=\"alert\"> </div><br/><div style=\"background: yellowgreen;\" class=\"alert alert-primary\" role=\"alert\"></div>19.03.2020 16:21:37<br/><p>: \n                        \n                        ,       ?                        \n                    </p><p>: </p><p>: \n                        \n                         ,  ?                        \n                    </p><p>: </p><br/><div style=\"background: mediumseagreen;\" class=\"alert alert-primary\" role=\"alert\">q</div><br/><div style=\"background: yellowgreen;\" class=\"alert alert-primary\" role=\"alert\">w</div>','<div style=\"background: yellowgreen;\" class=\"alert alert-primary\" role=\"alert\">w</div>');
/*!40000 ALTER TABLE `interview` ENABLE KEYS */;
UNLOCK TABLES;

--
-- Table structure for table `interview_vacancy`
--

DROP TABLE IF EXISTS `interview_vacancy`;
/*!40101 SET @saved_cs_client     = @@character_set_client */;
/*!40101 SET character_set_client = utf8 */;
CREATE TABLE `interview_vacancy` (
  `id` int(11) NOT NULL AUTO_INCREMENT,
  `vacancy_id` int(11) NOT NULL,
  `interview_id` int(11) NOT NULL,
  `quantity` int(10) NOT NULL,
  `cost` double(10,2) DEFAULT NULL,
  `cost_type` int(11) DEFAULT NULL,
  `overhead_cost_id` int(11) DEFAULT NULL,
  `currency_id` int(11) NOT NULL,
  `pack_unit_id` int(11) DEFAULT NULL,
  PRIMARY KEY (`id`),
  KEY `interview_vacancy_currency_id_fk` (`currency_id`),
  KEY `interview_vacancy_pack_unit_id_fk` (`pack_unit_id`),
  KEY `interview_vacancy_vacancy_id_fk` (`vacancy_id`),
  KEY `interview_vacancy_interview_id_fk` (`interview_id`),
  KEY `interview_vacancy_overhead_cost_id_fk` (`overhead_cost_id`),
  CONSTRAINT `interview_vacancy_currency_id_fk` FOREIGN KEY (`currency_id`) REFERENCES `currency` (`id`) ON DELETE CASCADE ON UPDATE CASCADE,
  CONSTRAINT `interview_vacancy_interview_id_fk` FOREIGN KEY (`interview_id`) REFERENCES `interview` (`id`) ON DELETE CASCADE ON UPDATE CASCADE,
  CONSTRAINT `interview_vacancy_overhead_cost_id_fk` FOREIGN KEY (`overhead_cost_id`) REFERENCES `overhead_cost` (`id`) ON DELETE CASCADE ON UPDATE CASCADE,
  CONSTRAINT `interview_vacancy_pack_unit_id_fk` FOREIGN KEY (`pack_unit_id`) REFERENCES `pack_unit` (`id`) ON DELETE CASCADE ON UPDATE CASCADE,
  CONSTRAINT `interview_vacancy_vacancy_id_fk` FOREIGN KEY (`vacancy_id`) REFERENCES `vacancy` (`id`) ON DELETE CASCADE ON UPDATE CASCADE
) ENGINE=InnoDB DEFAULT CHARSET=utf8;
/*!40101 SET character_set_client = @saved_cs_client */;

--
-- Dumping data for table `interview_vacancy`
--

LOCK TABLES `interview_vacancy` WRITE;
/*!40000 ALTER TABLE `interview_vacancy` DISABLE KEYS */;
/*!40000 ALTER TABLE `interview_vacancy` ENABLE KEYS */;
UNLOCK TABLES;

--
-- Table structure for table `inventorization`
--

DROP TABLE IF EXISTS `inventorization`;
/*!40101 SET @saved_cs_client     = @@character_set_client */;
/*!40101 SET character_set_client = utf8 */;
CREATE TABLE `inventorization` (
  `id` int(11) NOT NULL AUTO_INCREMENT,
  `warehouse_id` int(11) NOT NULL,
  `name` varchar(255) DEFAULT NULL,
  `date` datetime DEFAULT NULL,
  `state` int(11) DEFAULT NULL,
  PRIMARY KEY (`id`),
  KEY `inventorization_warehouse_id_fk` (`warehouse_id`),
  CONSTRAINT `inventorization_warehouse_id_fk` FOREIGN KEY (`warehouse_id`) REFERENCES `warehouse` (`id`) ON DELETE CASCADE ON UPDATE CASCADE
) ENGINE=InnoDB AUTO_INCREMENT=3 DEFAULT CHARSET=utf8;
/*!40101 SET character_set_client = @saved_cs_client */;

--
-- Dumping data for table `inventorization`
--

LOCK TABLES `inventorization` WRITE;
/*!40000 ALTER TABLE `inventorization` DISABLE KEYS */;
INSERT INTO `inventorization` VALUES (1,18,'   24.10.2018','2017-10-24 00:00:00',0),(2,1,'   24.10.2017','2017-10-24 00:00:00',0);
/*!40000 ALTER TABLE `inventorization` ENABLE KEYS */;
UNLOCK TABLES;

--
-- Table structure for table `inventorization_product`
--

DROP TABLE IF EXISTS `inventorization_product`;
/*!40101 SET @saved_cs_client     = @@character_set_client */;
/*!40101 SET character_set_client = utf8 */;
CREATE TABLE `inventorization_product` (
  `id` int(11) NOT NULL AUTO_INCREMENT,
  `product_id` int(11) NOT NULL,
  `inventorization_id` int(11) NOT NULL,
  `accounting_quantity` int(11) DEFAULT NULL,
  `fact_quantity` int(11) DEFAULT NULL,
  PRIMARY KEY (`id`),
  KEY `inventorization_product_product_id_fk` (`product_id`),
  KEY `iinventorization_product_warehouse_id_fk` (`inventorization_id`),
  CONSTRAINT `iinventorization_product_warehouse_id_fk` FOREIGN KEY (`inventorization_id`) REFERENCES `inventorization` (`id`) ON DELETE CASCADE ON UPDATE CASCADE,
  CONSTRAINT `inventorization_product_product_id_fk` FOREIGN KEY (`product_id`) REFERENCES `product` (`id`) ON DELETE CASCADE ON UPDATE CASCADE
) ENGINE=InnoDB DEFAULT CHARSET=utf8;
/*!40101 SET character_set_client = @saved_cs_client */;

--
-- Dumping data for table `inventorization_product`
--

LOCK TABLES `inventorization_product` WRITE;
/*!40000 ALTER TABLE `inventorization_product` DISABLE KEYS */;
/*!40000 ALTER TABLE `inventorization_product` ENABLE KEYS */;
UNLOCK TABLES;

--
-- Table structure for table `item`
--

DROP TABLE IF EXISTS `item`;
/*!40101 SET @saved_cs_client     = @@character_set_client */;
/*!40101 SET character_set_client = utf8 */;
CREATE TABLE `item` (
  `id` int(11) NOT NULL AUTO_INCREMENT,
  `title` varchar(255) COLLATE utf8_unicode_ci DEFAULT NULL,
  `description` varchar(255) COLLATE utf8_unicode_ci DEFAULT NULL,
  `parent_id` int(11) DEFAULT NULL,
  `regularity_id` int(11) DEFAULT NULL,
  `order` int(11) DEFAULT NULL,
  `color` varchar(55) COLLATE utf8_unicode_ci DEFAULT NULL,
  PRIMARY KEY (`id`),
  KEY `regularity_item_ibfk_1` (`regularity_id`),
  KEY `regularity_item_ibfk_2` (`parent_id`),
  CONSTRAINT `regularity_item_ibfk_1` FOREIGN KEY (`regularity_id`) REFERENCES `regularity` (`id`) ON DELETE CASCADE ON UPDATE CASCADE,
  CONSTRAINT `regularity_item_ibfk_2` FOREIGN KEY (`parent_id`) REFERENCES `item` (`id`) ON DELETE CASCADE ON UPDATE CASCADE
) ENGINE=InnoDB AUTO_INCREMENT=10 DEFAULT CHARSET=utf8 COLLATE=utf8_unicode_ci;
/*!40101 SET character_set_client = @saved_cs_client */;

--
-- Dumping data for table `item`
--

LOCK TABLES `item` WRITE;
/*!40000 ALTER TABLE `item` DISABLE KEYS */;
INSERT INTO `item` VALUES (1,' ?','',NULL,1,5,'red'),(2,' ?','',NULL,1,4,'red'),(3,' ?','',NULL,1,1,'red'),(4,' ?','',NULL,1,1,'red'),(5,' ?','',NULL,1,1,'red'),(6,' ?','',2,1,1,'red'),(7,' ?','',3,1,1,'red'),(8,' ?','',1,1,1,'red'),(9,' ?','',3,1,1,'red');
/*!40000 ALTER TABLE `item` ENABLE KEYS */;
UNLOCK TABLES;

--
-- Table structure for table `manufacturer`
--

DROP TABLE IF EXISTS `manufacturer`;
/*!40101 SET @saved_cs_client     = @@character_set_client */;
/*!40101 SET character_set_client = utf8 */;
CREATE TABLE `manufacturer` (
  `id` int(11) NOT NULL AUTO_INCREMENT,
  `name` varchar(100) NOT NULL,
  `country_id` int(11) DEFAULT NULL,
  `address` varchar(255) DEFAULT NULL,
  PRIMARY KEY (`id`),
  UNIQUE KEY `manufacturer_unique_index` (`name`,`country_id`,`address`),
  KEY `manufacturer-country_id_fk` (`country_id`),
  CONSTRAINT `manufacturer-country_id_fk` FOREIGN KEY (`country_id`) REFERENCES `country` (`id`) ON DELETE CASCADE ON UPDATE CASCADE
) ENGINE=InnoDB AUTO_INCREMENT=9 DEFAULT CHARSET=utf8;
/*!40101 SET character_set_client = @saved_cs_client */;

--
-- Dumping data for table `manufacturer`
--

LOCK TABLES `manufacturer` WRITE;
/*!40000 ALTER TABLE `manufacturer` DISABLE KEYS */;
INSERT INTO `manufacturer` VALUES (4,'Bacardi',4,' Bacardi'),(7,'fghjk',3,'fghjk.'),(1,'Hennessy',1,' Hennessy'),(5,'Jack Daniels',5,' Jack Daniels'),(3,'Martini',3,' Martini'),(2,'Zonin',2,' Zonin'),(8,' 2',1,''),(6,' 1',1,'');
/*!40000 ALTER TABLE `manufacturer` ENABLE KEYS */;
UNLOCK TABLES;

--
-- Table structure for table `message`
--

DROP TABLE IF EXISTS `message`;
/*!40101 SET @saved_cs_client     = @@character_set_client */;
/*!40101 SET character_set_client = utf8 */;
CREATE TABLE `message` (
  `id` int(11) NOT NULL AUTO_INCREMENT COMMENT '',
  `from_user_id` int(11) NOT NULL COMMENT '',
  `to_user_id` int(11) NOT NULL COMMENT '',
  `title` varchar(500) NOT NULL COMMENT ' ',
  `text` text NOT NULL COMMENT '',
  `datetime` datetime NOT NULL COMMENT '',
  `favorit` int(1) NOT NULL COMMENT '',
  `status` int(2) NOT NULL COMMENT '',
  PRIMARY KEY (`id`),
  KEY `from_user_id` (`from_user_id`),
  KEY `to_user_id` (`to_user_id`),
  CONSTRAINT `message_ibfk_1` FOREIGN KEY (`from_user_id`) REFERENCES `user` (`id`) ON DELETE CASCADE ON UPDATE CASCADE,
  CONSTRAINT `message_ibfk_2` FOREIGN KEY (`to_user_id`) REFERENCES `user` (`id`) ON DELETE CASCADE ON UPDATE CASCADE
) ENGINE=InnoDB DEFAULT CHARSET=utf8;
/*!40101 SET character_set_client = @saved_cs_client */;

--
-- Dumping data for table `message`
--

LOCK TABLES `message` WRITE;
/*!40000 ALTER TABLE `message` DISABLE KEYS */;
/*!40000 ALTER TABLE `message` ENABLE KEYS */;
UNLOCK TABLES;

--
-- Table structure for table `migration`
--

DROP TABLE IF EXISTS `migration`;
/*!40101 SET @saved_cs_client     = @@character_set_client */;
/*!40101 SET character_set_client = utf8 */;
CREATE TABLE `migration` (
  `version` varchar(180) NOT NULL,
  `apply_time` int(11) DEFAULT NULL,
  PRIMARY KEY (`version`)
) ENGINE=InnoDB DEFAULT CHARSET=latin1;
/*!40101 SET character_set_client = @saved_cs_client */;

--
-- Dumping data for table `migration`
--

LOCK TABLES `migration` WRITE;
/*!40000 ALTER TABLE `migration` DISABLE KEYS */;
INSERT INTO `migration` VALUES ('m000000_000000_base',1541601480),('m171008_182007_base',1543322835),('m181207_232206_add_table_worker',1544605972),('m181207_233850_add_table_vacancy',1544605972),('m181207_234922_add_table_project',1544605972),('m181207_235524_create_junction_table_for_project_and_vacancy_tables',1544605972),('m181207_235742_create_junction_table_for_project_and_user_tables',1544605973),('m181209_140101_add_relation_for_interview_table',1544606347),('m181209_142416_rename_column_title_name',1544606347),('m181209_161439_add_column_dialog_in_interview',1544606347),('m181209_162945_add_column_count_in_project_vacancy',1544610554),('m181216_152128_add_column_parent_id_for_user_table',1544983343),('m181220_143552_add_column_id_for_request_strategy',1545327578),('m181222_213415_create_junction_table_for_worker_and_vacancy_tables',1545653493),('m181225_123543_create_junction_table_for_project_and_vacancy_tables',1545744817),('m181225_163355_add_column_collaborated_in_worker',1545757345);
/*!40000 ALTER TABLE `migration` ENABLE KEYS */;
UNLOCK TABLES;

--
-- Table structure for table `overhead_cost`
--

DROP TABLE IF EXISTS `overhead_cost`;
/*!40101 SET @saved_cs_client     = @@character_set_client */;
/*!40101 SET character_set_client = utf8 */;
CREATE TABLE `overhead_cost` (
  `id` int(11) NOT NULL AUTO_INCREMENT,
  `type` int(11) DEFAULT NULL,
  `sum` double(10,2) DEFAULT NULL,
  `currency_id` int(11) NOT NULL,
  `comment` varchar(255) DEFAULT NULL,
  PRIMARY KEY (`id`),
  KEY `overhead_cost_currency_id_fk` (`currency_id`),
  CONSTRAINT `overhead_cost_currency_id_fk` FOREIGN KEY (`currency_id`) REFERENCES `currency` (`id`) ON DELETE CASCADE ON UPDATE CASCADE
) ENGINE=InnoDB AUTO_INCREMENT=13 DEFAULT CHARSET=utf8;
/*!40101 SET character_set_client = @saved_cs_client */;

--
-- Dumping data for table `overhead_cost`
--

LOCK TABLES `overhead_cost` WRITE;
/*!40000 ALTER TABLE `overhead_cost` DISABLE KEYS */;
INSERT INTO `overhead_cost` VALUES (1,1,2.00,1,' '),(2,1,5.00,1,''),(3,2,25.00,2,''),(4,2,123.00,1,'1'),(5,1,55.00,2,'!'),(6,2,25.00,3,'50!'),(7,3,567.00,2,'   '),(8,1,456.00,1,''),(9,2,500.00,1,''),(10,2,1.00,1,'6'),(11,2,1.00,1,'6'),(12,2,1.00,1,'6');
/*!40000 ALTER TABLE `overhead_cost` ENABLE KEYS */;
UNLOCK TABLES;

--
-- Table structure for table `pack_unit`
--

DROP TABLE IF EXISTS `pack_unit`;
/*!40101 SET @saved_cs_client     = @@character_set_client */;
/*!40101 SET character_set_client = utf8 */;
CREATE TABLE `pack_unit` (
  `id` int(11) NOT NULL AUTO_INCREMENT,
  `name` varchar(255) NOT NULL,
  `bottles_quantity` int(11) NOT NULL,
  `volume` int(11) NOT NULL,
  PRIMARY KEY (`id`)
) ENGINE=InnoDB AUTO_INCREMENT=6 DEFAULT CHARSET=utf8;
/*!40101 SET character_set_client = @saved_cs_client */;

--
-- Dumping data for table `pack_unit`
--

LOCK TABLES `pack_unit` WRITE;
/*!40000 ALTER TABLE `pack_unit` DISABLE KEYS */;
INSERT INTO `pack_unit` VALUES (2,'12 ',12,1),(3,'24 ',24,1),(4,'',10,20),(5,'',200,20);
/*!40000 ALTER TABLE `pack_unit` ENABLE KEYS */;
UNLOCK TABLES;

--
-- Table structure for table `patient`
--

DROP TABLE IF EXISTS `patient`;
/*!40101 SET @saved_cs_client     = @@character_set_client */;
/*!40101 SET character_set_client = utf8 */;
CREATE TABLE `patient` (
  `id` int(11) NOT NULL AUTO_INCREMENT,
  `nameCompany` varchar(255) DEFAULT NULL COMMENT ' ,    , , , ,        ',
  `address` varchar(255) DEFAULT NULL COMMENT '    ',
  `years` int(11) DEFAULT NULL COMMENT ' ',
  `name` varchar(255) DEFAULT NULL COMMENT ' ',
  `surname` varchar(255) DEFAULT NULL COMMENT ' ',
  `patronymic` varchar(255) DEFAULT NULL COMMENT ' ',
  `gender` tinyint(1) DEFAULT NULL COMMENT ' ',
  `dateBirth` date DEFAULT NULL COMMENT '  ',
  `location` varchar(255) DEFAULT NULL COMMENT '  ',
  `phone` varchar(255) DEFAULT NULL COMMENT '  ',
  `diagnosis` varchar(255) DEFAULT NULL COMMENT ' ',
  `complaints` text COMMENT ' ',
  `allDiseases` text COMMENT ' ',
  `developmentOfDisease` text COMMENT '  ',
  `surveyData` text COMMENT '  ,  ,  ',
  `bite` text COMMENT '',
  `mouthCondition` text COMMENT '  ,     ',
  `xray` text COMMENT ' ',
  `laboratoryTests` text COMMENT ' ',
  `colorVita` varchar(2) DEFAULT NULL COMMENT '    ',
  `hygienerainingDate` date DEFAULT NULL COMMENT '     ',
  `dateHygieneControl` date DEFAULT NULL COMMENT '     ',
  PRIMARY KEY (`id`)
) ENGINE=InnoDB AUTO_INCREMENT=13 DEFAULT CHARSET=utf8;
/*!40101 SET character_set_client = @saved_cs_client */;

--
-- Dumping data for table `patient`
--

LOCK TABLES `patient` WRITE;
/*!40000 ALTER TABLE `patient` DISABLE KEYS */;
INSERT INTO `patient` VALUES (3,'','.  5',18,'','','',2,'1996-10-26','. ','0660443958','','-','   1.08.17  14.12.17.   . \r\n','  ','','','  11.10.18','','','',NULL,NULL),(4,'','-',18,'','','',2,'1997-01-08','.','0504034783','','','','','','','','','','',NULL,NULL),(5,'','',18,'','','',1,'1994-12-09','','0504024285','','','','','','','','','','',NULL,NULL),(6,'','. ',19,'','','',2,'1994-01-06','','','','','','','','','','','','',NULL,NULL),(7,'-','. ',17,'','','',2,'1995-01-06','','','','','','','','','','','','',NULL,NULL),(9,'','',18,'','','',1,'1995-03-07','','','','','','','','','','','','',NULL,NULL),(10,'','',17,'','','',1,'1993-09-08','','0663483345','','','','','','','','','','',NULL,NULL),(11,'','',18,'','','',2,'1975-10-10','','456765433243','','','','','','','','','','',NULL,NULL),(12,'','',21,'','','',1,'1994-10-11','','','','','','','','','','','','',NULL,NULL);
/*!40000 ALTER TABLE `patient` ENABLE KEYS */;
UNLOCK TABLES;

--
-- Table structure for table `product`
--

DROP TABLE IF EXISTS `product`;
/*!40101 SET @saved_cs_client     = @@character_set_client */;
/*!40101 SET character_set_client = utf8 */;
CREATE TABLE `product` (
  `id` int(11) NOT NULL AUTO_INCREMENT,
  `type_id` int(11) NOT NULL,
  `category_id` int(11) DEFAULT NULL,
  `manufacturer_id` int(11) NOT NULL,
  `sku` varchar(255) NOT NULL,
  `customs_code` varchar(255) DEFAULT NULL,
  `name` varchar(255) NOT NULL,
  `note` text,
  `volume` int(11) NOT NULL,
  `color_id` int(11) DEFAULT NULL,
  `year_chart` int(11) DEFAULT NULL,
  `proof` double(10,2) DEFAULT NULL,
  `batcher` tinyint(1) DEFAULT NULL,
  `rating` double(10,2) DEFAULT NULL,
  `country_id` int(11) NOT NULL,
  `pack_unit_id` int(11) DEFAULT NULL,
  `parent_id` int(11) DEFAULT NULL,
  PRIMARY KEY (`id`),
  KEY `product-country_id_fk` (`country_id`),
  KEY `field_product_manufacturer_id_fk` (`manufacturer_id`),
  KEY `field_product_category_id_fk` (`category_id`),
  KEY `field_product_type_id_fk` (`type_id`),
  KEY `product-color_id-fk` (`color_id`),
  CONSTRAINT `field_product_category_id_fk` FOREIGN KEY (`category_id`) REFERENCES `category` (`id`) ON DELETE CASCADE ON UPDATE CASCADE,
  CONSTRAINT `field_product_manufacturer_id_fk` FOREIGN KEY (`manufacturer_id`) REFERENCES `manufacturer` (`id`) ON DELETE CASCADE ON UPDATE CASCADE,
  CONSTRAINT `field_product_type_id_fk` FOREIGN KEY (`type_id`) REFERENCES `type` (`id`) ON DELETE CASCADE ON UPDATE CASCADE,
  CONSTRAINT `product-color_id-fk` FOREIGN KEY (`color_id`) REFERENCES `color` (`id`) ON DELETE CASCADE ON UPDATE CASCADE,
  CONSTRAINT `product-country_id_fk` FOREIGN KEY (`country_id`) REFERENCES `country` (`id`) ON DELETE CASCADE ON UPDATE CASCADE
) ENGINE=InnoDB AUTO_INCREMENT=22 DEFAULT CHARSET=utf8;
/*!40101 SET character_set_client = @saved_cs_client */;

--
-- Dumping data for table `product`
--

LOCK TABLES `product` WRITE;
/*!40000 ALTER TABLE `product` DISABLE KEYS */;
INSERT INTO `product` VALUES (13,5,2,6,'VSKR-50','',' Red Lable','  ...',50,NULL,1998,40.00,0,5.00,6,NULL,NULL),(14,5,2,6,'RV-50','','Revo','One shot - one hit',50,NULL,2018,8.00,1,NULL,11,NULL,NULL),(15,10,NULL,8,'KNSL-75','','','',75,NULL,NULL,NULL,NULL,NULL,5,NULL,NULL),(16,5,NULL,8,'VNGR-70','','  ','',70,NULL,NULL,NULL,NULL,NULL,6,NULL,NULL),(17,10,NULL,8,'DSTV-75','','','',75,NULL,NULL,NULL,NULL,NULL,5,NULL,NULL),(18,5,NULL,8,'VDK-125','',' ','',125,NULL,NULL,NULL,NULL,NULL,5,NULL,NULL),(19,10,NULL,8,'SBPK-100','',' ','',100,NULL,NULL,NULL,NULL,NULL,6,NULL,NULL),(20,5,2,6,'VSK-70','2254464865129','','--',70,NULL,1995,45.00,0,6.00,3,NULL,NULL),(21,5,2,8,'PRDC-100','3254','product 12','',100,NULL,2018,40.00,0,5.00,5,NULL,NULL);
/*!40000 ALTER TABLE `product` ENABLE KEYS */;
UNLOCK TABLES;

--
-- Table structure for table `product_pack_unit`
--

DROP TABLE IF EXISTS `product_pack_unit`;
/*!40101 SET @saved_cs_client     = @@character_set_client */;
/*!40101 SET character_set_client = utf8 */;
CREATE TABLE `product_pack_unit` (
  `id` int(11) NOT NULL AUTO_INCREMENT,
  `product_id` int(11) DEFAULT NULL,
  `pack_unit_id` int(11) DEFAULT NULL,
  PRIMARY KEY (`id`),
  UNIQUE KEY `product_pack_unit_unique_index` (`product_id`,`pack_unit_id`),
  KEY `field_product_pack_unit_pack_unit_id_fk` (`pack_unit_id`),
  CONSTRAINT `field_product_pack_unit_pack_unit_id_fk` FOREIGN KEY (`pack_unit_id`) REFERENCES `pack_unit` (`id`) ON DELETE CASCADE ON UPDATE CASCADE,
  CONSTRAINT `field_product_pack_unit_product_id_fk` FOREIGN KEY (`product_id`) REFERENCES `product` (`id`) ON DELETE CASCADE ON UPDATE CASCADE
) ENGINE=InnoDB DEFAULT CHARSET=utf8;
/*!40101 SET character_set_client = @saved_cs_client */;

--
-- Dumping data for table `product_pack_unit`
--

LOCK TABLES `product_pack_unit` WRITE;
/*!40000 ALTER TABLE `product_pack_unit` DISABLE KEYS */;
/*!40000 ALTER TABLE `product_pack_unit` ENABLE KEYS */;
UNLOCK TABLES;

--
-- Table structure for table `project`
--

DROP TABLE IF EXISTS `project`;
/*!40101 SET @saved_cs_client     = @@character_set_client */;
/*!40101 SET character_set_client = utf8 */;
CREATE TABLE `project` (
  `id` int(11) NOT NULL AUTO_INCREMENT,
  `name` varchar(255) CHARACTER SET utf8 DEFAULT NULL,
  `address` varchar(255) CHARACTER SET utf8 DEFAULT NULL,
  `description` text CHARACTER SET utf8,
  `state` int(3) NOT NULL DEFAULT '1',
  PRIMARY KEY (`id`)
) ENGINE=InnoDB AUTO_INCREMENT=78 DEFAULT CHARSET=latin1;
/*!40101 SET character_set_client = @saved_cs_client */;

--
-- Dumping data for table `project`
--

LOCK TABLES `project` WRITE;
/*!40000 ALTER TABLE `project` DISABLE KEYS */;
INSERT INTO `project` VALUES (1,' ',',  123','    ,   ,     .    .',1),(2,' ',',  123','<h1>   <br></h1>\r\n<p>    .         .       ...\r\n</p>\r\n<p>        \r\n</p>\r\n<h1>\r\n<hr>\r\n<p> -  .   .\r\n</p></h1>\r\n<ul>\r\n	<li>   </li>\r\n	<li>   </li>\r\n	<li>   \r\n	<ul>\r\n		<li>   </li>\r\n	</ul>\r\n	<ul>\r\n		<li>   </li>\r\n	</ul></li>\r\n	<li>   \r\n	<ul>\r\n		<li>   </li>\r\n	</ul>\r\n	<ul>\r\n		<li>   </li>\r\n	</ul>\r\n	<ul>\r\n		<li>   </li>\r\n		<li>   </li>\r\n	</ul></li>\r\n	<li>   \r\n	<ul>\r\n		<li>   </li>\r\n		<li>   </li>\r\n		<li>   </li>\r\n		\r\n		\r\n	</ul></li>\r\n</ul>\r\n<strong>  </strong>\r\n<ol>\r\n	<li>   \r\n	<ol>\r\n		<li>   \r\n		<ol>\r\n			<li>   </li>\r\n			<li>   </li>\r\n			<li>   </li>\r\n		</ol></li>\r\n	</ol></li>\r\n	<li>   \r\n	<ol>\r\n		<li>   </li>\r\n		<li>   </li>\r\n		<li>   </li>\r\n	</ol></li>\r\n	<li>   </li>\r\n	<li>   \r\n	<ol>\r\n		<li>   </li>\r\n	</ol>\r\n	<ol>\r\n		<li>   </li>\r\n	</ol>\r\n	<ol>\r\n		<li>   </li>\r\n	</ol>\r\n	<ol>\r\n		<li>   </li>\r\n	</ol></li>\r\n</ol>\r\n<p><span class=\"redactor-invisible-space\"><span class=\"label-red\">  </span></span>\r\n</p>',2),(3,' ',',  123','    ,   ,     .    .',1),(4,' ',',  123','    ,   ,     .    .',2),(5,' ',',  123','    ,   ,     .    .',2),(6,' ',',  123','    ,   ,     .    .',2),(8,' ',',  123','    ,   ,     .    .',2),(9,' ',',  123','    ,   ,     .    .',2),(10,' ',',  123','    ,   ,     .    .',2),(11,' ',' 45','   ',1),(12,' ',' 8',' ',2),(13,'','','<p></p>',1),(14,'','','<p></p>',1),(15,'','','<p></p>',1),(16,' ',' ','<p style=\"margin-left: 40px;\"> </p>',1),(17,'','','<p></p>',1),(18,'','','<p></p>',1),(19,' ','. ,  11, 115 ','<p>       </p>',1),(21,' ','  ,  51, 66 ','<p>    ,   </p>',2),(22,' ',' 50  ,  119','<p>          <span class=\"redactor-invisible-space\">     <span class=\"redactor-invisible-space\">     <span class=\"redactor-invisible-space\">     <span class=\"redactor-invisible-space\">     <span class=\"redactor-invisible-space\">     <span class=\"redactor-invisible-space\">     <span class=\"redactor-invisible-space\">     <span class=\"redactor-invisible-space\">     <span class=\"redactor-invisible-space\">     <span class=\"redactor-invisible-space\">     <span class=\"redactor-invisible-space\">     <span class=\"redactor-invisible-space\">     <span class=\"redactor-invisible-space\">     <span class=\"redactor-invisible-space\">     <span class=\"redactor-invisible-space\">     <span class=\"redactor-invisible-space\">     <span class=\"redactor-invisible-space\">     <span class=\"redactor-invisible-space\">     <span class=\"redactor-invisible-space\">     <span class=\"redactor-invisible-space\">     <span class=\"redactor-invisible-space\">     <span class=\"redactor-invisible-space\">     <span class=\"redactor-invisible-space\">     <span class=\"redactor-invisible-space\">     <span class=\"redactor-invisible-space\">     <span class=\"redactor-invisible-space\">     <span class=\"redactor-invisible-space\">     <span class=\"redactor-invisible-space\">     <span class=\"redactor-invisible-space\">     <span class=\"redactor-invisible-space\">     <span class=\"redactor-invisible-space\">     <span class=\"redactor-invisible-space\">     <span class=\"redactor-invisible-space\">     <span class=\"redactor-invisible-space\">     <span class=\"redactor-invisible-space\">     <span class=\"redactor-invisible-space\">     <span class=\"redactor-invisible-space\">     <span class=\"redactor-invisible-space\">     <span class=\"redactor-invisible-space\">     <span class=\"redactor-invisible-space\">     <span class=\"redactor-invisible-space\">     <span class=\"redactor-invisible-space\">     <span class=\"redactor-invisible-space\">     <span class=\"redactor-invisible-space\">     <span class=\"redactor-invisible-space\">     <span class=\"redactor-invisible-space\">     <span class=\"redactor-invisible-space\">     <span class=\"redactor-invisible-space\">     <span class=\"redactor-invisible-space\">     <span class=\"redactor-invisible-space\">     <span class=\"redactor-invisible-space\">     <span class=\"redactor-invisible-space\">     <span class=\"redactor-invisible-space\"></span></span></span></span></span></span></span></span></span></span></span></span></span></span></span></span></span></span></span></span></span></span></span></span></span></span></span></span></span></span></span></span></span></span></span></span></span></span></span></span></span></span></span></span></span></span></span></span></span></span></span></span></span> </p><p><br></p>',1),(23,' ','. , 102, 43 ','<p>   </p>',2),(24,' ','. .  45,  14','<p>      10 ,   4</p>',1),(25,' ','  2.  38','<p>     </p>',1),(27,'  ','  15.','<p>      </p>',1),(28,' ','.  36.  41','<p>   </p>',1),(30,' ','','<p style=\"margin-left: 20px;\"></p>',2),(31,'','','<p><strong></strong></p>',2),(32,'   ',' 18','<p style=\"margin-left: 20px;\"><span></span></p><hr><p>   </p><p>  </p><ul><li>   </li></ul>',1),(38,'  ',' 17 ','<p>     .      / .</p><p><br></p><p><img src=\"/images/5c2236cd5459f.jpg\"></p>',1),(47,' ',' 10','<p>   <strong></strong>  <strong></strong>   <br></p><p><img src=\"https://premier-odessa.com.ua/upload/969d8c63002592e9799356f9e7be22a7.jpg\" alt=\"   \"><br></p><hr><p><strong></strong><strong> :</strong></p><ol><li>  1<br><ol><li>  1</li><li><del>  2</del></li><li>  3</li></ol></li><li><strong>  2</strong></li><li>  3</li><li><del>  4</del></li></ol><p>  <a href=\"https://google.com/search?q=   \" target=\"_blank\">     </a></p><hr><p><a href=\"/images/5c23a7784167c.xls\"></a><br></p>',1),(48,' ','.  51','<p>  </p><ul><li> </li><li>  </li><li>  </li></ul><p><br></p>',1),(49,'  ','.  34. 121','<p>   <strong></strong>  <strong></strong>  </p><p><img src=\"https://premier-odessa.com.ua/upload/969d8c63002592e9799356f9e7be22a7.jpg\" alt=\"   \"><br></p><hr><p><strong></strong><strong> :</strong></p><ol><li>  1\r\n<ol><li>  1</li><li><del>  2</del></li><li>  3</li></ol></li><li><strong>  2</strong></li><li>  3</li><li><del>  4</del></li></ol><p>  <a href=\"https://google.com/search?q=%D0%9A%D1%83%D0%BF%D0%B8%D1%82%D1%8C%20%D0%B8%D0%BD%D1%81%D1%82%D1%80%D1%83%D0%BC%D0%B5%D0%BD%D1%82%D1%8B%20%D0%B4%D0%BB%D1%8F%20%D1%80%D0%B5%D0%BC%D0%BE%D0%BD%D1%82%D0%B0\">     </a></p><hr><p><a href=\"http://forma.ingello.com/images/5c23a7784167c.xls\"></a></p>',1),(50,'    ',' 57','<p>   <strong></strong>  <strong></strong>  </p><p><img src=\"https://premier-odessa.com.ua/upload/969d8c63002592e9799356f9e7be22a7.jpg\" alt=\"   \"><br></p><hr><p><strong></strong><strong> :</strong></p><ol><li>  1\r\n<ol><li>  1</li><li><del>  2</del></li><li>  3</li></ol></li><li><strong>  2</strong></li><li>  3</li><li><del>  4</del></li></ol><p>  <a href=\"https://google.com/search?q=%D0%9A%D1%83%D0%BF%D0%B8%D1%82%D1%8C%20%D0%B8%D0%BD%D1%81%D1%82%D1%80%D1%83%D0%BC%D0%B5%D0%BD%D1%82%D1%8B%20%D0%B4%D0%BB%D1%8F%20%D1%80%D0%B5%D0%BC%D0%BE%D0%BD%D1%82%D0%B0\">     </a></p><hr><p><a href=\"http://forma.ingello.com/images/5c23a7784167c.xls\"></a></p>',2),(51,'   ',' 22','<p>   <strong></strong>  <strong></strong>  </p><p><img src=\"https://premier-odessa.com.ua/upload/969d8c63002592e9799356f9e7be22a7.jpg\" alt=\"   \"><br></p><hr><p><strong></strong><strong> :</strong></p><ol><li>  1\r\n<ol><li>  1</li><li><del>  2</del></li><li>  3</li></ol></li><li><strong>  2</strong></li><li>  3</li><li><del>  4</del></li></ol><p>  <a href=\"https://google.com/search?q=%D0%9A%D1%83%D0%BF%D0%B8%D1%82%D1%8C%20%D0%B8%D0%BD%D1%81%D1%82%D1%80%D1%83%D0%BC%D0%B5%D0%BD%D1%82%D1%8B%20%D0%B4%D0%BB%D1%8F%20%D1%80%D0%B5%D0%BC%D0%BE%D0%BD%D1%82%D0%B0\">     </a></p><hr><p><a href=\"http://forma.ingello.com/images/5c23a7784167c.xls\"></a></p>',1),(52,'  ','  31','<p>   <strong></strong>  <strong></strong>  </p><p><img src=\"https://premier-odessa.com.ua/upload/969d8c63002592e9799356f9e7be22a7.jpg\" alt=\"   \"><br></p><hr><p><strong></strong><strong> :</strong></p><ol><li>  1\r\n<ol><li>  1</li><li><del>  2</del></li><li>  3</li></ol></li><li><strong>  2</strong></li><li>  3</li><li><del>  4</del></li></ol><p>  <a href=\"https://google.com/search?q=%D0%9A%D1%83%D0%BF%D0%B8%D1%82%D1%8C%20%D0%B8%D0%BD%D1%81%D1%82%D1%80%D1%83%D0%BC%D0%B5%D0%BD%D1%82%D1%8B%20%D0%B4%D0%BB%D1%8F%20%D1%80%D0%B5%D0%BC%D0%BE%D0%BD%D1%82%D0%B0\">     </a></p><hr><p><a href=\"http://forma.ingello.com/images/5c23a7784167c.xls\"></a></p>',1),(53,'   ',' 7','<p>   <strong></strong>  <strong></strong>  </p><p><img src=\"https://premier-odessa.com.ua/upload/969d8c63002592e9799356f9e7be22a7.jpg\" alt=\"   \"><br></p><hr><p><strong></strong><strong> :</strong></p><ol><li>  1\r\n<ol><li>  1</li><li><del>  2</del></li><li>  3</li></ol></li><li><strong>  2</strong></li><li>  3</li><li><del>  4</del></li></ol><p>  <a href=\"https://google.com/search?q=%D0%9A%D1%83%D0%BF%D0%B8%D1%82%D1%8C%20%D0%B8%D0%BD%D1%81%D1%82%D1%80%D1%83%D0%BC%D0%B5%D0%BD%D1%82%D1%8B%20%D0%B4%D0%BB%D1%8F%20%D1%80%D0%B5%D0%BC%D0%BE%D0%BD%D1%82%D0%B0\">     </a></p><hr><p><a href=\"http://forma.ingello.com/images/5c23a7784167c.xls\"></a></p>',1),(54,'  ',' 51','<p>   <strong></strong>  <strong></strong>  </p><p><img src=\"https://premier-odessa.com.ua/upload/969d8c63002592e9799356f9e7be22a7.jpg\" alt=\"   \"><br></p><hr><p><strong></strong><strong> :</strong></p><ol><li>  1\r\n<ol><li>  1</li><li><del>  2</del></li><li>  3</li></ol></li><li><strong>  2</strong></li><li>  3</li><li><del>  4</del></li></ol><p>  <a href=\"https://google.com/search?q=%D0%9A%D1%83%D0%BF%D0%B8%D1%82%D1%8C%20%D0%B8%D0%BD%D1%81%D1%82%D1%80%D1%83%D0%BC%D0%B5%D0%BD%D1%82%D1%8B%20%D0%B4%D0%BB%D1%8F%20%D1%80%D0%B5%D0%BC%D0%BE%D0%BD%D1%82%D0%B0\">     </a></p><hr><p><a href=\"http://forma.ingello.com/images/5c23a7784167c.xls\"></a></p>',2),(55,'  ',' 54, 32','<p>   <strong></strong>  <strong></strong>  </p><p><img src=\"https://premier-odessa.com.ua/upload/969d8c63002592e9799356f9e7be22a7.jpg\" alt=\"   \"><br></p><hr><p><strong></strong><strong> :</strong></p><ol><li>  1\r\n<ol><li>  1</li><li><del>  2</del></li><li>  3</li></ol></li><li><strong>  2</strong></li><li>  3</li><li><del>  4</del></li></ol><p>  <a href=\"https://google.com/search?q=%D0%9A%D1%83%D0%BF%D0%B8%D1%82%D1%8C%20%D0%B8%D0%BD%D1%81%D1%82%D1%80%D1%83%D0%BC%D0%B5%D0%BD%D1%82%D1%8B%20%D0%B4%D0%BB%D1%8F%20%D1%80%D0%B5%D0%BC%D0%BE%D0%BD%D1%82%D0%B0\">     </a></p><hr><p><a href=\"http://forma.ingello.com/images/5c23a7784167c.xls\"></a></p>',1),(56,'  ',' 22','<p>   <strong></strong>  <strong></strong>  </p><p><img src=\"https://premier-odessa.com.ua/upload/969d8c63002592e9799356f9e7be22a7.jpg\" alt=\"   \"><br></p><hr><p><strong></strong><strong> :</strong></p><ol><li>  1\r\n<ol><li>  1</li><li><del>  2</del></li><li>  3</li></ol></li><li><strong>  2</strong></li><li>  3</li><li><del>  4</del></li></ol><p>  <a href=\"https://google.com/search?q=%D0%9A%D1%83%D0%BF%D0%B8%D1%82%D1%8C%20%D0%B8%D0%BD%D1%81%D1%82%D1%80%D1%83%D0%BC%D0%B5%D0%BD%D1%82%D1%8B%20%D0%B4%D0%BB%D1%8F%20%D1%80%D0%B5%D0%BC%D0%BE%D0%BD%D1%82%D0%B0\">     </a></p><hr><p><a href=\"http://forma.ingello.com/images/5c23a7784167c.xls\"></a></p>',2),(57,'  ','  4/7','<p>   <strong></strong>  <strong></strong>  </p><p><img src=\"https://premier-odessa.com.ua/upload/969d8c63002592e9799356f9e7be22a7.jpg\" alt=\"   \"><br></p><hr><p><strong></strong><strong> :</strong></p><ol><li>  1\r\n<ol><li>  1</li><li><del>  2</del></li><li>  3</li></ol></li><li><strong>  2</strong></li><li>  3</li><li><del>  4</del></li></ol><p>  <a href=\"https://google.com/search?q=%D0%9A%D1%83%D0%BF%D0%B8%D1%82%D1%8C%20%D0%B8%D0%BD%D1%81%D1%82%D1%80%D1%83%D0%BC%D0%B5%D0%BD%D1%82%D1%8B%20%D0%B4%D0%BB%D1%8F%20%D1%80%D0%B5%D0%BC%D0%BE%D0%BD%D1%82%D0%B0\">     </a></p><hr><p><a href=\"http://forma.ingello.com/images/5c23a7784167c.xls\"></a></p>',1),(58,'   ',' 41','<p>   <strong></strong>  <strong></strong>  <br></p><p><img src=\"https://premier-odessa.com.ua/upload/969d8c63002592e9799356f9e7be22a7.jpg\" alt=\"   \"><br></p><hr><p><strong></strong><strong> :</strong></p><ol><li>  1\r\n<ol><li>  1</li><li><del>  2</del></li><li>  3</li></ol></li><li><strong>  2</strong></li><li>  3</li><li><del>  4</del></li></ol><p>  <a href=\"https://google.com/search?q=%D0%9A%D1%83%D0%BF%D0%B8%D1%82%D1%8C%20%D0%B8%D0%BD%D1%81%D1%82%D1%80%D1%83%D0%BC%D0%B5%D0%BD%D1%82%D1%8B%20%D0%B4%D0%BB%D1%8F%20%D1%80%D0%B5%D0%BC%D0%BE%D0%BD%D1%82%D0%B0\">     </a></p><hr><p><br><a href=\"http://forma.ingello.com/images/5c23a7784167c.xls\"></a></p>',1),(59,'   ',',  51','<p>      - . </p><p><br></p>',1),(61,' ','','<p>   </p>',2),(62,' , ,','  ','<p>  ,  </p>',1),(63,' 17, ','  ,,','<p> </p>',1),(64,' ,45, ','','<p><img src=\"/images/5c42f9953e4de.jpg\"></p>',1),(65,',11.',' 11  12','<p> 21.01.19</p><p>  . . </p>',1),(66,'  , .','','<p>    </p><p>,,</p><p><br></p>',1),(68,' , .','','<p> ,  ,  , ,</p>',1),(69,' , ','','<p> </p><p> </p>',1),(70,' 19  ','','<p> , </p>',1),(73,'1','1','<p>1</p>',1),(74,'TestForGabri','TestForGabri','<p>TestForGabri</p>',1),(75,'  1','  1','<p>  1</p><p><img src=\"/images/5c4327cba116d.png\"></p>',1),(76,'  2','  2','<p>  2</p>',1),(77,'  3','  3','<p>  3</p>',1);
/*!40000 ALTER TABLE `project` ENABLE KEYS */;
UNLOCK TABLES;

--
-- Table structure for table `project_user`
--

DROP TABLE IF EXISTS `project_user`;
/*!40101 SET @saved_cs_client     = @@character_set_client */;
/*!40101 SET character_set_client = utf8 */;
CREATE TABLE `project_user` (
  `project_id` int(11) NOT NULL,
  `user_id` int(11) NOT NULL,
  PRIMARY KEY (`project_id`,`user_id`),
  KEY `idx-project_user-project_id` (`project_id`),
  KEY `idx-project_user-user_id` (`user_id`),
  CONSTRAINT `fk-project_user-project_id` FOREIGN KEY (`project_id`) REFERENCES `project` (`id`) ON DELETE CASCADE,
  CONSTRAINT `fk-project_user-user_id` FOREIGN KEY (`user_id`) REFERENCES `user` (`id`) ON DELETE CASCADE
) ENGINE=InnoDB DEFAULT CHARSET=latin1;
/*!40101 SET character_set_client = @saved_cs_client */;

--
-- Dumping data for table `project_user`
--

LOCK TABLES `project_user` WRITE;
/*!40000 ALTER TABLE `project_user` DISABLE KEYS */;
INSERT INTO `project_user` VALUES (1,1),(2,1),(3,1),(4,1),(5,1),(6,1),(8,1),(9,1),(10,1),(11,1),(12,1),(13,6),(14,6),(15,6),(16,6),(17,6),(18,6);
/*!40000 ALTER TABLE `project_user` ENABLE KEYS */;
UNLOCK TABLES;

--
-- Table structure for table `project_vacancy`
--

DROP TABLE IF EXISTS `project_vacancy`;
/*!40101 SET @saved_cs_client     = @@character_set_client */;
/*!40101 SET character_set_client = utf8 */;
CREATE TABLE `project_vacancy` (
  `id` int(11) NOT NULL AUTO_INCREMENT,
  `project_id` int(11) DEFAULT NULL,
  `vacancy_id` int(11) DEFAULT NULL,
  `count` int(11) DEFAULT NULL,
  PRIMARY KEY (`id`),
  KEY `x-project_vacancy-project_id` (`project_id`),
  KEY `id-project_vacancy-vacancy_id` (`vacancy_id`),
  CONSTRAINT `fk-project_vacancy_project` FOREIGN KEY (`project_id`) REFERENCES `project` (`id`) ON DELETE CASCADE,
  CONSTRAINT `fk-project_vacancy_vacancy` FOREIGN KEY (`vacancy_id`) REFERENCES `vacancy` (`id`) ON DELETE CASCADE
) ENGINE=InnoDB AUTO_INCREMENT=111 DEFAULT CHARSET=latin1;
/*!40101 SET character_set_client = @saved_cs_client */;

--
-- Dumping data for table `project_vacancy`
--

LOCK TABLES `project_vacancy` WRITE;
/*!40000 ALTER TABLE `project_vacancy` DISABLE KEYS */;
INSERT INTO `project_vacancy` VALUES (12,21,11,3),(31,47,11,5),(32,47,24,5),(34,28,11,1),(35,28,30,1),(36,22,11,1),(37,22,49,2),(38,24,11,1),(39,24,49,2),(40,25,11,1),(41,25,30,1),(42,19,49,1),(44,47,25,6),(45,21,26,1),(47,48,11,1),(48,49,11,1),(49,49,61,1),(50,49,50,1),(51,50,11,1),(52,50,24,1),(53,50,52,4),(54,50,49,3),(55,51,11,1),(56,51,24,3),(57,51,27,1),(58,51,32,1),(59,52,11,1),(60,52,59,1),(61,53,11,1),(62,53,26,1),(63,53,24,4),(64,54,11,1),(65,54,50,1),(66,54,58,1),(67,55,11,1),(68,55,24,2),(69,56,11,1),(70,56,24,1),(71,57,11,1),(72,57,24,2),(73,57,25,1),(74,57,61,1),(75,58,11,1),(76,58,50,1),(77,58,24,2),(78,23,11,2),(80,59,26,1),(81,59,63,1),(82,59,65,1),(83,6,2,1),(85,13,5,2),(87,61,66,2),(89,8,1,3),(90,9,2,2),(91,10,3,4),(93,73,71,5),(95,62,68,2),(97,11,1,2),(100,12,3,5),(102,74,73,1),(103,75,74,1),(104,76,75,3),(105,77,76,6),(107,68,66,1),(108,64,79,1),(109,3,1,3),(110,32,1,3);
/*!40000 ALTER TABLE `project_vacancy` ENABLE KEYS */;
UNLOCK TABLES;

--
-- Table structure for table `project_vacancy_old`
--

DROP TABLE IF EXISTS `project_vacancy_old`;
/*!40101 SET @saved_cs_client     = @@character_set_client */;
/*!40101 SET character_set_client = utf8 */;
CREATE TABLE `project_vacancy_old` (
  `project_id` int(11) NOT NULL,
  `vacancy_id` int(11) NOT NULL,
  `count` int(11) DEFAULT '1',
  PRIMARY KEY (`project_id`,`vacancy_id`),
  KEY `idx-project_vacancy-project_id` (`project_id`),
  KEY `idx-project_vacancy-vacancy_id` (`vacancy_id`),
  CONSTRAINT `fk-project_vacancy-project_id` FOREIGN KEY (`project_id`) REFERENCES `project` (`id`) ON DELETE CASCADE,
  CONSTRAINT `fk-project_vacancy-vacancy_id` FOREIGN KEY (`vacancy_id`) REFERENCES `vacancy` (`id`) ON DELETE CASCADE
) ENGINE=InnoDB DEFAULT CHARSET=latin1;
/*!40101 SET character_set_client = @saved_cs_client */;

--
-- Dumping data for table `project_vacancy_old`
--

LOCK TABLES `project_vacancy_old` WRITE;
/*!40000 ALTER TABLE `project_vacancy_old` DISABLE KEYS */;
INSERT INTO `project_vacancy_old` VALUES (2,1,2),(13,10,1),(14,9,NULL),(15,9,NULL),(19,11,3),(19,25,1),(21,26,2),(22,24,1),(22,26,2),(22,31,1),(23,24,1),(23,25,1),(24,24,1),(25,30,1),(27,24,1),(27,31,1),(27,32,1),(28,24,1),(30,34,1),(32,36,NULL);
/*!40000 ALTER TABLE `project_vacancy_old` ENABLE KEYS */;
UNLOCK TABLES;

--
-- Table structure for table `purchase`
--

DROP TABLE IF EXISTS `purchase`;
/*!40101 SET @saved_cs_client     = @@character_set_client */;
/*!40101 SET character_set_client = utf8 */;
CREATE TABLE `purchase` (
  `id` int(11) NOT NULL AUTO_INCREMENT,
  `supplier_id` int(11) NOT NULL,
  `warehouse_id` int(11) NOT NULL,
  `name` varchar(100) NOT NULL,
  `date_create` datetime DEFAULT NULL,
  `date_complete` datetime DEFAULT NULL,
  `state` int(11) NOT NULL,
  PRIMARY KEY (`id`),
  KEY `purchase_supplier_id_fk` (`supplier_id`),
  KEY `purchase_warehouse_id_fk` (`warehouse_id`),
  CONSTRAINT `purchase_supplier_id_fk` FOREIGN KEY (`supplier_id`) REFERENCES `supplier` (`id`) ON DELETE CASCADE ON UPDATE CASCADE,
  CONSTRAINT `purchase_warehouse_id_fk` FOREIGN KEY (`warehouse_id`) REFERENCES `warehouse` (`id`) ON DELETE CASCADE ON UPDATE CASCADE
) ENGINE=InnoDB AUTO_INCREMENT=18 DEFAULT CHARSET=utf8;
/*!40101 SET character_set_client = @saved_cs_client */;

--
-- Dumping data for table `purchase`
--

LOCK TABLES `purchase` WRITE;
/*!40000 ALTER TABLE `purchase` DISABLE KEYS */;
INSERT INTO `purchase` VALUES (5,2,1,'   23.01.2018 22:07:10','2018-01-23 22:07:10','2018-01-23 22:07:28',1),(6,2,1,'   23.01.2018 22:08:15','2018-01-23 22:08:15',NULL,0),(9,1,1,'   28.11.2018 13:37:51','2018-11-28 13:37:51',NULL,0),(10,1,20,'   29.11.2018 11:53:51','2018-11-29 11:53:51',NULL,0),(11,6,20,'12 23 344','2018-11-29 11:54:29',NULL,0),(12,7,11,' ','2018-12-08 15:58:58',NULL,0),(13,1,1,'   16.12.2018 19:06:15','2018-12-16 19:06:15',NULL,0),(14,6,18,' 103','2018-12-16 19:07:05','2018-12-16 19:42:08',3),(15,8,7,'   16.12.2018 19:58:30','2018-12-16 19:58:30',NULL,1),(16,6,23,'   20.12.2018 16:09:43','2018-12-20 16:09:43','2018-12-20 16:12:45',3),(17,8,7,'','2019-01-21 18:20:38',NULL,0);
/*!40000 ALTER TABLE `purchase` ENABLE KEYS */;
UNLOCK TABLES;

--
-- Table structure for table `purchase_overhead_cost`
--

DROP TABLE IF EXISTS `purchase_overhead_cost`;
/*!40101 SET @saved_cs_client     = @@character_set_client */;
/*!40101 SET character_set_client = utf8 */;
CREATE TABLE `purchase_overhead_cost` (
  `id` int(11) NOT NULL AUTO_INCREMENT,
  `purchase_id` int(11) NOT NULL,
  `overhead_cost_id` int(11) NOT NULL,
  PRIMARY KEY (`id`),
  KEY `purchase_overhead_cost_purchase_id_fk` (`purchase_id`),
  KEY `purchase_overhead_cost_overhead_cost_id_fk` (`overhead_cost_id`),
  CONSTRAINT `purchase_overhead_cost_overhead_cost_id_fk` FOREIGN KEY (`overhead_cost_id`) REFERENCES `overhead_cost` (`id`) ON DELETE CASCADE ON UPDATE CASCADE,
  CONSTRAINT `purchase_overhead_cost_purchase_id_fk` FOREIGN KEY (`purchase_id`) REFERENCES `purchase` (`id`) ON DELETE CASCADE ON UPDATE CASCADE
) ENGINE=InnoDB AUTO_INCREMENT=5 DEFAULT CHARSET=utf8;
/*!40101 SET character_set_client = @saved_cs_client */;

--
-- Dumping data for table `purchase_overhead_cost`
--

LOCK TABLES `purchase_overhead_cost` WRITE;
/*!40000 ALTER TABLE `purchase_overhead_cost` DISABLE KEYS */;
INSERT INTO `purchase_overhead_cost` VALUES (1,14,3),(2,16,7),(3,16,8),(4,16,9);
/*!40000 ALTER TABLE `purchase_overhead_cost` ENABLE KEYS */;
UNLOCK TABLES;

--
-- Table structure for table `purchase_product`
--

DROP TABLE IF EXISTS `purchase_product`;
/*!40101 SET @saved_cs_client     = @@character_set_client */;
/*!40101 SET character_set_client = utf8 */;
CREATE TABLE `purchase_product` (
  `id` int(11) NOT NULL AUTO_INCREMENT,
  `product_id` int(11) NOT NULL,
  `pack_unit_id` int(11) DEFAULT NULL,
  `purchase_id` int(11) NOT NULL,
  `quantity` int(10) NOT NULL,
  `cost` double(10,2) NOT NULL,
  `tax_rate_id` double(10,2) DEFAULT NULL,
  `overhead_cost_id` int(11) DEFAULT NULL,
  `prepayment` double(10,2) DEFAULT NULL,
  `currency_id` int(11) NOT NULL,
  PRIMARY KEY (`id`),
  KEY `purchase_product_currency_id_fk` (`currency_id`),
  KEY `purchase_product_pack_unit_id_fk` (`pack_unit_id`),
  KEY `purchase_product_product_id_fk` (`product_id`),
  KEY `purchase_product_purchase_id_fk` (`purchase_id`),
  KEY `purchase_product_overhead_cost_id_fk` (`overhead_cost_id`),
  CONSTRAINT `purchase_product_currency_id_fk` FOREIGN KEY (`currency_id`) REFERENCES `currency` (`id`) ON DELETE CASCADE ON UPDATE CASCADE,
  CONSTRAINT `purchase_product_overhead_cost_id_fk` FOREIGN KEY (`overhead_cost_id`) REFERENCES `overhead_cost` (`id`) ON DELETE CASCADE ON UPDATE CASCADE,
  CONSTRAINT `purchase_product_pack_unit_id_fk` FOREIGN KEY (`pack_unit_id`) REFERENCES `pack_unit` (`id`) ON DELETE CASCADE ON UPDATE CASCADE,
  CONSTRAINT `purchase_product_product_id_fk` FOREIGN KEY (`product_id`) REFERENCES `product` (`id`) ON DELETE CASCADE ON UPDATE CASCADE,
  CONSTRAINT `purchase_product_purchase_id_fk` FOREIGN KEY (`purchase_id`) REFERENCES `purchase` (`id`) ON DELETE CASCADE ON UPDATE CASCADE
) ENGINE=InnoDB AUTO_INCREMENT=6 DEFAULT CHARSET=utf8;
/*!40101 SET character_set_client = @saved_cs_client */;

--
-- Dumping data for table `purchase_product`
--

LOCK TABLES `purchase_product` WRITE;
/*!40000 ALTER TABLE `purchase_product` DISABLE KEYS */;
INSERT INTO `purchase_product` VALUES (1,13,NULL,14,4,1.00,4.00,1,NULL,1),(2,16,NULL,14,200,375.00,5.00,2,NULL,1),(3,15,NULL,15,1,500.00,4.00,4,NULL,1),(4,20,NULL,16,500,1212.00,6.00,5,500.00,2),(5,13,NULL,16,500,589.00,6.00,6,NULL,3);
/*!40000 ALTER TABLE `purchase_product` ENABLE KEYS */;
UNLOCK TABLES;

--
-- Table structure for table `regularity`
--

DROP TABLE IF EXISTS `regularity`;
/*!40101 SET @saved_cs_client     = @@character_set_client */;
/*!40101 SET character_set_client = utf8 */;
CREATE TABLE `regularity` (
  `id` int(11) NOT NULL AUTO_INCREMENT,
  `name` varchar(55) COLLATE utf8_unicode_ci NOT NULL,
  `user_id` int(11) NOT NULL,
  `order` int(11) DEFAULT NULL,
  PRIMARY KEY (`id`),
  KEY `regularity_ibfk_1` (`user_id`),
  CONSTRAINT `regularity_ibfk_1` FOREIGN KEY (`user_id`) REFERENCES `user` (`id`) ON DELETE CASCADE ON UPDATE CASCADE
) ENGINE=InnoDB AUTO_INCREMENT=6 DEFAULT CHARSET=utf8 COLLATE=utf8_unicode_ci;
/*!40101 SET character_set_client = @saved_cs_client */;

--
-- Dumping data for table `regularity`
--

LOCK TABLES `regularity` WRITE;
/*!40000 ALTER TABLE `regularity` DISABLE KEYS */;
INSERT INTO `regularity` VALUES (1,' ',1,5),(2,'',1,4),(3,'',1,1),(4,'',1,2),(5,'',1,3);
/*!40000 ALTER TABLE `regularity` ENABLE KEYS */;
UNLOCK TABLES;

--
-- Table structure for table `request`
--

DROP TABLE IF EXISTS `request`;
/*!40101 SET @saved_cs_client     = @@character_set_client */;
/*!40101 SET character_set_client = utf8 */;
CREATE TABLE `request` (
  `id` int(11) NOT NULL AUTO_INCREMENT,
  `text` varchar(255) DEFAULT NULL,
  PRIMARY KEY (`id`)
) ENGINE=InnoDB AUTO_INCREMENT=46 DEFAULT CHARSET=utf8;
/*!40101 SET character_set_client = @saved_cs_client */;

--
-- Dumping data for table `request`
--

LOCK TABLES `request` WRITE;
/*!40000 ALTER TABLE `request` DISABLE KEYS */;
INSERT INTO `request` VALUES (1,'   '),(2,' ?'),(3,'  ?'),(4,'  ?'),(5,' ,   ?'),(6,'  ?'),(7,' ,   '),(8,'   ?'),(9,'   ?   ?   ?  ?'),(10,'  .   .'),(11,'   .    '),(12,'    ?'),(13,'            '),(14,'         '),(15,'  '),(16,''),(17,'     .'),(18,'    (, ,  .       ,      . )'),(19,'\"    ?\" ( )'),(20,'\"     ,   \"'),(21,'\"   ?\" '),(22,'\"      ?\"'),(23,'      ?'),(24,'  -   ?'),(25,'        ?'),(26,'     2 ,   1   ?'),(27,'    (, ,  .       ,      . )'),(28,'\"    ?\" ( )'),(29,'\"     ,   \"'),(30,'\"   ?\" '),(31,'\"      ?\"'),(32,'      ?'),(33,'  -   ?'),(34,'        ?'),(35,',       ?'),(36,'1'),(37,'  -      2-   4.  ?'),(39,''),(40,'TestForGabri'),(41,'  1'),(42,'  2'),(43,'  3'),(45,' ,  ?');
/*!40000 ALTER TABLE `request` ENABLE KEYS */;
UNLOCK TABLES;

--
-- Table structure for table `request_strategy`
--

DROP TABLE IF EXISTS `request_strategy`;
/*!40101 SET @saved_cs_client     = @@character_set_client */;
/*!40101 SET character_set_client = utf8 */;
CREATE TABLE `request_strategy` (
  `id` int(11) NOT NULL AUTO_INCREMENT,
  `strategy_id` int(11) DEFAULT NULL,
  `request_id` int(11) DEFAULT NULL,
  PRIMARY KEY (`id`),
  KEY `fk-strategy-id` (`strategy_id`),
  KEY `fk-request-id` (`request_id`),
  CONSTRAINT `fk-request-id` FOREIGN KEY (`request_id`) REFERENCES `request` (`id`) ON DELETE CASCADE,
  CONSTRAINT `fk-strategy-id` FOREIGN KEY (`strategy_id`) REFERENCES `strategy` (`id`) ON DELETE CASCADE
) ENGINE=InnoDB AUTO_INCREMENT=44 DEFAULT CHARSET=latin1;
/*!40101 SET character_set_client = @saved_cs_client */;

--
-- Dumping data for table `request_strategy`
--

LOCK TABLES `request_strategy` WRITE;
/*!40000 ALTER TABLE `request_strategy` DISABLE KEYS */;
INSERT INTO `request_strategy` VALUES (1,1,16),(2,1,1),(3,1,2),(4,1,3),(5,1,4),(6,1,5),(7,1,6),(8,1,7),(9,1,8),(10,1,9),(11,1,10),(12,1,11),(13,1,12),(14,1,13),(15,1,14),(16,1,17),(17,3,18),(18,3,19),(19,3,21),(20,3,22),(21,3,23),(22,3,24),(23,3,25),(24,3,26),(25,3,20),(26,4,18),(27,4,19),(28,4,20),(29,4,21),(30,4,22),(31,4,23),(32,4,24),(33,4,25),(34,4,26),(35,7,36),(36,5,35),(37,5,37),(38,8,40),(39,9,41),(40,9,42),(41,9,43),(43,5,45);
/*!40000 ALTER TABLE `request_strategy` ENABLE KEYS */;
UNLOCK TABLES;

--
-- Table structure for table `request_strategy_old`
--

DROP TABLE IF EXISTS `request_strategy_old`;
/*!40101 SET @saved_cs_client     = @@character_set_client */;
/*!40101 SET character_set_client = utf8 */;
CREATE TABLE `request_strategy_old` (
  `request_id` int(11) NOT NULL,
  `strategy_id` int(11) NOT NULL,
  PRIMARY KEY (`request_id`,`strategy_id`),
  KEY `idx-request_strategy-request_id` (`request_id`),
  KEY `idx-request_strategy-strategy_id` (`strategy_id`),
  CONSTRAINT `fk-request_strategy-request_id` FOREIGN KEY (`request_id`) REFERENCES `request` (`id`) ON DELETE CASCADE,
  CONSTRAINT `fk-request_strategy-strategy_id` FOREIGN KEY (`strategy_id`) REFERENCES `strategy` (`id`) ON DELETE CASCADE
) ENGINE=InnoDB DEFAULT CHARSET=utf8;
/*!40101 SET character_set_client = @saved_cs_client */;

--
-- Dumping data for table `request_strategy_old`
--

LOCK TABLES `request_strategy_old` WRITE;
/*!40000 ALTER TABLE `request_strategy_old` DISABLE KEYS */;
INSERT INTO `request_strategy_old` VALUES (1,1),(2,1),(3,1),(4,1),(5,1),(6,1),(7,1),(8,1),(9,1),(10,1),(11,1),(12,1),(16,1);
/*!40000 ALTER TABLE `request_strategy_old` ENABLE KEYS */;
UNLOCK TABLES;

--
-- Table structure for table `selling`
--

DROP TABLE IF EXISTS `selling`;
/*!40101 SET @saved_cs_client     = @@character_set_client */;
/*!40101 SET character_set_client = utf8 */;
CREATE TABLE `selling` (
  `id` int(11) NOT NULL AUTO_INCREMENT,
  `customer_id` int(11) NOT NULL,
  `warehouse_id` int(11) NOT NULL,
  `state_id` int(11) DEFAULT NULL,
  `name` varchar(100) DEFAULT NULL,
  `date_create` datetime DEFAULT NULL,
  `date_complete` datetime DEFAULT NULL,
  `dialog` text,
  `next_step` text,
  PRIMARY KEY (`id`),
  KEY `selling_ibfk_1` (`state_id`),
  KEY `selling_customer_id_fk` (`customer_id`),
  KEY `selling_warehouse_id_fk` (`warehouse_id`),
  CONSTRAINT `selling_customer_id_fk` FOREIGN KEY (`customer_id`) REFERENCES `customer` (`id`) ON DELETE CASCADE ON UPDATE CASCADE,
  CONSTRAINT `selling_ibfk_1` FOREIGN KEY (`state_id`) REFERENCES `state` (`id`) ON DELETE SET NULL ON UPDATE CASCADE,
  CONSTRAINT `selling_warehouse_id_fk` FOREIGN KEY (`warehouse_id`) REFERENCES `warehouse` (`id`) ON DELETE CASCADE ON UPDATE CASCADE
) ENGINE=InnoDB AUTO_INCREMENT=236 DEFAULT CHARSET=utf8;
/*!40101 SET character_set_client = @saved_cs_client */;

--
-- Dumping data for table `selling`
--

LOCK TABLES `selling` WRITE;
/*!40000 ALTER TABLE `selling` DISABLE KEYS */;
INSERT INTO `selling` VALUES (23,12,13,1,NULL,'2018-11-08 14:01:11',NULL,'08.11.2018 12:08:17<br/><p>: \n                          ?                        \n                    </p><p>: ,       .  ?</p><br/><div style=\"background: mediumseagreen;\" class=\"alert alert-primary\" role=\"alert\">     .     .</div><br/>',NULL),(24,13,13,1,NULL,'2018-11-08 14:11:02',NULL,'08.11.2018 12:17:11<br/><p>: \n                          ?                        \n                    </p><p>: ,       .  ?</p><p>: \n                          ?                        \n                    </p><p>: ,       .  ?</p><p>: \n                          ?                        \n                    </p><p>: ,       .  ?</p><p>: \n                          ?                        \n                    </p><p>: ,       .  ?</p><p>: \n                           ?                        \n                    </p><p>:        ,     .     ( ).       .       .   </p><p>: \n                           ?                        \n                    </p><p>:        ,     .     ( ).       .       .   </p><p>: \n                           ?                        \n                    </p><p>:        ,     .     ( ).       .       .   </p><p>: \n                           ?                        \n                    </p><p>:        ,     .     ( ).       .       .   </p><p>: \n                           ?                        \n                    </p><p>:        ,     .     ( ).       .       .   </p><p>: \n                           ?                        \n                    </p><p>:        ,     .     ( ).       .       .   </p><p>: \n                           ?                        \n                    </p><p>:        ,     .     ( ).       .       .   </p><p>: \n                           ?                        \n                    </p><p>:        ,     .     ( ).       .       .   </p><p>: \n                           ?                        \n                    </p><p>:        ,     .     ( ).       .       .   </p><br/><div style=\"background: mediumseagreen;\" class=\"alert alert-primary\" role=\"alert\"> (?)24.  CRM.   .     .</div><br/>',NULL),(25,14,13,1,NULL,'2018-11-08 14:24:00',NULL,'08.11.2018 12:25:05<br/><p>: \n                         ?                        \n                    </p><p>:  (,  ).   ?</p><p>: \n                          ?                        \n                    </p><p>: ,       .  ?</p><br/><div style=\"background: mediumseagreen;\" class=\"alert alert-primary\" role=\"alert\"> CRM .  .  .</div><br/>',NULL),(26,15,13,1,NULL,'2018-11-08 14:29:00',NULL,'08.11.2018 12:30:08<br/><p>: \n                         ?                        \n                    </p><p>:  (,  ).   ?</p><p>: \n                          ?                        \n                    </p><p>: ,       .  ?</p><p>: \n                           ?                        \n                    </p><p>:        ,     .     ( ).       .       .   </p><br/><div style=\"background: mediumseagreen;\" class=\"alert alert-primary\" role=\"alert\">  .    .     .</div><br/>',NULL),(27,16,13,1,NULL,'2018-11-08 14:38:29',NULL,'08.11.2018 12:39:55<br/><p>: \n                         ?                        \n                    </p><p>:  (,  ).   ?</p><p>: \n                          ?                        \n                    </p><p>: ,       .  ?</p><br/><div style=\"background: mediumseagreen;\" class=\"alert alert-primary\" role=\"alert\">   ,    . 0 (57) 7175785.</div><br/>',NULL),(28,17,13,1,NULL,'2018-11-08 14:44:20',NULL,'08.11.2018 12:45:32<br/><p>: \n                         ?                        \n                    </p><p>:  (,  ).   ?</p><p>: \n                           ?                        \n                    </p><p>:        ,     .     ( ).       .       .   </p><p>: \n                           .                            \n                    </p><p>:       .     . ,       ,      ? </p><br/><div style=\"background: mediumseagreen;\" class=\"alert alert-primary\" role=\"alert\">  .   .  .</div><br/>',NULL),(29,18,13,1,NULL,'2018-11-08 14:52:08',NULL,'08.11.2018 12:53:35<br/><p>: \n                           ?                        \n                    </p><p>:        ,     .     ( ).       .       .   </p><br/><div style=\"background: mediumseagreen;\" class=\"alert alert-primary\" role=\"alert\">  . , 8. 12:00.   .</div><br/>',NULL),(30,19,13,1,NULL,'2018-11-08 14:58:15',NULL,'08.11.2018 12:59:23<br/><p>: \n                           ?                        \n                    </p><p>:        ,     .     ( ).       .       .   </p><br/><div style=\"background: mediumseagreen;\" class=\"alert alert-primary\" role=\"alert\">   .   -  .</div><br/>',NULL),(32,20,13,1,NULL,'2018-11-08 15:02:17',NULL,'08.11.2018 13:03:13<br/><p>: \n                          ?                        \n                    </p><p>: ,       .  ?</p><br/><div style=\"background: mediumseagreen;\" class=\"alert alert-primary\" role=\"alert\">  .  . \" .  .\"  .</div><br/>',NULL),(33,21,13,1,NULL,'2018-11-08 15:05:33',NULL,'08.11.2018 13:06:00<br/><p>: \n                          ?                        \n                    </p><p>: ,       .  ?</p><br/><div style=\"background: mediumseagreen;\" class=\"alert alert-primary\" role=\"alert\">\"   .  .\"</div><br/>',NULL),(34,22,13,1,NULL,'2018-11-08 15:10:34',NULL,'08.11.2018 13:11:29<br/><p>: \n                          ?                        \n                    </p><p>: ,       .  ?</p><p>: \n                          ?                        \n                    </p><p>: ,       .  ?</p><p>: \n                           ?                        \n                    </p><p>:        ,     .     ( ).       .       .   </p><br/><div style=\"background: mediumseagreen;\" class=\"alert alert-primary\" role=\"alert\">\" .  \".</div><br/>',NULL),(35,15,14,1,NULL,'2018-11-08 17:20:52',NULL,'08.11.2018 15:38:49<br/><p>: \n                                                   \n                    </p><p>:  ( ),    ?</p><p>: \n                          ?                        \n                    </p><p>: undefined</p><p>: \n                          ?                        \n                    </p><p>: sdkhglgneglenk</p><br/><div style=\"background: mediumseagreen;\" class=\"alert alert-primary\" role=\"alert\">kjgfdlkjngrk</div><br/>',NULL),(37,15,13,1,NULL,'2018-11-09 12:16:53',NULL,NULL,NULL),(38,15,13,1,NULL,'2018-11-09 12:49:45',NULL,NULL,NULL),(39,15,14,1,NULL,'2018-11-09 14:36:20',NULL,'09.11.2018 12:45:09<br/><p>: \n                                                   \n                    </p><p>:  ( ),    ?</p><p>: \n                          ?                        \n                    </p><p>:   ,    ? </p><p>: \n                         ,                           \n                    </p><p>: </p><br/><div style=\"background: mediumseagreen;\" class=\"alert alert-primary\" role=\"alert\"></div><br/><div style=\"background: orangered;\" class=\"alert alert-primary\" role=\"alert\"></div>',NULL),(45,30,9,1,NULL,'2018-11-27 13:59:35',NULL,'27.11.2018 12:00:08<br/><p>: \n                         ,   ?                        \n                    </p><p>:     . (  )</p><p>: \n                          ?                        \n                    </p><p>: ,       .  ?</p><br/><div style=\"background: mediumseagreen;\" class=\"alert alert-primary\" role=\"alert\"></div><br/>27.11.2018 12:21:09<br/><p>: \n                         ,                           \n                    </p><p>:      , ..       .   .</p><br/><div style=\"background: mediumseagreen;\" class=\"alert alert-primary\" role=\"alert\">111111</div><br/>27.11.2018 12:23:55<br/><p>: \n                         ?                        \n                    </p><p>:  (,  ).   ?</p><br/><div style=\"background: mediumseagreen;\" class=\"alert alert-primary\" role=\"alert\">1111111111</div><br/>27.11.2018 12:46:14<br/><p>: \n                        \n                                                   \n                    </p><p>:  ( ),    ?</p><p>: \n                        \n                                                   \n                    </p><p>:  ( ),    ?</p><p>: \n                        \n                                                   \n                    </p><p>:  ( ),    ?</p><p>: \n                        \n                                                   \n                    </p><p>:   </p><p>: \n                        \n                                                   \n                    </p><p>:   </p><p>: \n                        \n                                                   \n                    </p><p>:   </p><p>: \n                        \n                                                   \n                    </p><p>:  ( ),    ?</p><p>: \n                        \n                                                   \n                    </p><p>:   </p><p>: \n                        \n                                                   \n                    </p><p>:   </p><p>: \n                        \n                                                   \n                    </p><p>:   </p><p>: \n                        \n                                                   \n                    </p><p>:   </p><p>: \n                        \n                          ?                        \n                    </p><p>: Ingello systems.     .  .</p><br/><div style=\"background: mediumseagreen;\" class=\"alert alert-primary\" role=\"alert\">1111</div><br/>27.11.2018 12:46:36<br/><p>: \n                        \n                         ?                        \n                    </p><p>:  (,  ).   ?</p><br/><div style=\"background: mediumseagreen;\" class=\"alert alert-primary\" role=\"alert\">1111111111</div><br/>',NULL),(47,33,10,1,NULL,'2018-11-27 15:23:35',NULL,'03.12.2018 14:07:40<br/><p>: \n                        \n                                                \n                    </p><p>:  ,    </p><p>: \n                        \n                          ?                        \n                    </p><p>: ,      .  ?</p><p>: \n                        \n                           ?                        \n                    </p><p>:        ,     .     ( ).       .       .   </p><br/><div style=\"background: mediumseagreen;\" class=\"alert alert-primary\" role=\"alert\"> ,  ,   ,   </div><br/>false<div style=\"background: orangered;\" class=\"alert alert-primary\" role=\"alert\">  .   . .   . \r\n   fractal.     -  . </div>','false'),(48,34,10,1,NULL,'2018-11-27 15:25:12',NULL,'<div style=\"background: orangered;\" class=\"alert alert-primary\" role=\"alert\">  </div>',NULL),(49,35,10,1,NULL,'2018-11-27 15:26:04',NULL,'03.12.2018 13:50:45<br/><p>: \n                        \n                                                \n                    </p><p>:  ,    </p><p>: \n                        \n                          ?                        \n                    </p><p>: ,      .  ?</p><br/><div style=\"background: mediumseagreen;\" class=\"alert alert-primary\" role=\"alert\">   ,   </div><br/>false14.12.2018 12:45:20<br/><p>: \n                        \n                                                \n                    </p><p>:  ,    </p><p>: \n                        \n                          ?                        \n                    </p><p>: Ingello systems.     .  .</p><br/><div style=\"background: mediumseagreen;\" class=\"alert alert-primary\" role=\"alert\">    ,    ,  .</div><br/><div style=\"background: yellowgreen;\" class=\"alert alert-primary\" role=\"alert\">     </div>','<div style=\"background: yellowgreen;\" class=\"alert alert-primary\" role=\"alert\">     </div>'),(51,37,10,1,NULL,'2018-11-27 15:28:30',NULL,'03.12.2018 13:41:59<br/><br/><div style=\"background: mediumseagreen;\" class=\"alert alert-primary\" role=\"alert\">  </div><br/><div style=\"background: yellowgreen;\" class=\"alert alert-primary\" role=\"alert\"></div>03.12.2018 13:46:25<br/><p>: \n                        \n                                                \n                    </p><p>:  ,    </p><p>: \n                        \n                           ?                        \n                    </p><p>:        ,     .     ( ).       .       .   </p><br/><div style=\"background: mediumseagreen;\" class=\"alert alert-primary\" role=\"alert\">   ,    </div><br/><div style=\"background: yellowgreen;\" class=\"alert alert-primary\" role=\"alert\"> </div><div style=\"background: orangered;\" class=\"alert alert-primary\" role=\"alert\">9,01 16,00    ,       . ..      ,   .</div>','<div style=\"background: yellowgreen;\" class=\"alert alert-primary\" role=\"alert\"> </div>'),(53,39,10,1,NULL,'2018-11-27 15:30:45',NULL,'03.12.2018 13:48:01<br/><br/><div style=\"background: mediumseagreen;\" class=\"alert alert-primary\" role=\"alert\">  </div><br/>false','false'),(54,40,10,1,NULL,'2018-11-27 15:31:27',NULL,'03.12.2018 14:02:19<br/><br/><div style=\"background: mediumseagreen;\" class=\"alert alert-primary\" role=\"alert\">  </div><br/><div style=\"background: yellowgreen;\" class=\"alert alert-primary\" role=\"alert\"> </div>','<div style=\"background: yellowgreen;\" class=\"alert alert-primary\" role=\"alert\"> </div>'),(60,46,10,1,NULL,'2018-11-27 15:36:52',NULL,'03.12.2018 13:56:46<br/><p>: \n                        \n                                                \n                    </p><p>:  ,    </p><p>: \n                        \n                           ?                        \n                    </p><p>:        ,     .     ( ).       .       .   </p><br/><div style=\"background: mediumseagreen;\" class=\"alert alert-primary\" role=\"alert\">  , </div><br/><div style=\"background: yellowgreen;\" class=\"alert alert-primary\" role=\"alert\">   </div>03.12.2018 13:56:55<br/><br/><div style=\"background: mediumseagreen;\" class=\"alert alert-primary\" role=\"alert\">  , </div><br/><div style=\"background: yellowgreen;\" class=\"alert alert-primary\" role=\"alert\">   </div><div style=\"background: orangered;\" class=\"alert alert-primary\" role=\"alert\">09,01    . </div><div style=\"background: orangered;\" class=\"alert alert-primary\" role=\"alert\">09 01 -        </div>','<div style=\"background: yellowgreen;\" class=\"alert alert-primary\" role=\"alert\">   </div>'),(61,47,10,1,NULL,'2018-11-27 15:37:45',NULL,'03.12.2018 14:14:46<br/><p>: \n                        \n                                                \n                    </p><p>:  ,    </p><br/><div style=\"background: mediumseagreen;\" class=\"alert alert-primary\" role=\"alert\">  </div><br/>false14.12.2018 12:54:58<br/><p>: \n                        \n                                                \n                    </p><p>:  ,    </p><p>: \n                        \n                          ?                        \n                    </p><p>: ,      .  ?</p><br/><div style=\"background: mediumseagreen;\" class=\"alert alert-primary\" role=\"alert\">    ,          .</div><br/><div style=\"background: yellowgreen;\" class=\"alert alert-primary\" role=\"alert\">    </div>','<div style=\"background: yellowgreen;\" class=\"alert alert-primary\" role=\"alert\">    </div>'),(62,48,10,1,NULL,'2018-11-27 15:38:23',NULL,'03.12.2018 14:15:55<br/><br/><div style=\"background: mediumseagreen;\" class=\"alert alert-primary\" role=\"alert\">  </div><br/>false14.12.2018 12:59:45<br/><p>: \n                        \n                          ?                        \n                    </p><p>: ,      .  ?</p><p>: \n                        \n                           ?                        \n                    </p><p>:    .     .    -    (  ).</p><br/><div style=\"background: mediumseagreen;\" class=\"alert alert-primary\" role=\"alert\">   ,  ,  ,    .</div><br/><div style=\"background: yellowgreen;\" class=\"alert alert-primary\" role=\"alert\">  </div>','<div style=\"background: yellowgreen;\" class=\"alert alert-primary\" role=\"alert\">  </div>'),(63,49,10,1,NULL,'2018-11-27 15:39:10',NULL,'03.12.2018 14:24:02<br/><br/><div style=\"background: mediumseagreen;\" class=\"alert alert-primary\" role=\"alert\">  </div><br/>false14.12.2018 13:04:33<br/><p>: \n                        \n                                                \n                    </p><p>:  ,    </p><br/><div style=\"background: mediumseagreen;\" class=\"alert alert-primary\" role=\"alert\">  ,   .   ,   </div><br/><div style=\"background: yellowgreen;\" class=\"alert alert-primary\" role=\"alert\">  .</div>','<div style=\"background: yellowgreen;\" class=\"alert alert-primary\" role=\"alert\">  .</div>'),(64,50,10,1,NULL,'2018-11-27 15:41:05',NULL,'<div style=\"background: orangered;\" class=\"alert alert-primary\" role=\"alert\">  , </div>14.12.2018 13:17:23<br/><p>: \n                        \n                                                \n                    </p><p>:  ,    </p><p>: \n                        \n                         ?                        \n                    </p><p>:  (,  ).   ?</p><p>: \n                        \n                           ?                        \n                    </p><p>:    .     .    -    (  ).</p><br/><div style=\"background: mediumseagreen;\" class=\"alert alert-primary\" role=\"alert\">   .</div><br/><div style=\"background: yellowgreen;\" class=\"alert alert-primary\" role=\"alert\">  </div>','<div style=\"background: yellowgreen;\" class=\"alert alert-primary\" role=\"alert\">  </div>'),(66,52,10,1,NULL,'2018-11-27 15:43:04',NULL,'<div style=\"background: orangered;\" class=\"alert alert-primary\" role=\"alert\">    ,   -   ,  ,   ,    .     ,     .   </div>',NULL),(67,53,10,1,'\n\n','2018-11-27 15:44:01',NULL,'03.12.2018 13:23:19<br/><br/><div style=\"background: mediumseagreen;\" class=\"alert alert-primary\" role=\"alert\"></div><br/><div style=\"background: yellowgreen;\" class=\"alert alert-primary\" role=\"alert\"></div>03.12.2018 13:36:54<br/><p>: \n                        \n                                                \n                    </p><p>:  ,    </p><p>: \n                        \n                         ?                        \n                    </p><p>:  (,  ).   ?</p><p>: \n                        \n                          ?                        \n                    </p><p>: Ingello systems.     .  .</p><br/><div style=\"background: mediumseagreen;\" class=\"alert alert-primary\" role=\"alert\">   ,    ,   .</div><br/><div style=\"background: yellowgreen;\" class=\"alert alert-primary\" role=\"alert\">   .</div>','<div style=\"background: yellowgreen;\" class=\"alert alert-primary\" role=\"alert\">   .</div>'),(68,54,10,1,NULL,'2018-11-27 15:45:06',NULL,'<div style=\"background: orangered;\" class=\"alert alert-primary\" role=\"alert\">   .</div>14.12.2018 13:26:20<br/><p>: \n                        \n                                                \n                    </p><p>:  ,    </p><p>: \n                        \n                          ?                        \n                    </p><p>: ,      .  ?</p><p>: \n                        \n                           ?                        \n                    </p><p>:    .     .    -    (  ).</p><br/><div style=\"background: mediumseagreen;\" class=\"alert alert-primary\" role=\"alert\">   ,   ,    ,    .              .</div><br/><div style=\"background: yellowgreen;\" class=\"alert alert-primary\" role=\"alert\">   .</div>','<div style=\"background: yellowgreen;\" class=\"alert alert-primary\" role=\"alert\">   .</div>'),(69,55,10,1,NULL,'2018-11-27 15:45:30',NULL,'27.11.2018 14:23:34<br/><p>: \n                        \n                                                \n                    </p><p>:  ,    </p><p>: \n                        \n                          ?                        \n                    </p><p>: ,      .  ?</p><br/><div style=\"background: mediumseagreen;\" class=\"alert alert-primary\" role=\"alert\">  </div><br/>',NULL),(71,57,10,1,NULL,'2018-11-27 15:47:03',NULL,'27.11.2018 14:12:51<br/><p>: \n                        \n                                                \n                    </p><p>:  ,    </p><br/><div style=\"background: mediumseagreen;\" class=\"alert alert-primary\" role=\"alert\">  </div><br/><div style=\"background: orangered;\" class=\"alert alert-primary\" role=\"alert\">    </div><div style=\"background: orangered;\" class=\"alert alert-primary\" role=\"alert\">* </div><div style=\"background: orangered;\" class=\"alert alert-primary\" role=\"alert\"> ,  .</div>',NULL),(73,29,7,1,NULL,'2018-11-28 13:09:30',NULL,NULL,NULL),(75,66,10,1,NULL,'2018-12-06 15:14:09',NULL,'06.12.2018 13:22:54<br/><p>: \n                        \n                                                \n                    </p><p>:  ,    </p><p>: \n                        \n                         ,                           \n                    </p><p>:      , ..       .   .</p><br/><div style=\"background: mediumseagreen;\" class=\"alert alert-primary\" role=\"alert\"> ,  </div><br/>false14.12.2018 13:33:02<br/><br/><div style=\"background: mediumseagreen;\" class=\"alert alert-primary\" role=\"alert\">    .  .</div><br/><div style=\"background: yellowgreen;\" class=\"alert alert-primary\" role=\"alert\">  .    .</div>','<div style=\"background: yellowgreen;\" class=\"alert alert-primary\" role=\"alert\">  .    .</div>'),(76,67,10,1,NULL,'2018-12-06 15:24:09',NULL,'06.12.2018 13:26:45<br/><p>: \n                        \n                                                \n                    </p><p>:  ,    </p><br/><div style=\"background: mediumseagreen;\" class=\"alert alert-primary\" role=\"alert\">    </div><br/>false14.12.2018 13:38:11<br/><p>: \n                        \n                                                \n                    </p><p>:  ,    </p><p>: \n                        \n                          ?                        \n                    </p><p>: ,      .  ?</p><br/><div style=\"background: mediumseagreen;\" class=\"alert alert-primary\" role=\"alert\">    ,       .</div><br/><div style=\"background: yellowgreen;\" class=\"alert alert-primary\" role=\"alert\"> </div>','<div style=\"background: yellowgreen;\" class=\"alert alert-primary\" role=\"alert\"> </div>'),(77,68,10,1,NULL,'2018-12-06 15:31:14',NULL,'06.12.2018 13:44:34<br/><p>: \n                        \n                                                \n                    </p><p>:  ,    </p><p>: \n                        \n                           ?                        \n                    </p><p>:    .     .    -    (  ).</p><br/><div style=\"background: mediumseagreen;\" class=\"alert alert-primary\" role=\"alert\">13 : 30  .</div><br/>false<div style=\"background: orangered;\" class=\"alert alert-primary\" role=\"alert\">   13: 30. 12.12.2018\r\n</div><div style=\"background: orangered;\" class=\"alert alert-primary\" role=\"alert\">     5 ,   ,       \r\n</div><div style=\"background: orangered;\" class=\"alert alert-primary\" role=\"alert\">  15 .01   </div>','false'),(78,69,10,1,NULL,'2018-12-06 15:46:32',NULL,'06.12.2018 13:50:05<br/><p>: \n                        \n                                                \n                    </p><p>:  ,    </p><p>: \n                        \n                         ?                        \n                    </p><p>:  (,  ).   ?</p><br/><div style=\"background: mediumseagreen;\" class=\"alert alert-primary\" role=\"alert\">  ,   </div><br/>false','false'),(79,70,10,1,NULL,'2018-12-06 15:52:01',NULL,'<div style=\"background: orangered;\" class=\"alert alert-primary\" role=\"alert\"> </div><div style=\"background: orangered;\" class=\"alert alert-primary\" role=\"alert\">, </div>',NULL),(80,71,10,1,NULL,'2018-12-06 16:19:28',NULL,'06.12.2018 14:22:27<br/><p>: \n                        \n                                                \n                    </p><p>:  ,    </p><p>: \n                        \n                         ,                           \n                    </p><p>:      , ..       .   .</p><br/><div style=\"background: mediumseagreen;\" class=\"alert alert-primary\" role=\"alert\">   </div><br/>false','false'),(81,72,10,1,NULL,'2018-12-06 16:25:19',NULL,'06.12.2018 14:30:32<br/><p>: \n                        \n                                                \n                    </p><p>:  ,    </p><br/><div style=\"background: mediumseagreen;\" class=\"alert alert-primary\" role=\"alert\">       </div><br/>false','false'),(82,73,10,1,NULL,'2018-12-06 16:37:33',NULL,'06.12.2018 14:43:05<br/><p>: \n                        \n                                                \n                    </p><p>:  ,    </p><p>: \n                        \n                           ?                        \n                    </p><p>:    .     .    -    (  ).</p><br/><div style=\"background: mediumseagreen;\" class=\"alert alert-primary\" role=\"alert\"> 11        .      .</div><br/>false<div style=\"background: orangered;\" class=\"alert alert-primary\" role=\"alert\">   .    .    -     .        .       . \r\n  ,     . \r\n            . \r\n</div><div style=\"background: orangered;\" class=\"alert alert-primary\" role=\"alert\">(12.12.18)</div>','false'),(83,74,10,1,NULL,'2018-12-06 16:47:25',NULL,'06.12.2018 14:51:58<br/><br/><div style=\"background: mediumseagreen;\" class=\"alert alert-primary\" role=\"alert\"> </div><br/>false14.12.2018 13:50:20<br/><p>: \n                        \n                                                \n                    </p><p>:  ,    </p><p>: \n                        \n                           ?                        \n                    </p><p>:    .     .    -    (  ).</p><br/><div style=\"background: mediumseagreen;\" class=\"alert alert-primary\" role=\"alert\"> ,      .    </div><br/><div style=\"background: yellowgreen;\" class=\"alert alert-primary\" role=\"alert\"> 15.12.2018</div><div style=\"background: orangered;\" class=\"alert alert-primary\" role=\"alert\">      ,    ,      .     .      .   .     ,       .\r\n</div>','<div style=\"background: yellowgreen;\" class=\"alert alert-primary\" role=\"alert\"> 15.12.2018</div>'),(84,75,10,1,NULL,'2018-12-06 16:54:01',NULL,'06.12.2018 14:57:34<br/><br/><div style=\"background: mediumseagreen;\" class=\"alert alert-primary\" role=\"alert\">   </div><br/>false','false'),(85,28,7,1,NULL,'2018-12-11 14:56:12',NULL,NULL,NULL),(86,27,8,1,NULL,'2018-12-11 15:00:18',NULL,'11.12.2018 13:03:36<br/><p>: \n                        \n                         ,                           \n                    </p><p>:      , ..       .   .</p><p>: \n                        \n                          ?                        \n                    </p><p>: </p><br/><div style=\"background: mediumseagreen;\" class=\"alert alert-primary\" role=\"alert\"></div><br/><div style=\"background: yellowgreen;\" class=\"alert alert-primary\" role=\"alert\">234567854</div><div style=\"background: orangered;\" class=\"alert alert-primary\" role=\"alert\">\r\n</div>','<div style=\"background: yellowgreen;\" class=\"alert alert-primary\" role=\"alert\">234567854</div>'),(87,27,18,1,NULL,'2018-12-12 13:03:36',NULL,NULL,NULL),(89,27,18,1,NULL,'2018-12-12 13:06:03',NULL,NULL,NULL),(90,27,18,1,NULL,'2018-12-12 13:06:19',NULL,NULL,NULL),(91,28,18,1,NULL,'2018-12-12 13:06:37',NULL,NULL,NULL),(92,27,7,1,NULL,'2018-12-12 13:06:46',NULL,NULL,NULL),(93,27,8,1,NULL,'2018-12-12 13:06:54',NULL,NULL,NULL),(94,27,8,1,NULL,'2018-12-12 13:07:01',NULL,NULL,NULL),(95,28,8,1,'','2018-12-12 13:07:33',NULL,NULL,NULL),(96,27,8,1,NULL,'2018-12-12 13:08:57',NULL,NULL,NULL),(97,27,8,1,NULL,'2018-12-12 13:09:23',NULL,NULL,NULL),(98,28,8,1,NULL,'2018-12-12 13:09:33',NULL,NULL,NULL),(99,28,18,1,NULL,'2018-12-12 13:09:42',NULL,NULL,NULL),(100,28,18,1,NULL,'2018-12-12 13:10:11',NULL,NULL,NULL),(101,29,8,1,NULL,'2018-12-12 13:10:35',NULL,NULL,NULL),(102,28,19,1,NULL,'2018-12-12 13:11:02',NULL,NULL,NULL),(103,29,8,1,NULL,'2018-12-12 13:11:39',NULL,NULL,NULL),(104,28,8,1,NULL,'2018-12-12 13:12:39',NULL,NULL,NULL),(105,59,18,1,NULL,'2018-12-12 13:12:53',NULL,NULL,NULL),(106,28,18,1,NULL,'2018-12-12 13:14:06',NULL,NULL,NULL),(107,29,8,1,NULL,'2018-12-12 13:16:04',NULL,NULL,NULL),(108,60,18,1,NULL,'2018-12-12 13:21:42',NULL,NULL,NULL),(109,59,20,1,NULL,'2018-12-12 13:22:36',NULL,NULL,NULL),(110,28,18,1,NULL,'2018-12-12 13:24:29',NULL,NULL,NULL),(111,29,19,1,NULL,'2018-12-12 13:26:56',NULL,NULL,NULL),(112,29,20,1,NULL,'2018-12-12 13:27:34',NULL,NULL,NULL),(113,29,8,1,NULL,'2018-12-12 13:33:15',NULL,NULL,NULL),(114,59,19,1,NULL,'2018-12-12 13:33:28',NULL,NULL,NULL),(115,27,8,1,NULL,'2018-12-12 13:33:44',NULL,NULL,NULL),(116,59,7,1,NULL,'2018-12-12 13:34:03',NULL,NULL,NULL),(117,59,19,1,NULL,'2018-12-12 13:38:51',NULL,NULL,NULL),(118,60,18,1,NULL,'2018-12-12 13:39:11',NULL,NULL,NULL),(119,59,19,1,NULL,'2018-12-12 13:39:59',NULL,NULL,NULL),(120,27,19,1,NULL,'2018-12-12 13:51:21',NULL,NULL,NULL),(122,79,10,1,NULL,'2018-12-12 16:32:16',NULL,'<div style=\"background: orangered;\" class=\"alert alert-primary\" role=\"alert\">  .     </div>',NULL),(123,80,10,1,NULL,'2018-12-12 16:47:38',NULL,'<div style=\"background: orangered;\" class=\"alert alert-primary\" role=\"alert\">   ,    .</div>',NULL),(124,81,10,1,NULL,'2018-12-12 16:49:56',NULL,'<div style=\"background: orangered;\" class=\"alert alert-primary\" role=\"alert\">     12  </div>14.12.2018 12:39:47<br/><p>: \n                        \n                                                \n                    </p><p>:  ,    </p><br/><div style=\"background: mediumseagreen;\" class=\"alert alert-primary\" role=\"alert\">     ,    . </div><br/><div style=\"background: yellowgreen;\" class=\"alert alert-primary\" role=\"alert\">      </div>','<div style=\"background: yellowgreen;\" class=\"alert alert-primary\" role=\"alert\">      </div>'),(125,82,11,1,NULL,'2018-12-12 16:53:45',NULL,'<div style=\"background: orangered;\" class=\"alert alert-primary\" role=\"alert\">  </div>',NULL),(126,83,10,1,NULL,'2018-12-12 16:58:15',NULL,'<div style=\"background: orangered;\" class=\"alert alert-primary\" role=\"alert\">   12  </div>',NULL),(127,84,10,1,NULL,'2018-12-12 17:01:50',NULL,'<div style=\"background: orangered;\" class=\"alert alert-primary\" role=\"alert\">   , </div>',NULL),(128,85,10,1,NULL,'2018-12-12 17:14:33',NULL,'<div style=\"background: orangered;\" class=\"alert alert-primary\" role=\"alert\"> ,   .</div>',NULL),(129,86,10,1,NULL,'2018-12-12 17:26:39',NULL,'<div style=\"background: orangered;\" class=\"alert alert-primary\" role=\"alert\"></div><div style=\"background: orangered;\" class=\"alert alert-primary\" role=\"alert\"> 13.12.2018.     .</div><div style=\"background: orangered;\" class=\"alert alert-primary\" role=\"alert\">      .           ,     .</div><div style=\"background: orangered;\" class=\"alert alert-primary\" role=\"alert\">todo:   </div>',NULL),(130,87,10,1,NULL,'2018-12-12 17:30:46',NULL,'<div style=\"background: orangered;\" class=\"alert alert-primary\" role=\"alert\">  , .</div>',NULL),(131,88,10,1,NULL,'2018-12-12 18:12:54',NULL,'<div style=\"background: orangered;\" class=\"alert alert-primary\" role=\"alert\">   ,     GNU . , ,     ,         .    .</div><div style=\"background: orangered;\" class=\"alert alert-primary\" role=\"alert\">    </div>',NULL),(132,89,10,1,NULL,'2018-12-12 18:19:12',NULL,'<div style=\"background: orangered;\" class=\"alert alert-primary\" role=\"alert\">    ,   ,   ,  ,   .</div>',NULL),(133,90,10,1,NULL,'2018-12-12 18:21:26',NULL,'<div style=\"background: orangered;\" class=\"alert alert-primary\" role=\"alert\">  .</div>',NULL),(134,91,10,1,NULL,'2018-12-12 18:23:28',NULL,'<div style=\"background: orangered;\" class=\"alert alert-primary\" role=\"alert\">  , .</div>',NULL),(135,92,10,1,NULL,'2018-12-12 18:25:23',NULL,'<div style=\"background: orangered;\" class=\"alert alert-primary\" role=\"alert\">  , .</div>',NULL),(136,93,10,1,NULL,'2018-12-12 18:27:48',NULL,'<div style=\"background: orangered;\" class=\"alert alert-primary\" role=\"alert\">     ,        .</div>',NULL),(137,94,10,1,NULL,'2018-12-12 18:32:14',NULL,'<div style=\"background: orangered;\" class=\"alert alert-primary\" role=\"alert\"> ,    ,    .</div><div style=\"background: orangered;\" class=\"alert alert-primary\" role=\"alert\">  ,    .     .        ,        .</div><div style=\"background: orangered;\" class=\"alert alert-primary\" role=\"alert\">   .     -   .  .      ,  . </div>',NULL),(138,95,10,1,NULL,'2018-12-12 18:37:11',NULL,'<div style=\"background: orangered;\" class=\"alert alert-primary\" role=\"alert\">   ,     ,  - ,        .    </div>',NULL),(139,28,19,1,NULL,'2018-12-15 16:25:34',NULL,'15.12.2018 14:30:23<br/><p>: \n                        \n                         ?                        \n                    </p><p>:  (,  ).   ?</p><p>: \n                        \n                          ?                        \n                    </p><p>: </p><p>: \n                        \n                          .   .                        \n                    </p><p>:       .       . </p><br/><div style=\"background: mediumseagreen;\" class=\"alert alert-primary\" role=\"alert\"></div><br/><div style=\"background: yellowgreen;\" class=\"alert alert-primary\" role=\"alert\">...</div>','<div style=\"background: yellowgreen;\" class=\"alert alert-primary\" role=\"alert\">...</div>'),(141,28,22,1,NULL,'2018-12-20 15:51:27',NULL,NULL,NULL),(142,27,1,6,NULL,'2019-01-08 13:28:44',NULL,'08.01.2019 11:29:57<br/><p>: \n                        \n                          ?                        \n                    </p><p>:   .  ,   ?   ! </p><br/><div style=\"background: mediumseagreen;\" class=\"alert alert-primary\" role=\"alert\"> </div><br/><div style=\"background: yellowgreen;\" class=\"alert alert-primary\" role=\"alert\">  </div><div style=\"background: orangered;\" class=\"alert alert-primary\" role=\"alert\">   </div>','<div style=\"background: yellowgreen;\" class=\"alert alert-primary\" role=\"alert\">  </div>'),(143,29,7,5,NULL,'2019-01-08 13:43:17',NULL,NULL,NULL),(152,108,10,1,NULL,'2019-01-08 17:03:26',NULL,'08.01.2019 15:05:53<br/><p>: \n                        \n                                                \n                    </p><p>:  ,    </p><p>: \n                        \n                          ?                        \n                    </p><p>: ,      .  ?</p><br/><div style=\"background: mediumseagreen;\" class=\"alert alert-primary\" role=\"alert\">  </div><br/><div style=\"background: yellowgreen;\" class=\"alert alert-primary\" role=\"alert\"> 9       </div>','<div style=\"background: yellowgreen;\" class=\"alert alert-primary\" role=\"alert\"> 9       </div>'),(153,28,1,5,NULL,'2019-01-08 17:06:25',NULL,NULL,NULL),(154,29,1,7,NULL,'2019-01-08 17:06:56',NULL,NULL,NULL),(155,60,1,5,NULL,'2019-01-08 17:07:50',NULL,NULL,NULL),(156,27,7,2,NULL,'2019-01-08 17:09:40',NULL,NULL,NULL),(157,109,10,1,NULL,'2019-01-08 17:09:48',NULL,'08.01.2019 15:14:16<br/><p>: \n                        \n                                                \n                    </p><p>:  ,    </p><br/><div style=\"background: mediumseagreen;\" class=\"alert alert-primary\" role=\"alert\"> 12:00</div><br/><div style=\"background: yellowgreen;\" class=\"alert alert-primary\" role=\"alert\"></div>','<div style=\"background: yellowgreen;\" class=\"alert alert-primary\" role=\"alert\"></div>'),(158,28,7,6,NULL,'2019-01-08 17:09:51',NULL,NULL,NULL),(159,29,7,1,NULL,'2019-01-08 17:10:28',NULL,NULL,NULL),(160,78,7,5,NULL,'2019-01-08 17:10:46',NULL,NULL,NULL),(161,28,18,NULL,NULL,'2019-01-08 17:12:46',NULL,NULL,NULL),(162,60,18,2,NULL,'2019-01-08 17:13:08',NULL,NULL,NULL),(163,78,18,6,NULL,'2019-01-08 17:13:21',NULL,NULL,NULL),(164,28,19,4,NULL,'2019-01-08 17:15:22',NULL,NULL,NULL),(165,29,19,2,NULL,'2019-01-08 17:26:03',NULL,NULL,NULL),(166,60,18,1,NULL,'2019-01-08 17:26:15',NULL,NULL,NULL),(167,27,26,1,NULL,'2019-01-08 17:27:14',NULL,NULL,NULL),(168,28,26,1,NULL,'2019-01-08 17:27:35',NULL,NULL,NULL),(169,29,26,1,NULL,'2019-01-08 17:28:05',NULL,NULL,NULL),(170,29,26,1,NULL,'2019-01-08 17:28:23',NULL,NULL,NULL),(171,59,26,6,NULL,'2019-01-08 17:29:03',NULL,NULL,NULL),(172,60,26,1,NULL,'2019-01-08 17:29:18',NULL,NULL,NULL),(173,60,26,1,NULL,'2019-01-08 17:29:33',NULL,NULL,NULL),(174,78,26,1,NULL,'2019-01-08 17:29:44',NULL,NULL,NULL),(175,102,26,1,NULL,'2019-01-08 17:29:56',NULL,NULL,NULL),(176,27,22,1,NULL,'2019-01-08 17:30:48',NULL,NULL,NULL),(177,28,22,1,NULL,'2019-01-08 17:31:12',NULL,NULL,NULL),(178,29,22,1,NULL,'2019-01-08 17:32:26',NULL,NULL,NULL),(179,60,22,1,NULL,'2019-01-08 17:32:53',NULL,NULL,NULL),(180,78,22,1,NULL,'2019-01-08 17:34:13',NULL,NULL,NULL),(181,27,23,1,NULL,'2019-01-08 17:45:10',NULL,NULL,NULL),(182,28,23,1,NULL,'2019-01-08 17:45:32',NULL,NULL,NULL),(183,59,20,1,NULL,'2019-01-08 17:46:03',NULL,NULL,NULL),(184,102,23,1,NULL,'2019-01-08 17:46:51',NULL,NULL,NULL),(185,29,18,1,NULL,'2019-01-08 17:50:51',NULL,NULL,NULL),(186,28,19,1,NULL,'2019-01-08 17:51:17',NULL,NULL,NULL),(187,110,10,1,NULL,'2019-01-09 17:03:57',NULL,'<div style=\"background: orangered;\" class=\"alert alert-primary\" role=\"alert\">   11    </div>',NULL),(188,111,10,1,NULL,'2019-01-09 17:06:56',NULL,'<div style=\"background: orangered;\" class=\"alert alert-primary\" role=\"alert\">  11-12 ,   15:00   .  </div>',NULL),(189,112,10,1,NULL,'2019-01-09 17:11:52',NULL,'<div style=\"background: orangered;\" class=\"alert alert-primary\" role=\"alert\">   .   .    14   10:00  </div>',NULL),(190,28,7,1,NULL,'2019-01-10 14:10:02',NULL,NULL,NULL),(191,102,8,1,NULL,'2019-01-11 10:21:12',NULL,NULL,NULL),(192,113,26,1,NULL,'2019-01-11 10:22:51',NULL,NULL,NULL),(194,114,27,1,NULL,'2019-01-11 11:29:36',NULL,'11.01.2019 09:30:01<br/><p>: \n                        \n                           ?                        \n                    </p><p>:         ,    : 1)  ;\n2)    ; \n     ,   Excell,  -?</p><br/><div style=\"background: mediumseagreen;\" class=\"alert alert-primary\" role=\"alert\">   </div><br/>false<div style=\"background: orangered;\" class=\"alert alert-primary\" role=\"alert\"></div>','false'),(195,115,27,1,NULL,'2019-01-11 11:32:17',NULL,'11.01.2019 09:33:35<br/><br/><div style=\"background: mediumseagreen;\" class=\"alert alert-primary\" role=\"alert\">    ,     </div><br/><div style=\"background: yellowgreen;\" class=\"alert alert-primary\" role=\"alert\">,     </div>','<div style=\"background: yellowgreen;\" class=\"alert alert-primary\" role=\"alert\">,     </div>'),(196,116,27,1,NULL,'2019-01-11 11:37:37',NULL,'11.01.2019 09:38:09<br/><br/><div style=\"background: mediumseagreen;\" class=\"alert alert-primary\" role=\"alert\">   </div><br/><div style=\"background: yellowgreen;\" class=\"alert alert-primary\" role=\"alert\"></div>','<div style=\"background: yellowgreen;\" class=\"alert alert-primary\" role=\"alert\"></div>'),(197,117,27,1,NULL,'2019-01-11 11:39:03',NULL,'11.01.2019 09:40:13<br/><br/><div style=\"background: mediumseagreen;\" class=\"alert alert-primary\" role=\"alert\">   </div><br/>false','false'),(198,118,27,1,NULL,'2019-01-11 11:42:41',NULL,'11.01.2019 09:43:54<br/><br/><div style=\"background: mediumseagreen;\" class=\"alert alert-primary\" role=\"alert\">         </div><br/><div style=\"background: yellowgreen;\" class=\"alert alert-primary\" role=\"alert\">0443920606  </div>','<div style=\"background: yellowgreen;\" class=\"alert alert-primary\" role=\"alert\">0443920606  </div>'),(199,119,27,1,NULL,'2019-01-11 11:47:15',NULL,'11.01.2019 09:50:15<br/><br/><div style=\"background: mediumseagreen;\" class=\"alert alert-primary\" role=\"alert\"></div><br/><div style=\"background: yellowgreen;\" class=\"alert alert-primary\" role=\"alert\">   14.01 (   12:00 14.01)</div>','<div style=\"background: yellowgreen;\" class=\"alert alert-primary\" role=\"alert\">   14.01 (   12:00 14.01)</div>'),(200,120,27,1,NULL,'2019-01-11 11:51:18',NULL,'11.01.2019 09:52:03<br/><br/><div style=\"background: mediumseagreen;\" class=\"alert alert-primary\" role=\"alert\">  </div><br/><div style=\"background: yellowgreen;\" class=\"alert alert-primary\" role=\"alert\"> 20.01-21.01</div>','<div style=\"background: yellowgreen;\" class=\"alert alert-primary\" role=\"alert\"> 20.01-21.01</div>'),(202,121,27,1,NULL,'2019-01-11 11:54:51',NULL,'11.01.2019 09:55:34<br/><br/><div style=\"background: mediumseagreen;\" class=\"alert alert-primary\" role=\"alert\"></div><br/><div style=\"background: yellowgreen;\" class=\"alert alert-primary\" role=\"alert\"> 14.01</div>','<div style=\"background: yellowgreen;\" class=\"alert alert-primary\" role=\"alert\"> 14.01</div>'),(203,122,27,1,NULL,'2019-01-11 11:57:21',NULL,'11.01.2019 09:58:04<br/><br/><div style=\"background: mediumseagreen;\" class=\"alert alert-primary\" role=\"alert\">   </div><br/><div style=\"background: yellowgreen;\" class=\"alert alert-primary\" role=\"alert\"></div>','<div style=\"background: yellowgreen;\" class=\"alert alert-primary\" role=\"alert\"></div>'),(204,123,27,1,NULL,'2019-01-11 12:11:25',NULL,'11.01.2019 10:12:20<br/><br/><div style=\"background: mediumseagreen;\" class=\"alert alert-primary\" role=\"alert\">  ,          </div><br/>false','false'),(205,124,27,1,NULL,'2019-01-11 12:13:52',NULL,'11.01.2019 10:14:23<br/><br/><div style=\"background: mediumseagreen;\" class=\"alert alert-primary\" role=\"alert\">  14.01</div><br/><div style=\"background: yellowgreen;\" class=\"alert alert-primary\" role=\"alert\"></div>','<div style=\"background: yellowgreen;\" class=\"alert alert-primary\" role=\"alert\"></div>'),(206,125,27,1,NULL,'2019-01-11 12:15:18',NULL,'11.01.2019 10:16:00<br/><br/><div style=\"background: mediumseagreen;\" class=\"alert alert-primary\" role=\"alert\">    </div><br/><div style=\"background: yellowgreen;\" class=\"alert alert-primary\" role=\"alert\"></div>','<div style=\"background: yellowgreen;\" class=\"alert alert-primary\" role=\"alert\"></div>'),(207,126,27,1,NULL,'2019-01-11 12:17:15',NULL,'11.01.2019 10:17:59<br/><br/><div style=\"background: mediumseagreen;\" class=\"alert alert-primary\" role=\"alert\">      </div><br/><div style=\"background: yellowgreen;\" class=\"alert alert-primary\" role=\"alert\"> </div>','<div style=\"background: yellowgreen;\" class=\"alert alert-primary\" role=\"alert\"> </div>'),(208,127,27,1,NULL,'2019-01-11 12:19:22',NULL,'11.01.2019 10:20:07<br/><br/><div style=\"background: mediumseagreen;\" class=\"alert alert-primary\" role=\"alert\">     ( )</div><br/><div style=\"background: yellowgreen;\" class=\"alert alert-primary\" role=\"alert\"></div>','<div style=\"background: yellowgreen;\" class=\"alert alert-primary\" role=\"alert\"></div>'),(209,128,27,1,NULL,'2019-01-11 12:21:23',NULL,'11.01.2019 10:22:33<br/><br/><div style=\"background: mediumseagreen;\" class=\"alert alert-primary\" role=\"alert\">   14.01  17:00 (   15:00)</div><br/><div style=\"background: yellowgreen;\" class=\"alert alert-primary\" role=\"alert\"></div>','<div style=\"background: yellowgreen;\" class=\"alert alert-primary\" role=\"alert\"></div>'),(210,129,27,1,NULL,'2019-01-11 12:25:33',NULL,'11.01.2019 10:55:33<br/><br/><div style=\"background: mediumseagreen;\" class=\"alert alert-primary\" role=\"alert\">  </div><br/><div style=\"background: yellowgreen;\" class=\"alert alert-primary\" role=\"alert\"></div>','<div style=\"background: yellowgreen;\" class=\"alert alert-primary\" role=\"alert\"></div>'),(211,130,27,1,NULL,'2019-01-11 12:57:32',NULL,'11.01.2019 10:59:49<br/><br/><div style=\"background: mediumseagreen;\" class=\"alert alert-primary\" role=\"alert\">    CRM</div><br/><div style=\"background: yellowgreen;\" class=\"alert alert-primary\" role=\"alert\">         </div>','<div style=\"background: yellowgreen;\" class=\"alert alert-primary\" role=\"alert\">         </div>'),(212,131,27,1,NULL,'2019-01-11 13:01:30',NULL,'11.01.2019 11:07:21<br/><br/><div style=\"background: mediumseagreen;\" class=\"alert alert-primary\" role=\"alert\"> ,             </div><br/>false','false'),(213,132,27,1,NULL,'2019-01-11 13:09:06',NULL,'11.01.2019 11:11:59<br/><br/><div style=\"background: mediumseagreen;\" class=\"alert alert-primary\" role=\"alert\"> </div><br/>false','false'),(214,133,27,1,NULL,'2019-01-11 13:13:03',NULL,'11.01.2019 11:13:38<br/><br/><div style=\"background: mediumseagreen;\" class=\"alert alert-primary\" role=\"alert\">(  )</div><br/>false','false'),(215,134,27,1,NULL,'2019-01-11 13:14:44',NULL,'11.01.2019 11:16:16<br/><br/><div style=\"background: mediumseagreen;\" class=\"alert alert-primary\" role=\"alert\"> 15.01  12:00  </div><br/><div style=\"background: yellowgreen;\" class=\"alert alert-primary\" role=\"alert\"></div>','<div style=\"background: yellowgreen;\" class=\"alert alert-primary\" role=\"alert\"></div>'),(216,135,27,1,NULL,'2019-01-11 13:17:06',NULL,'11.01.2019 11:17:38<br/><br/><div style=\"background: mediumseagreen;\" class=\"alert alert-primary\" role=\"alert\">   </div><br/><div style=\"background: yellowgreen;\" class=\"alert alert-primary\" role=\"alert\"></div>','<div style=\"background: yellowgreen;\" class=\"alert alert-primary\" role=\"alert\"></div>'),(217,27,1,1,NULL,'2019-01-11 17:19:31',NULL,NULL,NULL),(218,137,27,1,NULL,'2019-01-13 17:39:44',NULL,'13.01.2019 15:40:10<br/><br/><div style=\"background: mediumseagreen;\" class=\"alert alert-primary\" role=\"alert\">   </div><br/><div style=\"background: yellowgreen;\" class=\"alert alert-primary\" role=\"alert\"></div>','<div style=\"background: yellowgreen;\" class=\"alert alert-primary\" role=\"alert\"></div>'),(219,138,27,1,NULL,'2019-01-13 17:41:22',NULL,'13.01.2019 15:42:07<br/><br/><div style=\"background: mediumseagreen;\" class=\"alert alert-primary\" role=\"alert\">   </div><br/><div style=\"background: yellowgreen;\" class=\"alert alert-primary\" role=\"alert\"></div>','<div style=\"background: yellowgreen;\" class=\"alert alert-primary\" role=\"alert\"></div>'),(220,139,27,1,NULL,'2019-01-13 17:43:14',NULL,'13.01.2019 15:44:01<br/><br/><div style=\"background: mediumseagreen;\" class=\"alert alert-primary\" role=\"alert\"></div><br/><div style=\"background: yellowgreen;\" class=\"alert alert-primary\" role=\"alert\"> 15.01    12:00</div>13.01.2019 15:44:01<br/><br/><div style=\"background: mediumseagreen;\" class=\"alert alert-primary\" role=\"alert\"></div><br/><div style=\"background: yellowgreen;\" class=\"alert alert-primary\" role=\"alert\"> 15.01    12:00</div>','<div style=\"background: yellowgreen;\" class=\"alert alert-primary\" role=\"alert\"> 15.01    12:00</div>'),(221,140,27,1,NULL,'2019-01-13 17:44:59',NULL,'13.01.2019 15:45:37<br/><br/><div style=\"background: mediumseagreen;\" class=\"alert alert-primary\" role=\"alert\"> \n   </div><br/><div style=\"background: yellowgreen;\" class=\"alert alert-primary\" role=\"alert\"></div>','<div style=\"background: yellowgreen;\" class=\"alert alert-primary\" role=\"alert\"></div>'),(222,141,27,1,NULL,'2019-01-13 20:41:00',NULL,'13.01.2019 18:41:14<br/><br/><div style=\"background: mediumseagreen;\" class=\"alert alert-primary\" role=\"alert\"></div><br/>false','false'),(223,142,27,1,NULL,'2019-01-13 20:42:13',NULL,'13.01.2019 18:42:43<br/><br/><div style=\"background: mediumseagreen;\" class=\"alert alert-primary\" role=\"alert\"></div><br/><div style=\"background: yellowgreen;\" class=\"alert alert-primary\" role=\"alert\"> </div>','<div style=\"background: yellowgreen;\" class=\"alert alert-primary\" role=\"alert\"> </div>'),(224,143,27,1,NULL,'2019-01-13 20:43:24',NULL,'13.01.2019 18:43:42<br/><br/><div style=\"background: mediumseagreen;\" class=\"alert alert-primary\" role=\"alert\">   </div><br/><div style=\"background: yellowgreen;\" class=\"alert alert-primary\" role=\"alert\"></div>','<div style=\"background: yellowgreen;\" class=\"alert alert-primary\" role=\"alert\"></div>'),(225,144,27,1,NULL,'2019-01-13 20:44:25',NULL,'13.01.2019 18:44:41<br/><br/><div style=\"background: mediumseagreen;\" class=\"alert alert-primary\" role=\"alert\"> </div><br/>false','false'),(226,145,27,1,NULL,'2019-01-14 14:27:50',NULL,NULL,NULL),(227,28,21,1,NULL,'2019-01-14 17:06:46',NULL,'14.01.2019 15:15:40<br/><br/><div style=\"background: mediumseagreen;\" class=\"alert alert-primary\" role=\"alert\"></div><br/><div style=\"background: yellowgreen;\" class=\"alert alert-primary\" role=\"alert\"></div>14.01.2019 15:15:42<br/><br/><div style=\"background: mediumseagreen;\" class=\"alert alert-primary\" role=\"alert\"></div><br/><div style=\"background: yellowgreen;\" class=\"alert alert-primary\" role=\"alert\"></div>14.01.2019 15:15:45<br/><br/><div style=\"background: mediumseagreen;\" class=\"alert alert-primary\" role=\"alert\"></div><br/><div style=\"background: yellowgreen;\" class=\"alert alert-primary\" role=\"alert\"></div>14.01.2019 15:15:52<br/><br/><div style=\"background: mediumseagreen;\" class=\"alert alert-primary\" role=\"alert\"></div><br/><div style=\"background: yellowgreen;\" class=\"alert alert-primary\" role=\"alert\"></div>14.01.2019 15:15:53<br/><br/><div style=\"background: mediumseagreen;\" class=\"alert alert-primary\" role=\"alert\"></div><br/><div style=\"background: yellowgreen;\" class=\"alert alert-primary\" role=\"alert\"></div><div style=\"background: orangered;\" class=\"alert alert-primary\" role=\"alert\"></div>','<div style=\"background: yellowgreen;\" class=\"alert alert-primary\" role=\"alert\"></div>'),(228,28,1,1,NULL,'2019-02-07 11:44:15',NULL,NULL,NULL),(229,28,7,1,NULL,'2020-03-19 16:19:30',NULL,NULL,NULL),(230,59,8,1,NULL,'2020-03-19 16:24:44',NULL,NULL,NULL),(231,59,8,1,NULL,'2020-03-19 16:25:26',NULL,NULL,NULL),(232,27,28,NULL,NULL,'2020-03-19 18:10:04',NULL,NULL,NULL),(233,28,1,NULL,NULL,'2020-03-19 18:12:07',NULL,NULL,NULL),(234,29,7,NULL,NULL,'2020-03-20 14:44:04',NULL,NULL,NULL),(235,60,1,NULL,NULL,'2020-03-20 14:45:12',NULL,'20.03.2020 12:47:36<br/><p>: \n                        \n                         ?                        \n                    </p><p>:    </p><p>: \n                        \n                          ?                        \n                    </p><p>: ,      .  ?</p><p>: \n                        \n                          ?                        \n                    </p><p>:   ,      .  ,      ,    . </p><p>: \n                        \n                         ,   ?                        \n                    </p><p>:     . (  )</p><p>: \n                        \n                         ,                           \n                    </p><p>: ,          ? ,   ,      .   ?  ,       .</p><br/><div style=\"background: mediumseagreen;\" class=\"alert alert-primary\" role=\"alert\">qwe</div><br/><div style=\"background: yellowgreen;\" class=\"alert alert-primary\" role=\"alert\">qewewq</div>','<div style=\"background: yellowgreen;\" class=\"alert alert-primary\" role=\"alert\">qewewq</div>');
/*!40000 ALTER TABLE `selling` ENABLE KEYS */;
UNLOCK TABLES;

--
-- Table structure for table `selling_product`
--

DROP TABLE IF EXISTS `selling_product`;
/*!40101 SET @saved_cs_client     = @@character_set_client */;
/*!40101 SET character_set_client = utf8 */;
CREATE TABLE `selling_product` (
  `id` int(11) NOT NULL AUTO_INCREMENT,
  `product_id` int(11) NOT NULL,
  `selling_id` int(11) NOT NULL,
  `quantity` int(10) NOT NULL,
  `cost` double(10,2) DEFAULT NULL,
  `cost_type` int(11) DEFAULT NULL,
  `overhead_cost_id` int(11) DEFAULT NULL,
  `currency_id` int(11) NOT NULL,
  `pack_unit_id` int(11) DEFAULT NULL,
  PRIMARY KEY (`id`),
  KEY `selling_product_currency_id_fk` (`currency_id`),
  KEY `selling_product_pack_unit_id_fk` (`pack_unit_id`),
  KEY `selling_product_product_id_fk` (`product_id`),
  KEY `selling_product_selling_id_fk` (`selling_id`),
  KEY `selling_product_overhead_cost_id_fk` (`overhead_cost_id`),
  CONSTRAINT `selling_product_currency_id_fk` FOREIGN KEY (`currency_id`) REFERENCES `currency` (`id`) ON DELETE CASCADE ON UPDATE CASCADE,
  CONSTRAINT `selling_product_overhead_cost_id_fk` FOREIGN KEY (`overhead_cost_id`) REFERENCES `overhead_cost` (`id`) ON DELETE CASCADE ON UPDATE CASCADE,
  CONSTRAINT `selling_product_pack_unit_id_fk` FOREIGN KEY (`pack_unit_id`) REFERENCES `pack_unit` (`id`) ON DELETE CASCADE ON UPDATE CASCADE,
  CONSTRAINT `selling_product_product_id_fk` FOREIGN KEY (`product_id`) REFERENCES `product` (`id`) ON DELETE CASCADE ON UPDATE CASCADE,
  CONSTRAINT `selling_product_selling_id_fk` FOREIGN KEY (`selling_id`) REFERENCES `selling` (`id`) ON DELETE CASCADE ON UPDATE CASCADE
) ENGINE=InnoDB AUTO_INCREMENT=5 DEFAULT CHARSET=utf8;
/*!40101 SET character_set_client = @saved_cs_client */;

--
-- Dumping data for table `selling_product`
--

LOCK TABLES `selling_product` WRITE;
/*!40000 ALTER TABLE `selling_product` DISABLE KEYS */;
INSERT INTO `selling_product` VALUES (3,15,142,1,500.00,0,NULL,3,NULL),(4,14,235,1,111.00,0,NULL,1,NULL);
/*!40000 ALTER TABLE `selling_product` ENABLE KEYS */;
UNLOCK TABLES;

--
-- Table structure for table `state`
--

DROP TABLE IF EXISTS `state`;
/*!40101 SET @saved_cs_client     = @@character_set_client */;
/*!40101 SET character_set_client = utf8 */;
CREATE TABLE `state` (
  `id` int(11) NOT NULL AUTO_INCREMENT,
  `name` varchar(255) COLLATE utf8_unicode_ci NOT NULL,
  `user_id` int(11) DEFAULT NULL,
  `order` int(11) DEFAULT NULL,
  `description` varchar(6500) COLLATE utf8_unicode_ci DEFAULT NULL,
  PRIMARY KEY (`id`),
  KEY `state_ibfk_1` (`user_id`),
  CONSTRAINT `state_ibfk_1` FOREIGN KEY (`user_id`) REFERENCES `user` (`id`) ON DELETE SET NULL ON UPDATE CASCADE
) ENGINE=InnoDB AUTO_INCREMENT=9 DEFAULT CHARSET=utf8 COLLATE=utf8_unicode_ci;
/*!40101 SET character_set_client = @saved_cs_client */;

--
-- Dumping data for table `state`
--

LOCK TABLES `state` WRITE;
/*!40000 ALTER TABLE `state` DISABLE KEYS */;
INSERT INTO `state` VALUES (1,' ',1,1,'<p>      =(.  <strong></strong> !</p>'),(2,'',1,2,'      \\'),(4,' ',1,3,'       .    -     ,    . \n\n'),(5,' ',1,4,'          ,   . '),(6,' ',1,5,'     ,     !'),(7,' ',1,6,'    ,   ,      .');
/*!40000 ALTER TABLE `state` ENABLE KEYS */;
UNLOCK TABLES;

--
-- Table structure for table `state_to_state`
--

DROP TABLE IF EXISTS `state_to_state`;
/*!40101 SET @saved_cs_client     = @@character_set_client */;
/*!40101 SET character_set_client = utf8 */;
CREATE TABLE `state_to_state` (
  `id` int(11) NOT NULL AUTO_INCREMENT,
  `state_id` int(11) NOT NULL,
  `to_state_id` int(11) NOT NULL,
  PRIMARY KEY (`id`),
  KEY `state_to_state_ibfk_1` (`state_id`),
  KEY `state_to_state_ibfk_2` (`to_state_id`),
  CONSTRAINT `state_to_state_ibfk_1` FOREIGN KEY (`state_id`) REFERENCES `state` (`id`) ON DELETE CASCADE ON UPDATE CASCADE,
  CONSTRAINT `state_to_state_ibfk_2` FOREIGN KEY (`to_state_id`) REFERENCES `state` (`id`) ON DELETE CASCADE ON UPDATE CASCADE
) ENGINE=InnoDB AUTO_INCREMENT=9 DEFAULT CHARSET=utf8 COLLATE=utf8_unicode_ci;
/*!40101 SET character_set_client = @saved_cs_client */;

--
-- Dumping data for table `state_to_state`
--

LOCK TABLES `state_to_state` WRITE;
/*!40000 ALTER TABLE `state_to_state` DISABLE KEYS */;
INSERT INTO `state_to_state` VALUES (1,1,5),(2,1,6),(5,1,2),(6,1,4);
/*!40000 ALTER TABLE `state_to_state` ENABLE KEYS */;
UNLOCK TABLES;

--
-- Table structure for table `strategy`
--

DROP TABLE IF EXISTS `strategy`;
/*!40101 SET @saved_cs_client     = @@character_set_client */;
/*!40101 SET character_set_client = utf8 */;
CREATE TABLE `strategy` (
  `id` int(11) NOT NULL AUTO_INCREMENT,
  `name` varchar(255) DEFAULT NULL,
  `description` varchar(255) DEFAULT NULL,
  PRIMARY KEY (`id`)
) ENGINE=InnoDB AUTO_INCREMENT=10 DEFAULT CHARSET=utf8;
/*!40101 SET character_set_client = @saved_cs_client */;

--
-- Dumping data for table `strategy`
--

LOCK TABLES `strategy` WRITE;
/*!40000 ALTER TABLE `strategy` DISABLE KEYS */;
INSERT INTO `strategy` VALUES (1,' ','NULL'),(3,'1  ',''),(4,'1  ',''),(5,'',''),(6,'',''),(7,'','1'),(8,'TestForGabri',''),(9,'  1','  1');
/*!40000 ALTER TABLE `strategy` ENABLE KEYS */;
UNLOCK TABLES;

--
-- Table structure for table `supplier`
--

DROP TABLE IF EXISTS `supplier`;
/*!40101 SET @saved_cs_client     = @@character_set_client */;
/*!40101 SET character_set_client = utf8 */;
CREATE TABLE `supplier` (
  `id` int(11) NOT NULL AUTO_INCREMENT,
  `name` varchar(100) NOT NULL,
  `firm` varchar(100) DEFAULT NULL,
  `contact_name` varchar(100) DEFAULT NULL,
  `country_id` int(11) DEFAULT NULL,
  `address` varchar(32) DEFAULT NULL,
  `email` varchar(32) DEFAULT NULL,
  `tax_rate` double(10,2) DEFAULT NULL,
  PRIMARY KEY (`id`)
) ENGINE=InnoDB AUTO_INCREMENT=9 DEFAULT CHARSET=utf8;
/*!40101 SET character_set_client = @saved_cs_client */;

--
-- Dumping data for table `supplier`
--

LOCK TABLES `supplier` WRITE;
/*!40000 ALTER TABLE `supplier` DISABLE KEYS */;
INSERT INTO `supplier` VALUES (1,'','',' ',1,'','misha.tka4enko@gmail.com',2.20),(2,'','',' ',2,'','p.borenko@gmail.com',2.80),(3,'',' ','',3,'','kavkazec.wakeup@gmail.com',2.40),(4,'','',' ',4,'','alex.butter@gmail.com',2.50),(5,'','','',5,'','archie@gmail.com',2.10),(6,' ',' ',' ',1,',  21-','olpmaster@gmail.com',10.00),(7,'  2','','1',2,'1','1',1.00),(8,' ','','',1,',  15','olijenius@gmail.com',10.00);
/*!40000 ALTER TABLE `supplier` ENABLE KEYS */;
UNLOCK TABLES;

--
-- Table structure for table `tax_rate`
--

DROP TABLE IF EXISTS `tax_rate`;
/*!40101 SET @saved_cs_client     = @@character_set_client */;
/*!40101 SET character_set_client = utf8 */;
CREATE TABLE `tax_rate` (
  `id` int(11) NOT NULL AUTO_INCREMENT,
  `name` varchar(255) DEFAULT NULL,
  `percent` double(10,2) DEFAULT NULL,
  PRIMARY KEY (`id`)
) ENGINE=InnoDB AUTO_INCREMENT=7 DEFAULT CHARSET=utf8;
/*!40101 SET character_set_client = @saved_cs_client */;

--
-- Dumping data for table `tax_rate`
--

LOCK TABLES `tax_rate` WRITE;
/*!40000 ALTER TABLE `tax_rate` DISABLE KEYS */;
INSERT INTO `tax_rate` VALUES (4,' 3 ',3.00),(5,' 2 ',5.00),(6,'',20.00);
/*!40000 ALTER TABLE `tax_rate` ENABLE KEYS */;
UNLOCK TABLES;

--
-- Table structure for table `tbl_dynagrid`
--

DROP TABLE IF EXISTS `tbl_dynagrid`;
/*!40101 SET @saved_cs_client     = @@character_set_client */;
/*!40101 SET character_set_client = utf8 */;
CREATE TABLE `tbl_dynagrid` (
  `id` varchar(100) NOT NULL COMMENT 'Unique dynagrid setting identifier',
  `filter_id` varchar(100) DEFAULT NULL COMMENT 'Filter setting identifier',
  `sort_id` varchar(100) DEFAULT NULL COMMENT 'Sort setting identifier',
  `data` varchar(5000) DEFAULT NULL COMMENT 'Json encoded data for the dynagrid configuration',
  PRIMARY KEY (`id`),
  KEY `tbl_dynagrid_FK1` (`filter_id`),
  KEY `tbl_dynagrid_FK2` (`sort_id`),
  CONSTRAINT `tbl_dynagrid_FK1` FOREIGN KEY (`filter_id`) REFERENCES `tbl_dynagrid_dtl` (`id`),
  CONSTRAINT `tbl_dynagrid_FK2` FOREIGN KEY (`sort_id`) REFERENCES `tbl_dynagrid_dtl` (`id`)
) ENGINE=InnoDB DEFAULT CHARSET=utf8 COMMENT='Dynagrid personalization configuration settings';
/*!40101 SET character_set_client = @saved_cs_client */;

--
-- Dumping data for table `tbl_dynagrid`
--

LOCK TABLES `tbl_dynagrid` WRITE;
/*!40000 ALTER TABLE `tbl_dynagrid` DISABLE KEYS */;
/*!40000 ALTER TABLE `tbl_dynagrid` ENABLE KEYS */;
UNLOCK TABLES;

--
-- Table structure for table `tbl_dynagrid_dtl`
--

DROP TABLE IF EXISTS `tbl_dynagrid_dtl`;
/*!40101 SET @saved_cs_client     = @@character_set_client */;
/*!40101 SET character_set_client = utf8 */;
CREATE TABLE `tbl_dynagrid_dtl` (
  `id` varchar(100) NOT NULL COMMENT 'Unique dynagrid detail setting identifier',
  `category` varchar(10) NOT NULL COMMENT 'Dynagrid detail setting category "filter" or "sort"',
  `name` varchar(150) NOT NULL COMMENT 'Name to identify the dynagrid detail setting',
  `data` varchar(5000) DEFAULT NULL COMMENT 'Json encoded data for the dynagrid detail configuration',
  `dynagrid_id` varchar(100) NOT NULL COMMENT 'Related dynagrid identifier',
  PRIMARY KEY (`id`),
  UNIQUE KEY `tbl_dynagrid_dtl_UK1` (`name`,`category`,`dynagrid_id`)
) ENGINE=InnoDB DEFAULT CHARSET=utf8 COMMENT='Dynagrid detail configuration settings';
/*!40101 SET character_set_client = @saved_cs_client */;

--
-- Dumping data for table `tbl_dynagrid_dtl`
--

LOCK TABLES `tbl_dynagrid_dtl` WRITE;
/*!40000 ALTER TABLE `tbl_dynagrid_dtl` DISABLE KEYS */;
/*!40000 ALTER TABLE `tbl_dynagrid_dtl` ENABLE KEYS */;
UNLOCK TABLES;

--
-- Table structure for table `transit`
--

DROP TABLE IF EXISTS `transit`;
/*!40101 SET @saved_cs_client     = @@character_set_client */;
/*!40101 SET character_set_client = utf8 */;
CREATE TABLE `transit` (
  `id` int(11) NOT NULL AUTO_INCREMENT,
  `from_warehouse_id` int(11) NOT NULL,
  `to_warehouse_id` int(11) NOT NULL,
  `name` varchar(100) NOT NULL,
  `date_create` datetime DEFAULT NULL,
  `date_complete` datetime DEFAULT NULL,
  `state` int(11) NOT NULL,
  PRIMARY KEY (`id`),
  KEY `transit_from_warehouse_id_fk` (`from_warehouse_id`),
  KEY `transit_to_warehouse_id_fk` (`to_warehouse_id`),
  CONSTRAINT `transit_from_warehouse_id_fk` FOREIGN KEY (`from_warehouse_id`) REFERENCES `warehouse` (`id`) ON DELETE CASCADE ON UPDATE CASCADE,
  CONSTRAINT `transit_to_warehouse_id_fk` FOREIGN KEY (`to_warehouse_id`) REFERENCES `warehouse` (`id`) ON DELETE CASCADE ON UPDATE CASCADE
) ENGINE=InnoDB AUTO_INCREMENT=2 DEFAULT CHARSET=utf8;
/*!40101 SET character_set_client = @saved_cs_client */;

--
-- Dumping data for table `transit`
--

LOCK TABLES `transit` WRITE;
/*!40000 ALTER TABLE `transit` DISABLE KEYS */;
INSERT INTO `transit` VALUES (1,18,7,' ','2018-12-20 16:14:05',NULL,0);
/*!40000 ALTER TABLE `transit` ENABLE KEYS */;
UNLOCK TABLES;

--
-- Table structure for table `transit_overhead_cost`
--

DROP TABLE IF EXISTS `transit_overhead_cost`;
/*!40101 SET @saved_cs_client     = @@character_set_client */;
/*!40101 SET character_set_client = utf8 */;
CREATE TABLE `transit_overhead_cost` (
  `id` int(11) NOT NULL AUTO_INCREMENT,
  `transit_id` int(11) NOT NULL,
  `overhead_cost_id` int(11) NOT NULL,
  PRIMARY KEY (`id`),
  KEY `transit_overhead_cost_transit_id_fk` (`transit_id`),
  KEY `transit_overhead_cost_overhead_cost_id_fk` (`overhead_cost_id`),
  CONSTRAINT `transit_overhead_cost_overhead_cost_id_fk` FOREIGN KEY (`overhead_cost_id`) REFERENCES `overhead_cost` (`id`) ON DELETE CASCADE ON UPDATE CASCADE,
  CONSTRAINT `transit_overhead_cost_transit_id_fk` FOREIGN KEY (`transit_id`) REFERENCES `transit` (`id`) ON DELETE CASCADE ON UPDATE CASCADE
) ENGINE=InnoDB DEFAULT CHARSET=utf8;
/*!40101 SET character_set_client = @saved_cs_client */;

--
-- Dumping data for table `transit_overhead_cost`
--

LOCK TABLES `transit_overhead_cost` WRITE;
/*!40000 ALTER TABLE `transit_overhead_cost` DISABLE KEYS */;
/*!40000 ALTER TABLE `transit_overhead_cost` ENABLE KEYS */;
UNLOCK TABLES;

--
-- Table structure for table `transit_product`
--

DROP TABLE IF EXISTS `transit_product`;
/*!40101 SET @saved_cs_client     = @@character_set_client */;
/*!40101 SET character_set_client = utf8 */;
CREATE TABLE `transit_product` (
  `id` int(11) NOT NULL AUTO_INCREMENT,
  `product_id` int(11) NOT NULL,
  `transit_id` int(11) NOT NULL,
  `quantity` int(10) NOT NULL,
  `overhead_cost_id` int(11) DEFAULT NULL,
  `pack_unit_id` int(11) DEFAULT NULL,
  PRIMARY KEY (`id`),
  KEY `transit_product_pack_unit_id_fk` (`pack_unit_id`),
  KEY `transit_product_product_id_fk` (`product_id`),
  KEY `transit_product_transit_id_fk` (`transit_id`),
  KEY `transit_product_overhead_cost_id_fk` (`overhead_cost_id`),
  CONSTRAINT `transit_product_overhead_cost_id_fk` FOREIGN KEY (`overhead_cost_id`) REFERENCES `overhead_cost` (`id`) ON DELETE CASCADE ON UPDATE CASCADE,
  CONSTRAINT `transit_product_pack_unit_id_fk` FOREIGN KEY (`pack_unit_id`) REFERENCES `pack_unit` (`id`) ON DELETE CASCADE ON UPDATE CASCADE,
  CONSTRAINT `transit_product_product_id_fk` FOREIGN KEY (`product_id`) REFERENCES `product` (`id`) ON DELETE CASCADE ON UPDATE CASCADE,
  CONSTRAINT `transit_product_transit_id_fk` FOREIGN KEY (`transit_id`) REFERENCES `transit` (`id`) ON DELETE CASCADE ON UPDATE CASCADE
) ENGINE=InnoDB AUTO_INCREMENT=2 DEFAULT CHARSET=utf8;
/*!40101 SET character_set_client = @saved_cs_client */;

--
-- Dumping data for table `transit_product`
--

LOCK TABLES `transit_product` WRITE;
/*!40000 ALTER TABLE `transit_product` DISABLE KEYS */;
INSERT INTO `transit_product` VALUES (1,13,1,4,11,NULL);
/*!40000 ALTER TABLE `transit_product` ENABLE KEYS */;
UNLOCK TABLES;

--
-- Table structure for table `type`
--

DROP TABLE IF EXISTS `type`;
/*!40101 SET @saved_cs_client     = @@character_set_client */;
/*!40101 SET character_set_client = utf8 */;
CREATE TABLE `type` (
  `id` int(11) NOT NULL AUTO_INCREMENT,
  `name` varchar(255) NOT NULL,
  PRIMARY KEY (`id`)
) ENGINE=InnoDB AUTO_INCREMENT=15 DEFAULT CHARSET=utf8;
/*!40101 SET character_set_client = @saved_cs_client */;

--
-- Dumping data for table `type`
--

LOCK TABLES `type` WRITE;
/*!40000 ALTER TABLE `type` DISABLE KEYS */;
INSERT INTO `type` VALUES (5,''),(10,''),(11,''),(12,''),(13,' '),(14,'');
/*!40000 ALTER TABLE `type` ENABLE KEYS */;
UNLOCK TABLES;

--
-- Table structure for table `user`
--

DROP TABLE IF EXISTS `user`;
/*!40101 SET @saved_cs_client     = @@character_set_client */;
/*!40101 SET character_set_client = utf8 */;
CREATE TABLE `user` (
  `id` int(11) NOT NULL AUTO_INCREMENT,
  `username` varchar(100) NOT NULL,
  `password` varchar(255) NOT NULL,
  `email` varchar(100) NOT NULL,
  `role` varchar(255) NOT NULL DEFAULT 'user',
  `auth_key` varchar(255) DEFAULT NULL,
  `access_token` varchar(255) DEFAULT NULL,
  `phone` varchar(255) DEFAULT NULL,
  `parent_id` int(11) DEFAULT NULL,
  PRIMARY KEY (`id`)
) ENGINE=InnoDB AUTO_INCREMENT=24 DEFAULT CHARSET=utf8;
/*!40101 SET character_set_client = @saved_cs_client */;

--
-- Dumping data for table `user`
--

LOCK TABLES `user` WRITE;
/*!40000 ALTER TABLE `user` DISABLE KEYS */;
INSERT INTO `user` VALUES (1,'admin','$2y$13$zXUBw7v81aO6S0NZD0bjZ.wtMh5INGBvtKODpuwW4f8MQL9DeTUTW','admin@admin.admin','user',NULL,NULL,NULL,NULL),(4,'kirill','$2y$13$HOrJAi19qEm7yaelOVsvw.tb7NSZnruC50C09cabJLgXHGkApgW1u','limbo9826@gmail.com','user',NULL,NULL,NULL,NULL),(5,'archie','$2y$13$gYhb25Lo7tj00Ax03/PV9.prTGdykgsZ4qaXNE/6nkVw02FsAVrxW','astronautgeek@gmail.com','user',NULL,NULL,NULL,NULL),(6,'ingello','$2y$13$.GfcJiKrglWdpk0oS2G/2ewlBCjuzWHnb/XC/Lg10UpBNkUULhYze','olijenius@gmail.com','user',NULL,NULL,NULL,NULL),(7,'ingello2','$2y$13$OGCC6UGvUK2AoRaKOGRpJef0NbuWBtr.zMHLeXQIXsZcoXhzVtOVS','business.ingello@gmail.com','user',NULL,NULL,'',1),(8,'Test1','$2y$13$SfFAYsZ.uHjPxOaNpOchreuYyuit7gg.Iln9KduYPyMeNpCtbNRbG','1111@agsdg.com','user',NULL,NULL,'111111',6),(9,'oleg','$2y$13$zXUBw7v81aO6S0NZD0bjZ.wtMh5INGBvtKODpuwW4f8MQL9DeTUTW','levit@i.ua','user',NULL,NULL,'0937130073',NULL),(12,'ingello1','$2y$13$/zUzmvjIVqFhX4rViZRDrOciwo92zuVP4.l3izWSjI5WMBGkp8Erq','ing@gmail.com','user',NULL,NULL,'',1),(16,'tema','$2y$13$cAvQs5KaL6EAWETqeabH9e3WQnkWkAVPLV42BBCS/1/REMRW9XF1e','daivts1488@gmail.com','user',NULL,NULL,'+380-637154401',NULL),(17,'TestGabri','$2y$13$xiMx2bJhNm/nS6X7BH5F0.ea9tJF7laASWzc0dGyxe1xHiYGlXP4e','TestGabriasdasd@asasf.com','user',NULL,NULL,'1241241',NULL),(18,'admin2','$2y$13$c8d6vyPnAriDyDE1ySWa7e09nYVySRelhyU7VBlY4UmvkbCEhPvQO','dasha252342@gmail.com','user',NULL,NULL,'',1),(19,'TestForGabri','$2y$13$WLv4wEcZuQvAeIAEAqgNCu0ouygMxKmqxTnUQ4mdeCChHTvYci9Ly','11111WQ@gmail.com','user',NULL,NULL,'1111',NULL),(20,'NewUser','$2y$13$qMXgiS8rrhC.OZpNJKf4KO2rHQFkQmYuorP2i24jooGe8/6mm6AxO','11111@gmail.com','user',NULL,NULL,'11111',NULL),(21,'NewUserRef','$2y$13$ZcvJ5K/qkOYZe95EuzpbIuGX0P.ejr.mlCi5hf9BiacmzdM1sSs6O','11111@saf.com','user',NULL,NULL,'11111',20),(22,'111111','$2y$13$pb1EQk1LNzMbo4m7vZhRu.DnMvM2gPqJKVzBJy2Ocaf9vY6GaUOJm','ngello@gmail.com','user',NULL,NULL,'111111',NULL),(23,'manager1','$2y$13$aojywk9rO95bSepeLXVnEumnNISHUwRXzsuECcIYJ2caC8FkP0hRm','hh23456789098765433456789987654@gmail.com','user',NULL,NULL,'',9);
/*!40000 ALTER TABLE `user` ENABLE KEYS */;
UNLOCK TABLES;

--
-- Table structure for table `vacancy`
--

DROP TABLE IF EXISTS `vacancy`;
/*!40101 SET @saved_cs_client     = @@character_set_client */;
/*!40101 SET character_set_client = utf8 */;
CREATE TABLE `vacancy` (
  `id` int(11) NOT NULL AUTO_INCREMENT,
  `rate` double DEFAULT NULL,
  `description` text CHARACTER SET utf8,
  `name` varchar(255) CHARACTER SET utf8 DEFAULT NULL,
  PRIMARY KEY (`id`)
) ENGINE=InnoDB AUTO_INCREMENT=84 DEFAULT CHARSET=latin1;
/*!40101 SET character_set_client = @saved_cs_client */;

--
-- Dumping data for table `vacancy`
--

LOCK TABLES `vacancy` WRITE;
/*!40000 ALTER TABLE `vacancy` DISABLE KEYS */;
INSERT INTO `vacancy` VALUES (1,60000,'<p> ?</p>\r\n<p>              .           .</p>\r\n<p> </p>\r\n<p>   ,  ,  </p>\r\n<p>  ?</p>\r\n<p>       </p>',' '),(2,70000,'<p> ?</p>\r\n<p>              .           .</p>\r\n<p> </p>\r\n<p>   ,  ,  </p>\r\n<p>  ?</p>\r\n<p>       </p>',' '),(3,120000,'<p> ?</p>\r\n<p>              .           .</p>\r\n<p> </p>\r\n<p>   ,  ,  </p>\r\n<p>  ?</p>\r\n<p>       </p>',' '),(4,15000,'<p> ?</p>\r\n<p>              .           .</p>\r\n<p> </p>\r\n<p>   ,  ,  </p>\r\n<p>  ?</p>\r\n<p>       </p>','  '),(5,1,'<p></p>',''),(6,2,'<p></p>',''),(7,3,'<p></p>',''),(8,1,'<p></p>',''),(9,2,'<p></p>',''),(10,234,'<p></p>',''),(11,400,'<p>      </p>',''),(24,500,'<p>    </p>',''),(25,300,'<p> ,       </p>',''),(26,150,'<p>    ,    - .</p>',''),(27,800,'<p>   </p>',''),(28,600,'<p>   </p>',''),(29,600,'<p>       C</p>','  C'),(30,300,'<p>    </p>',' '),(31,1000,'<p>    </p>',''),(32,1000,'<p>    </p>',''),(34,300,'<p>   </p>',''),(36,10000,'<p>  .</p><p>   . </p><p>  ...</p>','   10  15  '),(38,300,'<p>300   </p><p>, , , , <span class=\"redactor-invisible-space\">, , <span class=\"redactor-invisible-space\">, , <span class=\"redactor-invisible-space\">, , <span class=\"redactor-invisible-space\">, , <span class=\"redactor-invisible-space\">, , <span class=\"redactor-invisible-space\">, , <span class=\"redactor-invisible-space\">, , <span class=\"redactor-invisible-space\">, , <span class=\"redactor-invisible-space\">, , <span class=\"redactor-invisible-space\">, , <span class=\"redactor-invisible-space\">, , <span class=\"redactor-invisible-space\">, , <span class=\"redactor-invisible-space\">, , <span class=\"redactor-invisible-space\">, , <span class=\"redactor-invisible-space\">, , <span class=\"redactor-invisible-space\">, , <span class=\"redactor-invisible-space\">, , <span class=\"redactor-invisible-space\">, , <span class=\"redactor-invisible-space\">, , <span class=\"redactor-invisible-space\">, , <span class=\"redactor-invisible-space\">, , <span class=\"redactor-invisible-space\">, , <span class=\"redactor-invisible-space\">, , <span class=\"redactor-invisible-space\">, , <span class=\"redactor-invisible-space\">, , <span class=\"redactor-invisible-space\">, , <span class=\"redactor-invisible-space\">, , <span class=\"redactor-invisible-space\">, , <span class=\"redactor-invisible-space\">, , <span class=\"redactor-invisible-space\">, , <span class=\"redactor-invisible-space\">, , <span class=\"redactor-invisible-space\">, , <span class=\"redactor-invisible-space\">, , <span class=\"redactor-invisible-space\">, , <span class=\"redactor-invisible-space\">, , <span class=\"redactor-invisible-space\">, , <span class=\"redactor-invisible-space\">, , <span class=\"redactor-invisible-space\"></span></span></span></span></span></span></span></span></span></span></span></span></span></span></span></span></span></span></span></span></span></span></span></span></span></span></span></span></span></span></span></span></span></span></span></span></span></span></p>',''),(49,NULL,'',''),(50,300,'<p>   </p>',''),(51,1000,'<p>   </p>',''),(52,1000,'<p>   </p>','   '),(53,2000,'<p> </p>',' '),(54,NULL,'',' '),(55,NULL,'',' '),(56,75000,'<h2>  </h2><p><img src=\"https://utmagazine.ru/uploads/content/15639556.jpg\" alt=\"   \" style=\"width: 421px; height: 271px;\" width=\"421\" height=\"271\"></p><p>  <strong></strong>,  <strong></strong> .    . </p><p> <a href=\"https://google.com\" target=\"_blank\"></a> </p>',''),(57,3999,'<h2>  </h2><p><img src=\"https://utmagazine.ru/uploads/content/15639556.jpg\" alt=\"   \" width=\"363\" height=\"258\" style=\"width: 363px; height: 258px;\"></p><p>  <strong></strong>,  <strong></strong> .    .</p><p> <a href=\"https://google.com/\" target=\"_blank\"></a> </p>',' '),(58,39000,'<h2>  </h2><p><img src=\"https://utmagazine.ru/uploads/content/15639556.jpg\" alt=\"   \"></p><p>  <strong></strong>,  <strong></strong> .    .</p><p> <a href=\"https://google.com/\" target=\"_blank\"></a> </p>','  '),(59,4000,'<h2>  </h2><p><img src=\"https://utmagazine.ru/uploads/content/15639556.jpg\" alt=\"   \" width=\"463\" height=\"297\" style=\"width: 463px; height: 297px;\"></p><p>  <strong></strong>,  <strong></strong> .    .</p><p> <a href=\"https://google.com/\" target=\"_blank\"></a> </p>','  '),(60,7000,'<h2>  </h2><p><img src=\"https://utmagazine.ru/uploads/content/15639556.jpg\" alt=\"   \"></p><p>  <strong></strong>,  <strong></strong> .    .</p><p> <a href=\"https://google.com/\" target=\"_blank\"></a> </p>','  '),(61,3000,'<h2>  </h2><p><img src=\"https://utmagazine.ru/uploads/content/15639556.jpg\" alt=\"   \"></p><p>  <strong></strong>,  <strong></strong> .    .</p><p> <a href=\"https://google.com/\" target=\"_blank\"></a> </p>',''),(62,2000,'<p><img src=\"https://utmagazine.ru/uploads/content/15639556.jpg\" alt=\"   \"></p>',''),(63,NULL,'',''),(64,NULL,'',''),(65,NULL,'',''),(66,6000,'<p>:  + . </p><p><strong>  : </strong></p><ul><li> 1</li><li> 2</li><li> 3</li></ul>',''),(68,10000,'',''),(71,13,'<p>1</p>','1'),(73,1,'<p>TestForGabri</p>','TestForGabri1'),(74,1,'<p>  1</p>','  1'),(75,2,'<ol><li>  2<strong>  1   1<span class=\"redactor-invisible-space\"><em></em></span></strong></li></ol>','  2'),(76,123,'<p>  3</p>','  3'),(78,10000,'<p>      3 <br></p>',''),(79,10000,'<p>    </p>',''),(80,10000,'<p> <br></p>',''),(81,10000,'',''),(82,10000,'',''),(83,8000,'<ul><li></li><li></li><li></li><li></li></ul>','');
/*!40000 ALTER TABLE `vacancy` ENABLE KEYS */;
UNLOCK TABLES;

--
-- Table structure for table `warehouse`
--

DROP TABLE IF EXISTS `warehouse`;
/*!40101 SET @saved_cs_client     = @@character_set_client */;
/*!40101 SET character_set_client = utf8 */;
CREATE TABLE `warehouse` (
  `id` int(11) NOT NULL AUTO_INCREMENT,
  `name` varchar(100) NOT NULL,
  `country_id` int(11) DEFAULT NULL,
  `address` varchar(255) DEFAULT NULL,
  PRIMARY KEY (`id`),
  KEY `warehouse-country_id_fk` (`country_id`),
  CONSTRAINT `warehouse-country_id_fk` FOREIGN KEY (`country_id`) REFERENCES `country` (`id`) ON DELETE CASCADE ON UPDATE CASCADE
) ENGINE=InnoDB AUTO_INCREMENT=29 DEFAULT CHARSET=utf8;
/*!40101 SET character_set_client = @saved_cs_client */;

--
-- Dumping data for table `warehouse`
--

LOCK TABLES `warehouse` WRITE;
/*!40000 ALTER TABLE `warehouse` DISABLE KEYS */;
INSERT INTO `warehouse` VALUES (1,'  ',1,''),(6,'***',7,''),(7,' 53',6,'  29'),(8,' ',6,',  95'),(9,'',9,''),(10,' ',8,''),(11,'  ',1,''),(12,'  ',1,''),(13,'',NULL,''),(14,' 5',1,'. ,  , . 6-'),(15,' ',1,' 17'),(18,' 2',1,',  16'),(19,'',1,',  17'),(20,' ',11,' 7'),(21,' ',1,' '),(22,' ',1,',  13'),(23,'  ',1,'  234'),(24,' ',1,''),(25,' ',NULL,''),(26,'',1,''),(27,' ',2,''),(28,'',1,'');
/*!40000 ALTER TABLE `warehouse` ENABLE KEYS */;
UNLOCK TABLES;

--
-- Table structure for table `warehouse_product`
--

DROP TABLE IF EXISTS `warehouse_product`;
/*!40101 SET @saved_cs_client     = @@character_set_client */;
/*!40101 SET character_set_client = utf8 */;
CREATE TABLE `warehouse_product` (
  `id` int(11) NOT NULL AUTO_INCREMENT,
  `product_id` int(11) NOT NULL,
  `warehouse_id` int(11) NOT NULL,
  `quantity` int(10) NOT NULL,
  `purchase_cost` double(10,2) DEFAULT NULL,
  `recommended_cost` double(10,2) DEFAULT NULL,
  `consumer_cost` double(10,2) DEFAULT NULL,
  `trade_cost` double(10,2) DEFAULT NULL,
  `tax` double(10,2) DEFAULT NULL,
  `overhead_cost` double(10,2) DEFAULT NULL,
  `currency_id` int(11) NOT NULL,
  PRIMARY KEY (`id`),
  KEY `warehouse_product_currency_id_fk` (`currency_id`),
  KEY `warehouse_product_product_id_fk` (`product_id`),
  KEY `warehouse_product_warehouse_id_fk` (`warehouse_id`),
  CONSTRAINT `warehouse_product_currency_id_fk` FOREIGN KEY (`currency_id`) REFERENCES `currency` (`id`) ON DELETE CASCADE ON UPDATE CASCADE,
  CONSTRAINT `warehouse_product_product_id_fk` FOREIGN KEY (`product_id`) REFERENCES `product` (`id`) ON DELETE CASCADE ON UPDATE CASCADE,
  CONSTRAINT `warehouse_product_warehouse_id_fk` FOREIGN KEY (`warehouse_id`) REFERENCES `warehouse` (`id`) ON DELETE CASCADE ON UPDATE CASCADE
) ENGINE=InnoDB AUTO_INCREMENT=21 DEFAULT CHARSET=utf8;
/*!40101 SET character_set_client = @saved_cs_client */;

--
-- Dumping data for table `warehouse_product`
--

LOCK TABLES `warehouse_product` WRITE;
/*!40000 ALTER TABLE `warehouse_product` DISABLE KEYS */;
INSERT INTO `warehouse_product` VALUES (1,13,18,-4,1.00,NULL,7.03,6.49,0.03,4.38,1),(2,16,18,200,375.00,NULL,512.01,472.62,18.75,0.10,1),(4,15,7,1,300.00,700.00,700.00,500.00,5.00,NULL,1),(5,20,23,500,1212.00,NULL,1892.60,1747.02,242.40,1.45,2),(6,13,23,500,589.00,NULL,918.89,848.21,117.80,0.04,3),(11,14,1,3,NULL,NULL,NULL,NULL,NULL,NULL,2),(12,15,1,4,NULL,NULL,NULL,NULL,NULL,NULL,2),(13,17,19,2,NULL,NULL,NULL,NULL,NULL,NULL,2),(14,16,22,4,NULL,NULL,NULL,NULL,NULL,NULL,1),(15,15,18,1,NULL,NULL,NULL,NULL,NULL,NULL,1),(16,16,26,5,NULL,NULL,NULL,NULL,NULL,NULL,2),(17,15,21,1,NULL,NULL,NULL,NULL,NULL,NULL,2),(18,17,1,4,NULL,NULL,NULL,NULL,NULL,NULL,1),(19,15,20,1,NULL,NULL,NULL,NULL,NULL,NULL,1),(20,14,8,2000,NULL,NULL,NULL,NULL,NULL,NULL,1);
/*!40000 ALTER TABLE `warehouse_product` ENABLE KEYS */;
UNLOCK TABLES;

--
-- Table structure for table `warehouse_user`
--

DROP TABLE IF EXISTS `warehouse_user`;
/*!40101 SET @saved_cs_client     = @@character_set_client */;
/*!40101 SET character_set_client = utf8 */;
CREATE TABLE `warehouse_user` (
  `id` int(11) NOT NULL AUTO_INCREMENT,
  `warehouse_id` int(11) NOT NULL,
  `user_id` int(11) NOT NULL,
  PRIMARY KEY (`id`),
  KEY `warehouse_user_warehouse_id_fk` (`warehouse_id`),
  KEY `warehouse_customer_user_id_fk` (`user_id`),
  CONSTRAINT `warehouse_customer_user_id_fk` FOREIGN KEY (`user_id`) REFERENCES `user` (`id`) ON DELETE CASCADE ON UPDATE CASCADE,
  CONSTRAINT `warehouse_user_warehouse_id_fk` FOREIGN KEY (`warehouse_id`) REFERENCES `warehouse` (`id`) ON DELETE CASCADE ON UPDATE CASCADE
) ENGINE=InnoDB AUTO_INCREMENT=30 DEFAULT CHARSET=utf8;
/*!40101 SET character_set_client = @saved_cs_client */;

--
-- Dumping data for table `warehouse_user`
--

LOCK TABLES `warehouse_user` WRITE;
/*!40000 ALTER TABLE `warehouse_user` DISABLE KEYS */;
INSERT INTO `warehouse_user` VALUES (1,1,1),(7,7,1),(8,8,1),(9,9,4),(10,10,6),(11,11,6),(12,12,6),(13,13,5),(14,14,5),(15,15,5),(18,18,1),(19,19,1),(20,20,1),(21,21,1),(22,22,1),(23,23,1),(24,24,9),(25,25,9),(26,26,1),(27,21,1),(28,27,16),(29,28,1);
/*!40000 ALTER TABLE `warehouse_user` ENABLE KEYS */;
UNLOCK TABLES;

--
-- Table structure for table `worker`
--

DROP TABLE IF EXISTS `worker`;
/*!40101 SET @saved_cs_client     = @@character_set_client */;
/*!40101 SET character_set_client = utf8 */;
CREATE TABLE `worker` (
  `id` int(11) NOT NULL AUTO_INCREMENT,
  `status` tinyint(1) DEFAULT NULL,
  `name` varchar(255) CHARACTER SET utf8 DEFAULT NULL,
  `surname` varchar(255) CHARACTER SET utf8 DEFAULT NULL,
  `patronymic` varchar(255) CHARACTER SET utf8 DEFAULT NULL,
  `date_birth` date DEFAULT NULL,
  `gender` tinyint(1) DEFAULT NULL,
  `passport` varchar(255) CHARACTER SET utf8 DEFAULT NULL,
  `apply_position` varchar(255) CHARACTER SET utf8 DEFAULT NULL,
  `experience` int(11) DEFAULT NULL,
  `experience_description` text CHARACTER SET utf8,
  `collaborated` tinyint(1) DEFAULT NULL,
  PRIMARY KEY (`id`)
) ENGINE=InnoDB AUTO_INCREMENT=117 DEFAULT CHARSET=latin1;
/*!40101 SET character_set_client = @saved_cs_client */;

--
-- Dumping data for table `worker`
--

LOCK TABLES `worker` WRITE;
/*!40000 ALTER TABLE `worker` DISABLE KEYS */;
INSERT INTO `worker` VALUES (1,1,'','','','2018-12-12',0,'123456789','   ',17,'<p>   1</p><p>   2</p><p>   3</p>',1),(2,1,'','','','2018-12-12',1,'123456789','   ',13,'<p>   1</p>\r\n<p>   2</p>\r\n<p>   3</p>',NULL),(3,1,'','','','2018-12-12',1,'123456789','   ',13,'<p>   1</p><p>   2</p><p>   3</p>',0),(4,1,'','','','2018-12-12',1,'123456789','   ',13,'<p>   1</p>\r\n<p>   2</p>\r\n<p>   3</p>',NULL),(5,1,'','','','2018-12-12',1,'123456789','   ',13,'<p>   1</p>\r\n<p>   2</p>\r\n<p>   3</p>',NULL),(6,1,'','','','2018-12-12',1,'123456789','   ',13,'<p>   1</p>\r\n<p>   2</p>\r\n<p>   3</p>',NULL),(7,1,'','','','2018-12-12',1,'123456789','   ',13,'<p>   1</p>\r\n<p>   2</p>\r\n<p>   3</p>',NULL),(8,1,'','','','2018-12-12',1,'123456789','   ',13,'<p>   1</p>\r\n<p>   2</p>\r\n<p>   3</p>',NULL),(10,0,'','','','1985-03-14',0,'1M274','',1,'<p>   </p>',NULL),(11,0,'','','','1995-06-12',1,'RT34422',' ',5,'<p>  </p>',NULL),(12,0,'','','','2018-12-13',0,'T7303','',9,'<p> </p>',NULL),(13,0,'','','','9111-05-01',0,'','',1,'',NULL),(14,0,'','','','0124-03-12',1,'245','',16,'<p>   </p>',1),(16,1,'','','','0222-02-22',1,'','',NULL,'',1),(17,1,'','','','0222-02-22',1,'23356','',4,'<p>asfsf</p>',1),(18,1,'','','','0222-02-22',1,'','',NULL,'',NULL),(19,1,'','','','0222-02-22',1,'','',NULL,'',1),(20,0,'','',' ','0222-02-22',0,'','',NULL,'',NULL),(21,1,'','','','0222-02-22',0,'','',NULL,'',1),(22,0,'','','','0222-02-22',0,'','',NULL,'',NULL),(23,0,'','',' ',NULL,0,'','',NULL,'<p>- </p>',NULL),(24,1,'','',' ','0222-02-22',0,'','',NULL,'<p></p>',NULL),(25,1,'','','','0222-02-22',1,'','',NULL,'',NULL),(27,0,'','','',NULL,0,'','',NULL,'',NULL),(28,0,'','','',NULL,0,'','',NULL,'',NULL),(29,0,'','','',NULL,NULL,'','',NULL,'',0),(30,0,'','','','2018-12-19',0,'2546464542','',8,'<p><strong> </strong></p><p><em> </em><em></em><br></p><h1> <br></h1>',NULL),(31,1,'','','','2018-12-12',1,'123456789','   ',13,'<p>   1</p><p>   2</p><p>   3</p>',NULL),(32,0,'2','2','2','1993-02-05',0,' 5451','',16,'<p>   </p>',NULL),(43,1,'','','','2018-12-13',0,'','',NULL,'',1),(44,1,' 2','','',NULL,NULL,'','',NULL,'',1),(45,0,'','','','0222-02-22',1,'','',NULL,'',NULL),(46,0,'','','','0222-02-22',1,'','',NULL,'',NULL),(47,0,'2','','',NULL,NULL,'','',NULL,'',0),(48,0,'','3','',NULL,NULL,'','',NULL,'',1),(49,1,'','3','',NULL,NULL,'','',NULL,'',1),(50,1,'','','',NULL,0,'','',NULL,'',1),(51,0,'','','',NULL,NULL,'','',NULL,'',0),(52,0,'','','',NULL,NULL,'','',NULL,'',0),(53,0,'','','',NULL,NULL,'','',NULL,'',0),(54,0,'','','',NULL,NULL,'','',NULL,'',0),(55,0,'','','',NULL,NULL,'','',NULL,'',0),(56,1,'','','','2018-12-27',0,'1221231346','       ',11,'<p><strong></strong></p><p> <a href=\"/images/5c250989877f5.pdf\">5c250989877f5.pdf</a><br></p><p><strong></strong></p><p><img src=\"http://dl4.joxi.net/drive/2018/12/27/0017/0368/1134960/60/776f98abfd.jpg\"><br></p><p><strong></strong></p><p><img src=\"http://dl4.joxi.net/drive/2018/12/27/0017/0368/1134960/60/e1a7ec00f6.jpg\"></p><p><br></p><p>     </p><p><br></p>',1),(57,0,'','',' ','2018-12-13',0,'1G32KAS84','',2,'<p> </p>',0),(58,0,'','','','2018-12-27',0,'1221231346','       ',9,'<p><strong></strong></p><p> <a href=\"/images/5c250989877f5.pdf\">5c250989877f5.pdf</a><br></p><p><strong></strong></p><p><img src=\"http://dl4.joxi.net/drive/2018/12/27/0017/0368/1134960/60/776f98abfd.jpg\"><br></p><p><strong></strong></p><p><img src=\"http://dl4.joxi.net/drive/2018/12/27/0017/0368/1134960/60/e1a7ec00f6.jpg\"></p><p><br></p><p>     </p><p><br></p>',0),(59,0,'','','','2018-12-27',0,'1221231346','       ',9,'<p><strong></strong></p><p> <a href=\"/images/5c250989877f5.pdf\">5c250989877f5.pdf</a><br></p><p><strong></strong></p><p><img src=\"http://dl4.joxi.net/drive/2018/12/27/0017/0368/1134960/60/776f98abfd.jpg\"><br></p><p><strong></strong></p><p><img src=\"http://dl4.joxi.net/drive/2018/12/27/0017/0368/1134960/60/e1a7ec00f6.jpg\"></p><p><br></p><p>     </p><p><br></p>',0),(60,0,'','','','2018-12-27',0,'1221231346','       ',9,'<p><strong></strong></p><p> <a href=\"/images/5c250989877f5.pdf\">5c250989877f5.pdf</a><br></p><p><strong></strong></p><p><img src=\"http://dl4.joxi.net/drive/2018/12/27/0017/0368/1134960/60/776f98abfd.jpg\"><br></p><p><strong></strong></p><p><img src=\"http://dl4.joxi.net/drive/2018/12/27/0017/0368/1134960/60/e1a7ec00f6.jpg\"></p><p><br></p><p>     </p><p><br></p>',0),(61,0,'','','','2018-12-27',0,'1221231346','       ',9,'<p><strong></strong></p><p> <a href=\"/images/5c250989877f5.pdf\">5c250989877f5.pdf</a><br></p><p><strong></strong></p><p><img src=\"http://dl4.joxi.net/drive/2018/12/27/0017/0368/1134960/60/776f98abfd.jpg\"><br></p><p><strong></strong></p><p><img src=\"http://dl4.joxi.net/drive/2018/12/27/0017/0368/1134960/60/e1a7ec00f6.jpg\"></p><p><br></p><p>     </p><p><br></p>',0),(62,0,'','','','2018-12-27',0,'1221231346','       ',9,'<p><strong></strong></p><p> <a href=\"/images/5c250989877f5.pdf\">5c250989877f5.pdf</a><br></p><p><strong></strong></p><p><img src=\"http://dl4.joxi.net/drive/2018/12/27/0017/0368/1134960/60/776f98abfd.jpg\"><br></p><p><strong></strong></p><p><img src=\"http://dl4.joxi.net/drive/2018/12/27/0017/0368/1134960/60/e1a7ec00f6.jpg\"></p><p><br></p><p>     </p><p><br></p>',0),(63,0,'','','','2018-12-27',0,'1221231346','       ',9,'<p><strong></strong></p><p> <a href=\"/images/5c250989877f5.pdf\">5c250989877f5.pdf</a><br></p><p><strong></strong></p><p><img src=\"http://dl4.joxi.net/drive/2018/12/27/0017/0368/1134960/60/776f98abfd.jpg\"><br></p><p><strong></strong></p><p><img src=\"http://dl4.joxi.net/drive/2018/12/27/0017/0368/1134960/60/e1a7ec00f6.jpg\"></p><p><br></p><p>     </p><p><br></p>',0),(64,0,'','','','2018-12-27',0,'1221231346','       ',9,'<p><strong></strong></p><p> <a href=\"/images/5c250989877f5.pdf\">5c250989877f5.pdf</a><br></p><p><strong></strong></p><p><img src=\"http://dl4.joxi.net/drive/2018/12/27/0017/0368/1134960/60/776f98abfd.jpg\"><br></p><p><strong></strong></p><p><img src=\"http://dl4.joxi.net/drive/2018/12/27/0017/0368/1134960/60/e1a7ec00f6.jpg\"></p><p><br></p><p>     </p><p><br></p>',0),(65,0,'','','','2018-12-27',0,'1221231346','       ',9,'<p><strong></strong></p><p> <a href=\"/images/5c250989877f5.pdf\">5c250989877f5.pdf</a><br></p><p><strong></strong></p><p><img src=\"http://dl4.joxi.net/drive/2018/12/27/0017/0368/1134960/60/776f98abfd.jpg\"><br></p><p><strong></strong></p><p><img src=\"http://dl4.joxi.net/drive/2018/12/27/0017/0368/1134960/60/e1a7ec00f6.jpg\"></p><p><br></p><p>     </p><p><br></p>',0),(66,0,'','','','2018-12-27',0,'1221231346','       ',9,'<p><strong></strong></p><p> <a href=\"/images/5c250989877f5.pdf\">5c250989877f5.pdf</a><br></p><p><strong></strong></p><p><img src=\"http://dl4.joxi.net/drive/2018/12/27/0017/0368/1134960/60/776f98abfd.jpg\"><br></p><p><strong></strong></p><p><img src=\"http://dl4.joxi.net/drive/2018/12/27/0017/0368/1134960/60/e1a7ec00f6.jpg\"></p><p><br></p><p>     </p><p><br></p>',0),(67,0,'','','','2018-12-27',0,'1221231346','       ',9,'<p><strong></strong></p><p> <a href=\"/images/5c250989877f5.pdf\">5c250989877f5.pdf</a><br></p><p><strong></strong></p><p><img src=\"http://dl4.joxi.net/drive/2018/12/27/0017/0368/1134960/60/776f98abfd.jpg\"><br></p><p><strong></strong></p><p><img src=\"http://dl4.joxi.net/drive/2018/12/27/0017/0368/1134960/60/e1a7ec00f6.jpg\"></p><p><br></p><p>     </p><p><br></p>',0),(68,0,'','','','2018-12-27',0,'1221231346','       ',9,'<p><strong></strong></p><p> <a href=\"/images/5c250989877f5.pdf\">5c250989877f5.pdf</a><br></p><p><strong></strong></p><p><img src=\"http://dl4.joxi.net/drive/2018/12/27/0017/0368/1134960/60/776f98abfd.jpg\"><br></p><p><strong></strong></p><p><img src=\"http://dl4.joxi.net/drive/2018/12/27/0017/0368/1134960/60/e1a7ec00f6.jpg\"></p><p><br></p><p>     </p><p><br></p>',0),(69,0,'','','','2018-12-27',0,'1221231346','       ',9,'<p><strong></strong></p><p> <a href=\"/images/5c250989877f5.pdf\">5c250989877f5.pdf</a><br></p><p><strong></strong></p><p><img src=\"http://dl4.joxi.net/drive/2018/12/27/0017/0368/1134960/60/776f98abfd.jpg\"><br></p><p><strong></strong></p><p><img src=\"http://dl4.joxi.net/drive/2018/12/27/0017/0368/1134960/60/e1a7ec00f6.jpg\"></p><p><br></p><p>     </p><p><br></p>',0),(70,0,'','','','2018-12-27',0,'1221231346','       ',9,'<p><strong></strong></p><p> <a href=\"/images/5c250989877f5.pdf\">5c250989877f5.pdf</a><br></p><p><strong></strong></p><p><img src=\"http://dl4.joxi.net/drive/2018/12/27/0017/0368/1134960/60/776f98abfd.jpg\"><br></p><p><strong></strong></p><p><img src=\"http://dl4.joxi.net/drive/2018/12/27/0017/0368/1134960/60/e1a7ec00f6.jpg\"></p><p><br></p><p>     </p><p><br></p>',0),(71,0,'','','','2018-12-27',0,'1221231346','       ',9,'<p><strong></strong></p><p> <a href=\"/images/5c250989877f5.pdf\">5c250989877f5.pdf</a><br></p><p><strong></strong></p><p><img src=\"http://dl4.joxi.net/drive/2018/12/27/0017/0368/1134960/60/776f98abfd.jpg\"><br></p><p><strong></strong></p><p><img src=\"http://dl4.joxi.net/drive/2018/12/27/0017/0368/1134960/60/e1a7ec00f6.jpg\"></p><p><br></p><p>     </p><p><br></p>',0),(72,0,'','','','2005-02-22',1,'13214125126','',4,'<p><img src=\"https://encrypted-tbn0.gstatic.com/images?q=tbn:ANd9GcQsdYEBb3uN3pFa-KqKH73BdjTf0-1TPTaYFyIZNXWdTntg9nKL\" alt=\" \"></p><p><strong>    </strong></p>',NULL),(73,1,'','','','2018-12-13',0,'23432432','',NULL,'',NULL),(74,0,'','','',NULL,NULL,'','',NULL,'',0),(76,0,'','','',NULL,NULL,'','',NULL,'',0),(77,0,'','','',NULL,NULL,'','',NULL,'<p><strong>gfclmknk\r\n</strong></p><p><img src=\"https://st2.depositphotos.com/2001755/5408/i/450/depositphotos_54081723-stock-photo-beautiful-nature-landscape.jpg\" alt=\"   \" width=\"422\" height=\"422\" style=\"width: 422px; height: 422px;\">\r\n</p><hr><p><img src=\"/images/5c262fdccea3b.jpeg\">\r\n</p>',0),(79,0,'','','',NULL,NULL,'','',NULL,'',0),(80,0,'','','',NULL,NULL,'','',NULL,'',0),(81,0,'','2','',NULL,NULL,'','',NULL,'',0),(82,0,'1','1','','2019-01-08',0,'','',NULL,'<p>dasdad</p>',0),(85,0,'','','',NULL,NULL,'','',NULL,'',0),(86,1,'','','',NULL,NULL,'','',-1,'',1),(87,0,'','','',NULL,NULL,'','',NULL,'',0),(88,0,'','','',NULL,NULL,'','',NULL,'',0),(89,1,'','','',NULL,NULL,'','',NULL,'',1),(90,0,'','','',NULL,NULL,'','',NULL,'',0),(91,0,'','','',NULL,NULL,'','',NULL,'',0),(92,0,'','','','2019-01-09',NULL,'','',1,'',0),(94,0,'1','1','1',NULL,NULL,'','',NULL,'<p>1</p>',0),(96,1,' ','','',NULL,0,'','',5,'<p>  </p>',1),(97,0,'TestForGabri','TestForGabri','TestForGabri',NULL,0,'','',NULL,'',0),(98,1,'  1','  1 ','  1','2019-01-19',1,'2141','  1',4,'<p>  1 </p>',1),(99,0,'  2','  2','  2','2019-01-19',1,'1234','  2',1,'<p>  2</p>',0),(100,1,'  3','  3','  3','2019-01-30',1,'214124','  3',3,'  3<p><img src=\"/images/5c4328708ff46.png\"></p>',1),(102,1,' ','','',NULL,0,'','',20,'',1),(103,1,' ','','',NULL,0,'','',15,'',0),(104,1,' ','','',NULL,NULL,'','',10,'',0),(105,1,'','','',NULL,NULL,'','',7,'<p>  <br></p>',0),(106,1,'','','',NULL,0,'','',NULL,'',0),(107,1,' ','','',NULL,0,'','',NULL,'',0),(108,1,'','','',NULL,0,'','',NULL,'',0),(109,1,'','','','1984-01-08',0,'','',NULL,'',0),(110,1,'','','',NULL,NULL,'','',NULL,'',0),(111,1,' ','','',NULL,0,'','',NULL,'',0),(112,1,'','','','1983-01-06',NULL,'','',NULL,'<p></p>',0),(113,0,'','','','2019-02-06',0,'123','',5,'<p><img src=\"/images/5c5ad69400420.jpg\"></p><p><br></p>',0),(114,0,'','','','2018-12-12',1,'123456789','   ',3,'<p>   1</p><p>   2</p><p>   3</p>',NULL),(115,0,'','','','2018-12-12',1,'123456789','   ',3,'<p>   1</p><p>   2</p><p>   3</p>',NULL),(116,1,'','','','2018-12-12',0,'123456789','   ',17,'<p>   1</p><p>   2</p><p>   3</p>',NULL);
/*!40000 ALTER TABLE `worker` ENABLE KEYS */;
UNLOCK TABLES;

--
-- Table structure for table `worker_vacancy`
--

DROP TABLE IF EXISTS `worker_vacancy`;
/*!40101 SET @saved_cs_client     = @@character_set_client */;
/*!40101 SET character_set_client = utf8 */;
CREATE TABLE `worker_vacancy` (
  `id` int(11) NOT NULL AUTO_INCREMENT,
  `worker_id` int(11) DEFAULT NULL,
  `vacancy_id` int(11) DEFAULT NULL,
  PRIMARY KEY (`id`),
  KEY `idx-worker_vacancy-worker_id` (`worker_id`),
  KEY `idx-worker_vacancy-vacancy_id` (`vacancy_id`),
  CONSTRAINT `fk-worker_vacancy-vacancy_id` FOREIGN KEY (`vacancy_id`) REFERENCES `vacancy` (`id`) ON DELETE CASCADE,
  CONSTRAINT `fk-worker_vacancy-worker_id` FOREIGN KEY (`worker_id`) REFERENCES `worker` (`id`) ON DELETE CASCADE
) ENGINE=InnoDB AUTO_INCREMENT=178 DEFAULT CHARSET=latin1;
/*!40101 SET character_set_client = @saved_cs_client */;

--
-- Dumping data for table `worker_vacancy`
--

LOCK TABLES `worker_vacancy` WRITE;
/*!40000 ALTER TABLE `worker_vacancy` DISABLE KEYS */;
INSERT INTO `worker_vacancy` VALUES (11,23,27),(12,23,28),(50,45,11),(51,45,31),(52,46,11),(53,47,24),(54,47,27),(55,47,28),(56,48,11),(57,48,24),(58,48,25),(68,29,11),(74,72,11),(75,72,24),(76,73,25),(77,73,27),(78,77,24),(79,77,27),(80,77,28),(81,17,11),(82,17,26),(83,17,28),(84,56,11),(85,56,24),(86,56,25),(88,80,1),(90,82,5),(91,82,6),(92,82,7),(93,82,9),(101,92,3),(102,92,4),(109,94,71),(111,3,1),(112,3,2),(113,3,3),(123,97,73),(125,99,75),(126,100,76),(128,98,74),(132,86,2),(142,104,80),(144,105,79),(145,106,81),(146,96,66),(147,107,82),(150,109,68),(151,110,79),(152,108,82),(155,112,78),(156,103,78),(157,102,78),(158,111,79),(161,113,1),(162,113,2),(163,113,4),(164,1,1),(165,1,2),(166,1,3),(167,114,1),(168,114,2),(169,114,3),(170,114,4),(171,115,1),(172,115,2),(173,115,3),(174,115,4),(175,116,1),(176,116,2),(177,116,3);
/*!40000 ALTER TABLE `worker_vacancy` ENABLE KEYS */;
UNLOCK TABLES;
/*!40103 SET TIME_ZONE=@OLD_TIME_ZONE */;

/*!40101 SET SQL_MODE=@OLD_SQL_MODE */;
/*!40014 SET FOREIGN_KEY_CHECKS=@OLD_FOREIGN_KEY_CHECKS */;
/*!40014 SET UNIQUE_CHECKS=@OLD_UNIQUE_CHECKS */;
/*!40101 SET CHARACTER_SET_CLIENT=@OLD_CHARACTER_SET_CLIENT */;
/*!40101 SET CHARACTER_SET_RESULTS=@OLD_CHARACTER_SET_RESULTS */;
/*!40101 SET COLLATION_CONNECTION=@OLD_COLLATION_CONNECTION */;
/*!40111 SET SQL_NOTES=@OLD_SQL_NOTES */;

-- Dump completed on 2020-03-20 16:45:50





-- ----------

ALTER TABLE customer MODIFY country_id int(11);